Outlet_ID,Maximum_Monthly_Liters
OUT_00001,844.42
OUT_00002,821.16
OUT_00003,853.37
OUT_00004,810.49
OUT_00005,857.05
OUT_00006,782.49
OUT_00007,803.76
OUT_00008,879.04
OUT_00009,787.4
OUT_00010,814.63
OUT_00011,748.45
OUT_00012,784.95
OUT_00013,813.7
OUT_00014,786.16
OUT_00015,841.98
OUT_00016,756.38
OUT_00017,805.94
OUT_00018,847.68
OUT_00019,857.42
OUT_00020,863.35
OUT_00021,781.45
OUT_00022,813.02
OUT_00023,834.58
OUT_00024,794.39
OUT_00025,807.95
OUT_00026,842.37
OUT_00027,837.73
OUT_00028,713.52
OUT_00029,841.9
OUT_00030,788.68
OUT_00031,863.0
OUT_00032,893.32
OUT_00033,780.28
OUT_00034,829.29
OUT_00035,885.13
OUT_00036,853.74
OUT_00037,858.76
OUT_00038,872.36
OUT_00039,807.91
OUT_00040,862.71
OUT_00041,856.48
OUT_00042,870.86
OUT_00043,825.51
OUT_00044,809.79
OUT_00045,854.58
OUT_00046,828.91
OUT_00047,843.17
OUT_00048,812.16
OUT_00049,871.44
OUT_00050,844.47
OUT_00051,845.29
OUT_00052,869.16
OUT_00053,703.36
OUT_00054,850.87
OUT_00055,847.03
OUT_00056,793.52
OUT_00057,844.05
OUT_00058,836.47
OUT_00059,804.33
OUT_00060,864.47
OUT_00061,858.85
OUT_00062,838.06
OUT_00063,830.16
OUT_00064,831.85
OUT_00065,808.33
OUT_00066,871.04
OUT_00067,825.92
OUT_00068,784.92
OUT_00069,874.59
OUT_00070,834.66
OUT_00071,855.74
OUT_00072,847.24
OUT_00073,852.58
OUT_00074,897.02
OUT_00075,807.23
OUT_00076,826.8
OUT_00077,846.98
OUT_00078,813.11
OUT_00079,853.33
OUT_00080,820.44
OUT_00081,850.16
OUT_00082,830.51
OUT_00083,800.36
OUT_00084,779.41
OUT_00085,871.45
OUT_00086,830.74
OUT_00087,884.48
OUT_00088,843.99
OUT_00089,785.38
OUT_00090,779.78
OUT_00091,816.13
OUT_00092,876.41
OUT_00093,881.28
OUT_00094,789.78
OUT_00095,879.37
OUT_00096,873.28
OUT_00097,804.8
OUT_00098,788.95
OUT_00099,822.31
OUT_00100,811.28
OUT_00101,817.19
OUT_00102,829.67
OUT_00103,808.68
OUT_00104,847.4
OUT_00105,853.42
OUT_00106,801.7
OUT_00107,850.11
OUT_00108,831.81
OUT_00109,845.83
OUT_00110,828.69
OUT_00111,878.21
OUT_00112,852.8
OUT_00113,924.07
OUT_00114,805.15
OUT_00115,766.7
OUT_00116,833.82
OUT_00117,844.57
OUT_00118,863.51
OUT_00119,797.12
OUT_00120,851.58
OUT_00121,841.28
OUT_00122,837.34
OUT_00123,828.7
OUT_00124,829.28
OUT_00125,785.45
OUT_00126,788.46
OUT_00127,818.07
OUT_00128,799.2
OUT_00129,822.37
OUT_00130,817.02
OUT_00131,863.39
OUT_00132,793.4
OUT_00133,793.54
OUT_00134,825.17
OUT_00135,827.87
OUT_00136,855.42
OUT_00137,923.4
OUT_00138,778.53
OUT_00139,843.75
OUT_00140,797.49
OUT_00141,868.54
OUT_00142,857.1
OUT_00143,839.39
OUT_00144,860.09
OUT_00145,819.38
OUT_00146,814.06
OUT_00147,835.69
OUT_00148,811.82
OUT_00149,759.2
OUT_00150,808.67
OUT_00151,803.91
OUT_00152,827.02
OUT_00153,834.06
OUT_00154,811.32
OUT_00155,867.77
OUT_00156,826.5
OUT_00157,874.71
OUT_00158,822.64
OUT_00159,774.78
OUT_00160,856.7
OUT_00161,811.11
OUT_00162,779.18
OUT_00163,804.86
OUT_00164,865.69
OUT_00165,835.57
OUT_00166,832.71
OUT_00167,876.39
OUT_00168,865.9
OUT_00169,822.61
OUT_00170,803.88
OUT_00171,799.66
OUT_00172,804.11
OUT_00173,820.79
OUT_00174,803.53
OUT_00175,885.64
OUT_00176,843.96
OUT_00177,769.57
OUT_00178,814.56
OUT_00179,787.44
OUT_00180,823.52
OUT_00181,781.14
OUT_00182,877.88
OUT_00183,844.91
OUT_00184,804.99
OUT_00185,828.49
OUT_00186,887.7
OUT_00187,804.76
OUT_00188,854.35
OUT_00189,852.95
OUT_00190,830.37
OUT_00191,841.22
OUT_00192,846.57
OUT_00193,821.05
OUT_00194,850.0
OUT_00195,828.69
OUT_00196,853.11
OUT_00197,784.7
OUT_00198,868.62
OUT_00199,817.46
OUT_00200,803.43
OUT_00201,727.05
OUT_00202,825.27
OUT_00203,838.93
OUT_00204,782.44
OUT_00205,902.21
OUT_00206,833.87
OUT_00207,853.92
OUT_00208,785.89
OUT_00209,778.72
OUT_00210,811.23
OUT_00211,813.3
OUT_00212,839.09
OUT_00213,830.93
OUT_00214,818.19
OUT_00215,913.55
OUT_00216,847.54
OUT_00217,850.53
OUT_00218,839.39
OUT_00219,816.67
OUT_00220,823.81
OUT_00221,809.56
OUT_00222,851.66
OUT_00223,819.8
OUT_00224,805.81
OUT_00225,845.76
OUT_00226,802.2
OUT_00227,832.84
OUT_00228,798.11
OUT_00229,789.1
OUT_00230,785.41
OUT_00231,820.65
OUT_00232,861.81
OUT_00233,835.96
OUT_00234,857.3
OUT_00235,807.83
OUT_00236,800.12
OUT_00237,836.54
OUT_00238,828.97
OUT_00239,823.54
OUT_00240,791.97
OUT_00241,871.43
OUT_00242,846.22
OUT_00243,808.93
OUT_00244,766.09
OUT_00245,813.36
OUT_00246,840.72
OUT_00247,849.44
OUT_00248,795.26
OUT_00249,840.67
OUT_00250,791.58
OUT_00251,806.03
OUT_00252,817.07
OUT_00253,824.34
OUT_00254,747.95
OUT_00255,874.55
OUT_00256,789.19
OUT_00257,901.64
OUT_00258,923.04
OUT_00259,837.33
OUT_00260,762.97
OUT_00261,812.33
OUT_00262,839.11
OUT_00263,832.25
OUT_00264,861.28
OUT_00265,805.85
OUT_00266,842.1
OUT_00267,882.49
OUT_00268,771.84
OUT_00269,826.19
OUT_00270,801.12
OUT_00271,816.01
OUT_00272,831.0
OUT_00273,816.53
OUT_00274,820.13
OUT_00275,867.53
OUT_00276,784.9
OUT_00277,808.9
OUT_00278,882.47
OUT_00279,837.18
OUT_00280,800.94
OUT_00281,796.46
OUT_00282,780.36
OUT_00283,808.69
OUT_00284,790.15
OUT_00285,782.35
OUT_00286,806.64
OUT_00287,804.26
OUT_00288,856.82
OUT_00289,806.62
OUT_00290,856.07
OUT_00291,823.29
OUT_00292,792.02
OUT_00293,840.86
OUT_00294,802.68
OUT_00295,810.85
OUT_00296,855.08
OUT_00297,878.7
OUT_00298,807.4
OUT_00299,821.32
OUT_00300,791.16
OUT_00301,852.97
OUT_00302,853.66
OUT_00303,900.99
OUT_00304,805.57
OUT_00305,770.95
OUT_00306,824.65
OUT_00307,845.75
OUT_00308,852.88
OUT_00309,855.17
OUT_00310,856.38
OUT_00311,854.02
OUT_00312,792.83
OUT_00313,816.91
OUT_00314,786.91
OUT_00315,814.88
OUT_00316,797.28
OUT_00317,861.57
OUT_00318,859.72
OUT_00319,828.75
OUT_00320,818.34
OUT_00321,761.04
OUT_00322,811.18
OUT_00323,825.15
OUT_00324,800.63
OUT_00325,791.2
OUT_00326,841.14
OUT_00327,811.37
OUT_00328,881.37
OUT_00329,843.01
OUT_00330,861.27
OUT_00331,747.78
OUT_00332,771.57
OUT_00333,796.41
OUT_00334,829.89
OUT_00335,832.78
OUT_00336,854.5
OUT_00337,806.02
OUT_00338,836.92
OUT_00339,893.89
OUT_00340,880.55
OUT_00341,805.12
OUT_00342,814.69
OUT_00343,815.07
OUT_00344,838.66
OUT_00345,793.72
OUT_00346,864.01
OUT_00347,837.54
OUT_00348,864.37
OUT_00349,835.8
OUT_00350,784.2
OUT_00351,917.66
OUT_00352,799.7
OUT_00353,824.47
OUT_00354,855.52
OUT_00355,842.34
OUT_00356,846.48
OUT_00357,807.38
OUT_00358,800.83
OUT_00359,844.75
OUT_00360,781.68
OUT_00361,855.33
OUT_00362,844.94
OUT_00363,885.33
OUT_00364,802.23
OUT_00365,816.78
OUT_00366,839.4
OUT_00367,823.38
OUT_00368,861.33
OUT_00369,867.58
OUT_00370,840.35
OUT_00371,835.5
OUT_00372,822.81
OUT_00373,769.11
OUT_00374,789.81
OUT_00375,801.29
OUT_00376,767.19
OUT_00377,842.14
OUT_00378,858.05
OUT_00379,808.09
OUT_00380,785.69
OUT_00381,854.26
OUT_00382,790.66
OUT_00383,840.51
OUT_00384,856.54
OUT_00385,844.2
OUT_00386,830.66
OUT_00387,844.35
OUT_00388,785.16
OUT_00389,780.24
OUT_00390,787.42
OUT_00391,822.62
OUT_00392,837.68
OUT_00393,845.98
OUT_00394,867.74
OUT_00395,853.17
OUT_00396,828.7
OUT_00397,891.62
OUT_00398,842.86
OUT_00399,809.56
OUT_00400,834.8
OUT_00401,96.26
OUT_00402,799.34
OUT_00403,264.49
OUT_00404,102.76
OUT_00405,289.9
OUT_00406,80.63
OUT_00407,117.46
OUT_00408,96.27
OUT_00409,277.08
OUT_00410,261.19
OUT_00411,87.53
OUT_00412,74.82
OUT_00413,789.99
OUT_00414,91.69
OUT_00415,113.41
OUT_00416,280.62
OUT_00417,801.97
OUT_00418,252.21
OUT_00419,85.83
OUT_00420,92.03
OUT_00421,290.26
OUT_00422,284.0
OUT_00423,807.46
OUT_00424,780.63
OUT_00425,120.87
OUT_00426,258.85
OUT_00427,256.56
OUT_00428,1839.69
OUT_00429,251.02
OUT_00430,125.47
OUT_00431,92.47
OUT_00432,1820.55
OUT_00433,257.25
OUT_00434,1830.79
OUT_00435,270.32
OUT_00436,88.93
OUT_00437,90.57
OUT_00438,263.97
OUT_00439,260.38
OUT_00440,109.24
OUT_00441,125.56
OUT_00442,99.81
OUT_00443,277.11
OUT_00444,269.64
OUT_00445,850.97
OUT_00446,113.19
OUT_00447,92.32
OUT_00448,105.54
OUT_00449,1830.47
OUT_00450,855.96
OUT_00451,66.99
OUT_00452,129.42
OUT_00453,268.82
OUT_00454,260.81
OUT_00455,1816.5
OUT_00456,256.45
OUT_00457,829.53
OUT_00458,83.96
OUT_00459,266.42
OUT_00460,274.42
OUT_00461,84.95
OUT_00462,101.34
OUT_00463,849.08
OUT_00464,95.99
OUT_00465,280.78
OUT_00466,826.63
OUT_00467,85.67
OUT_00468,833.0
OUT_00469,112.91
OUT_00470,112.09
OUT_00471,271.1
OUT_00472,270.45
OUT_00473,99.72
OUT_00474,62.84
OUT_00475,99.17
OUT_00476,264.16
OUT_00477,122.77
OUT_00478,255.09
OUT_00479,94.87
OUT_00480,100.52
OUT_00481,85.55
OUT_00482,273.06
OUT_00483,88.25
OUT_00484,79.24
OUT_00485,283.35
OUT_00486,285.78
OUT_00487,97.65
OUT_00488,103.31
OUT_00489,296.86
OUT_00490,109.3
OUT_00491,89.97
OUT_00492,818.12
OUT_00493,286.47
OUT_00494,104.76
OUT_00495,80.14
OUT_00496,121.58
OUT_00497,253.28
OUT_00498,260.49
OUT_00499,275.41
OUT_00500,94.68
OUT_00501,257.67
OUT_00502,273.72
OUT_00503,818.27
OUT_00504,288.43
OUT_00505,103.16
OUT_00506,1813.93
OUT_00507,1812.69
OUT_00508,283.19
OUT_00509,254.12
OUT_00510,280.34
OUT_00511,277.4
OUT_00512,102.6
OUT_00513,93.62
OUT_00514,76.13
OUT_00515,834.8
OUT_00516,97.03
OUT_00517,261.85
OUT_00518,253.53
OUT_00519,105.91
OUT_00520,77.72
OUT_00521,110.03
OUT_00522,130.02
OUT_00523,92.45
OUT_00524,94.25
OUT_00525,820.11
OUT_00526,269.56
OUT_00527,269.94
OUT_00528,263.92
OUT_00529,295.39
OUT_00530,878.48
OUT_00531,94.29
OUT_00532,89.24
OUT_00533,87.95
OUT_00534,860.79
OUT_00535,74.7
OUT_00536,86.74
OUT_00537,83.06
OUT_00538,109.83
OUT_00539,870.59
OUT_00540,81.81
OUT_00541,290.4
OUT_00542,95.47
OUT_00543,91.63
OUT_00544,76.95
OUT_00545,275.08
OUT_00546,249.3
OUT_00547,96.53
OUT_00548,105.16
OUT_00549,76.94
OUT_00550,269.06
OUT_00551,887.83
OUT_00552,97.5
OUT_00553,285.71
OUT_00554,96.64
OUT_00555,110.13
OUT_00556,281.76
OUT_00557,75.53
OUT_00558,106.34
OUT_00559,162.43
OUT_00560,254.6
OUT_00561,112.8
OUT_00562,117.84
OUT_00563,85.84
OUT_00564,102.99
OUT_00565,289.15
OUT_00566,139.57
OUT_00567,857.77
OUT_00568,1821.62
OUT_00569,85.44
OUT_00570,797.14
OUT_00571,99.56
OUT_00572,72.66
OUT_00573,799.81
OUT_00574,269.74
OUT_00575,89.7
OUT_00576,253.81
OUT_00577,886.12
OUT_00578,104.93
OUT_00579,1875.28
OUT_00580,846.14
OUT_00581,817.34
OUT_00582,255.65
OUT_00583,95.89
OUT_00584,96.54
OUT_00585,259.63
OUT_00586,261.66
OUT_00587,269.86
OUT_00588,71.48
OUT_00589,878.22
OUT_00590,260.56
OUT_00591,784.62
OUT_00592,89.54
OUT_00593,91.03
OUT_00594,259.72
OUT_00595,251.7
OUT_00596,116.95
OUT_00597,118.48
OUT_00598,84.98
OUT_00599,88.95
OUT_00600,823.24
OUT_00601,291.8
OUT_00602,102.4
OUT_00603,868.32
OUT_00604,269.68
OUT_00605,95.26
OUT_00606,839.48
OUT_00607,826.4
OUT_00608,301.84
OUT_00609,258.99
OUT_00610,830.41
OUT_00611,102.97
OUT_00612,120.38
OUT_00613,103.98
OUT_00614,887.56
OUT_00615,83.7
OUT_00616,257.86
OUT_00617,259.37
OUT_00618,261.49
OUT_00619,1793.22
OUT_00620,311.96
OUT_00621,272.54
OUT_00622,99.44
OUT_00623,98.79
OUT_00624,285.65
OUT_00625,253.31
OUT_00626,827.59
OUT_00627,246.39
OUT_00628,131.57
OUT_00629,272.93
OUT_00630,110.81
OUT_00631,102.99
OUT_00632,96.64
OUT_00633,809.8
OUT_00634,290.66
OUT_00635,266.58
OUT_00636,263.89
OUT_00637,293.32
OUT_00638,275.92
OUT_00639,855.1
OUT_00640,252.97
OUT_00641,99.46
OUT_00642,252.4
OUT_00643,240.37
OUT_00644,261.63
OUT_00645,269.86
OUT_00646,86.79
OUT_00647,114.05
OUT_00648,280.16
OUT_00649,874.62
OUT_00650,261.36
OUT_00651,84.35
OUT_00652,253.38
OUT_00653,89.41
OUT_00654,100.19
OUT_00655,88.73
OUT_00656,250.97
OUT_00657,102.58
OUT_00658,324.1
OUT_00659,92.6
OUT_00660,840.48
OUT_00661,249.46
OUT_00662,284.94
OUT_00663,280.02
OUT_00664,94.77
OUT_00665,141.07
OUT_00666,866.6
OUT_00667,254.89
OUT_00668,90.86
OUT_00669,108.58
OUT_00670,242.55
OUT_00671,287.13
OUT_00672,109.22
OUT_00673,272.73
OUT_00674,786.16
OUT_00675,96.04
OUT_00676,106.4
OUT_00677,261.58
OUT_00678,119.64
OUT_00679,141.21
OUT_00680,249.01
OUT_00681,102.92
OUT_00682,94.34
OUT_00683,268.46
OUT_00684,1852.75
OUT_00685,75.36
OUT_00686,859.45
OUT_00687,849.05
OUT_00688,117.89
OUT_00689,1867.8
OUT_00690,85.71
OUT_00691,1851.25
OUT_00692,101.97
OUT_00693,263.88
OUT_00694,905.21
OUT_00695,109.96
OUT_00696,98.62
OUT_00697,269.83
OUT_00698,835.01
OUT_00699,845.99
OUT_00700,80.15
OUT_00701,110.09
OUT_00702,86.5
OUT_00703,253.02
OUT_00704,268.97
OUT_00705,104.26
OUT_00706,253.94
OUT_00707,119.99
OUT_00708,68.36
OUT_00709,81.9
OUT_00710,268.56
OUT_00711,116.47
OUT_00712,852.14
OUT_00713,86.06
OUT_00714,67.52
OUT_00715,270.55
OUT_00716,76.5
OUT_00717,838.9
OUT_00718,115.64
OUT_00719,114.86
OUT_00720,883.07
OUT_00721,90.24
OUT_00722,256.53
OUT_00723,85.96
OUT_00724,103.07
OUT_00725,69.84
OUT_00726,812.9
OUT_00727,300.75
OUT_00728,822.12
OUT_00729,122.82
OUT_00730,246.96
OUT_00731,789.05
OUT_00732,253.1
OUT_00733,247.9
OUT_00734,780.77
OUT_00735,107.96
OUT_00736,793.0
OUT_00737,850.47
OUT_00738,101.66
OUT_00739,125.89
OUT_00740,249.91
OUT_00741,124.94
OUT_00742,1859.77
OUT_00743,120.2
OUT_00744,265.01
OUT_00745,256.14
OUT_00746,791.98
OUT_00747,345.7
OUT_00748,115.96
OUT_00749,265.42
OUT_00750,285.62
OUT_00751,103.43
OUT_00752,97.32
OUT_00753,785.12
OUT_00754,96.06
OUT_00755,803.4
OUT_00756,255.3
OUT_00757,246.22
OUT_00758,91.28
OUT_00759,53.74
OUT_00760,94.34
OUT_00761,257.39
OUT_00762,108.26
OUT_00763,78.75
OUT_00764,283.18
OUT_00765,88.12
OUT_00766,92.38
OUT_00767,269.91
OUT_00768,69.43
OUT_00769,250.84
OUT_00770,69.24
OUT_00771,267.25
OUT_00772,258.49
OUT_00773,855.55
OUT_00774,92.79
OUT_00775,279.8
OUT_00776,86.73
OUT_00777,109.82
OUT_00778,1850.43
OUT_00779,246.32
OUT_00780,90.36
OUT_00781,108.01
OUT_00782,92.18
OUT_00783,78.04
OUT_00784,87.13
OUT_00785,256.39
OUT_00786,146.36
OUT_00787,276.61
OUT_00788,263.13
OUT_00789,809.94
OUT_00790,104.6
OUT_00791,1843.98
OUT_00792,891.39
OUT_00793,271.5
OUT_00794,104.13
OUT_00795,824.1
OUT_00796,91.51
OUT_00797,251.82
OUT_00798,253.49
OUT_00799,805.85
OUT_00800,824.09
OUT_00801,78.1
OUT_00802,99.0
OUT_00803,259.48
OUT_00804,88.69
OUT_00805,94.15
OUT_00806,81.81
OUT_00807,132.32
OUT_00808,247.9
OUT_00809,251.3
OUT_00810,122.43
OUT_00811,101.0
OUT_00812,82.14
OUT_00813,102.17
OUT_00814,95.39
OUT_00815,1792.54
OUT_00816,82.68
OUT_00817,87.87
OUT_00818,89.96
OUT_00819,95.93
OUT_00820,74.91
OUT_00821,140.77
OUT_00822,286.58
OUT_00823,840.82
OUT_00824,85.61
OUT_00825,256.84
OUT_00826,263.77
OUT_00827,104.85
OUT_00828,252.99
OUT_00829,100.33
OUT_00830,108.22
OUT_00831,88.49
OUT_00832,107.88
OUT_00833,277.27
OUT_00834,270.67
OUT_00835,258.66
OUT_00836,261.6
OUT_00837,841.73
OUT_00838,250.62
OUT_00839,81.83
OUT_00840,1801.71
OUT_00841,91.54
OUT_00842,102.77
OUT_00843,279.72
OUT_00844,88.53
OUT_00845,258.9
OUT_00846,70.52
OUT_00847,271.66
OUT_00848,270.26
OUT_00849,266.17
OUT_00850,101.48
OUT_00851,101.32
OUT_00852,281.23
OUT_00853,1827.06
OUT_00854,256.84
OUT_00855,88.92
OUT_00856,1833.82
OUT_00857,825.1
OUT_00858,96.68
OUT_00859,98.84
OUT_00860,71.18
OUT_00861,89.93
OUT_00862,91.74
OUT_00863,120.33
OUT_00864,90.53
OUT_00865,281.62
OUT_00866,254.03
OUT_00867,254.85
OUT_00868,122.51
OUT_00869,119.1
OUT_00870,246.34
OUT_00871,825.45
OUT_00872,95.97
OUT_00873,809.58
OUT_00874,280.36
OUT_00875,101.8
OUT_00876,88.56
OUT_00877,846.99
OUT_00878,258.68
OUT_00879,255.96
OUT_00880,91.23
OUT_00881,828.47
OUT_00882,98.03
OUT_00883,110.14
OUT_00884,282.62
OUT_00885,289.9
OUT_00886,1805.01
OUT_00887,97.71
OUT_00888,75.33
OUT_00889,270.39
OUT_00890,270.07
OUT_00891,322.41
OUT_00892,100.04
OUT_00893,102.65
OUT_00894,104.99
OUT_00895,250.19
OUT_00896,79.07
OUT_00897,266.51
OUT_00898,96.26
OUT_00899,94.23
OUT_00900,89.7
OUT_00901,117.82
OUT_00902,80.81
OUT_00903,839.6
OUT_00904,80.83
OUT_00905,82.32
OUT_00906,821.54
OUT_00907,96.09
OUT_00908,115.82
OUT_00909,98.42
OUT_00910,101.22
OUT_00911,103.63
OUT_00912,785.83
OUT_00913,258.69
OUT_00914,263.73
OUT_00915,64.38
OUT_00916,267.03
OUT_00917,256.38
OUT_00918,820.62
OUT_00919,110.76
OUT_00920,264.31
OUT_00921,260.65
OUT_00922,94.03
OUT_00923,828.93
OUT_00924,279.38
OUT_00925,108.71
OUT_00926,84.24
OUT_00927,104.87
OUT_00928,113.93
OUT_00929,267.73
OUT_00930,272.53
OUT_00931,84.51
OUT_00932,121.03
OUT_00933,830.04
OUT_00934,809.58
OUT_00935,259.55
OUT_00936,107.19
OUT_00937,789.84
OUT_00938,280.21
OUT_00939,100.09
OUT_00940,96.86
OUT_00941,253.84
OUT_00942,260.63
OUT_00943,778.67
OUT_00944,110.79
OUT_00945,273.62
OUT_00946,108.09
OUT_00947,102.85
OUT_00948,103.43
OUT_00949,84.59
OUT_00950,101.06
OUT_00951,252.86
OUT_00952,776.34
OUT_00953,98.31
OUT_00954,786.33
OUT_00955,252.91
OUT_00956,288.22
OUT_00957,68.93
OUT_00958,116.73
OUT_00959,99.5
OUT_00960,782.9
OUT_00961,102.49
OUT_00962,270.47
OUT_00963,240.62
OUT_00964,71.4
OUT_00965,1855.07
OUT_00966,82.29
OUT_00967,111.14
OUT_00968,93.01
OUT_00969,247.93
OUT_00970,104.66
OUT_00971,96.04
OUT_00972,275.49
OUT_00973,805.45
OUT_00974,104.95
OUT_00975,73.05
OUT_00976,259.42
OUT_00977,92.37
OUT_00978,111.45
OUT_00979,108.06
OUT_00980,105.89
OUT_00981,257.31
OUT_00982,120.53
OUT_00983,88.77
OUT_00984,129.26
OUT_00985,284.58
OUT_00986,790.16
OUT_00987,103.04
OUT_00988,257.47
OUT_00989,119.28
OUT_00990,840.9
OUT_00991,115.57
OUT_00992,320.3
OUT_00993,113.66
OUT_00994,859.47
OUT_00995,853.3
OUT_00996,1827.23
OUT_00997,260.16
OUT_00998,251.25
OUT_00999,272.38
OUT_01000,97.9
OUT_01001,91.23
OUT_01002,83.14
OUT_01003,106.57
OUT_01004,91.25
OUT_01005,253.15
OUT_01006,1828.9
OUT_01007,112.63
OUT_01008,258.58
OUT_01009,99.84
OUT_01010,252.62
OUT_01011,257.06
OUT_01012,288.52
OUT_01013,116.64
OUT_01014,255.96
OUT_01015,268.72
OUT_01016,250.7
OUT_01017,104.22
OUT_01018,861.22
OUT_01019,95.04
OUT_01020,97.96
OUT_01021,99.03
OUT_01022,113.43
OUT_01023,745.96
OUT_01024,116.58
OUT_01025,272.59
OUT_01026,258.88
OUT_01027,110.52
OUT_01028,129.93
OUT_01029,88.36
OUT_01030,94.7
OUT_01031,106.97
OUT_01032,1849.56
OUT_01033,131.55
OUT_01034,87.35
OUT_01035,266.15
OUT_01036,843.21
OUT_01037,252.37
OUT_01038,264.54
OUT_01039,267.19
OUT_01040,284.8
OUT_01041,267.44
OUT_01042,125.97
OUT_01043,105.65
OUT_01044,1801.81
OUT_01045,143.25
OUT_01046,76.68
OUT_01047,92.84
OUT_01048,81.4
OUT_01049,280.18
OUT_01050,113.94
OUT_01051,274.73
OUT_01052,73.67
OUT_01053,113.58
OUT_01054,266.36
OUT_01055,99.73
OUT_01056,237.79
OUT_01057,79.01
OUT_01058,253.53
OUT_01059,271.99
OUT_01060,264.77
OUT_01061,1846.62
OUT_01062,110.07
OUT_01063,88.84
OUT_01064,120.07
OUT_01065,98.16
OUT_01066,92.25
OUT_01067,69.27
OUT_01068,101.59
OUT_01069,255.36
OUT_01070,95.69
OUT_01071,99.26
OUT_01072,256.57
OUT_01073,820.4
OUT_01074,256.45
OUT_01075,270.66
OUT_01076,277.5
OUT_01077,85.67
OUT_01078,96.48
OUT_01079,833.37
OUT_01080,270.91
OUT_01081,111.25
OUT_01082,92.34
OUT_01083,63.09
OUT_01084,92.6
OUT_01085,778.8
OUT_01086,251.3
OUT_01087,109.42
OUT_01088,89.54
OUT_01089,87.56
OUT_01090,858.73
OUT_01091,76.53
OUT_01092,103.38
OUT_01093,254.77
OUT_01094,106.36
OUT_01095,107.38
OUT_01096,106.14
OUT_01097,286.37
OUT_01098,84.92
OUT_01099,838.35
OUT_01100,1825.53
OUT_01101,96.1
OUT_01102,254.65
OUT_01103,92.37
OUT_01104,83.34
OUT_01105,811.89
OUT_01106,102.38
OUT_01107,850.02
OUT_01108,1846.97
OUT_01109,275.79
OUT_01110,272.48
OUT_01111,253.97
OUT_01112,81.03
OUT_01113,110.42
OUT_01114,94.11
OUT_01115,240.25
OUT_01116,267.34
OUT_01117,141.43
OUT_01118,93.51
OUT_01119,92.59
OUT_01120,108.88
OUT_01121,286.28
OUT_01122,111.76
OUT_01123,263.7
OUT_01124,1830.37
OUT_01125,121.27
OUT_01126,95.86
OUT_01127,104.91
OUT_01128,113.84
OUT_01129,110.39
OUT_01130,837.36
OUT_01131,93.46
OUT_01132,106.23
OUT_01133,789.49
OUT_01134,822.52
OUT_01135,798.3
OUT_01136,107.05
OUT_01137,252.76
OUT_01138,260.68
OUT_01139,118.13
OUT_01140,79.66
OUT_01141,78.76
OUT_01142,270.82
OUT_01143,63.6
OUT_01144,95.24
OUT_01145,275.87
OUT_01146,1842.09
OUT_01147,82.22
OUT_01148,273.17
OUT_01149,280.89
OUT_01150,72.0
OUT_01151,107.0
OUT_01152,1816.5
OUT_01153,834.38
OUT_01154,87.35
OUT_01155,98.63
OUT_01156,250.31
OUT_01157,267.35
OUT_01158,78.53
OUT_01159,65.58
OUT_01160,75.51
OUT_01161,110.59
OUT_01162,86.97
OUT_01163,80.57
OUT_01164,849.94
OUT_01165,110.86
OUT_01166,251.66
OUT_01167,87.38
OUT_01168,104.64
OUT_01169,94.99
OUT_01170,93.45
OUT_01171,76.52
OUT_01172,75.26
OUT_01173,259.61
OUT_01174,99.96
OUT_01175,803.52
OUT_01176,270.31
OUT_01177,86.77
OUT_01178,849.38
OUT_01179,289.71
OUT_01180,262.47
OUT_01181,104.16
OUT_01182,260.1
OUT_01183,93.17
OUT_01184,111.44
OUT_01185,85.82
OUT_01186,95.51
OUT_01187,107.78
OUT_01188,91.43
OUT_01189,82.99
OUT_01190,101.86
OUT_01191,256.45
OUT_01192,88.3
OUT_01193,65.98
OUT_01194,100.19
OUT_01195,258.76
OUT_01196,59.14
OUT_01197,818.76
OUT_01198,248.96
OUT_01199,82.52
OUT_01200,82.66
OUT_01201,137.49
OUT_01202,116.75
OUT_01203,856.3
OUT_01204,255.6
OUT_01205,83.45
OUT_01206,101.94
OUT_01207,1871.32
OUT_01208,117.47
OUT_01209,97.78
OUT_01210,304.33
OUT_01211,275.41
OUT_01212,1856.79
OUT_01213,80.05
OUT_01214,833.41
OUT_01215,821.72
OUT_01216,98.93
OUT_01217,851.17
OUT_01218,263.31
OUT_01219,85.69
OUT_01220,272.65
OUT_01221,1829.8
OUT_01222,120.79
OUT_01223,252.34
OUT_01224,252.68
OUT_01225,251.97
OUT_01226,93.91
OUT_01227,76.25
OUT_01228,102.18
OUT_01229,103.68
OUT_01230,274.64
OUT_01231,106.61
OUT_01232,85.09
OUT_01233,263.42
OUT_01234,95.62
OUT_01235,288.09
OUT_01236,830.84
OUT_01237,89.98
OUT_01238,255.01
OUT_01239,861.9
OUT_01240,120.67
OUT_01241,1781.34
OUT_01242,121.89
OUT_01243,92.55
OUT_01244,105.0
OUT_01245,109.29
OUT_01246,812.52
OUT_01247,72.04
OUT_01248,75.35
OUT_01249,111.22
OUT_01250,291.69
OUT_01251,97.69
OUT_01252,102.68
OUT_01253,773.3
OUT_01254,97.88
OUT_01255,99.29
OUT_01256,112.77
OUT_01257,106.18
OUT_01258,251.65
OUT_01259,70.97
OUT_01260,100.05
OUT_01261,101.26
OUT_01262,818.2
OUT_01263,814.11
OUT_01264,108.8
OUT_01265,248.18
OUT_01266,260.98
OUT_01267,819.5
OUT_01268,252.34
OUT_01269,95.37
OUT_01270,807.56
OUT_01271,77.75
OUT_01272,267.56
OUT_01273,843.88
OUT_01274,108.46
OUT_01275,87.09
OUT_01276,102.72
OUT_01277,116.97
OUT_01278,81.08
OUT_01279,256.26
OUT_01280,115.52
OUT_01281,275.91
OUT_01282,83.86
OUT_01283,89.37
OUT_01284,255.62
OUT_01285,121.22
OUT_01286,89.04
OUT_01287,759.55
OUT_01288,802.53
OUT_01289,94.05
OUT_01290,289.27
OUT_01291,841.87
OUT_01292,836.59
OUT_01293,266.32
OUT_01294,113.34
OUT_01295,292.89
OUT_01296,124.77
OUT_01297,116.29
OUT_01298,254.84
OUT_01299,1829.73
OUT_01300,278.21
OUT_01301,94.09
OUT_01302,81.51
OUT_01303,97.79
OUT_01304,828.29
OUT_01305,95.32
OUT_01306,268.31
OUT_01307,275.96
OUT_01308,69.13
OUT_01309,134.33
OUT_01310,90.32
OUT_01311,119.97
OUT_01312,102.06
OUT_01313,97.16
OUT_01314,276.16
OUT_01315,92.09
OUT_01316,1860.97
OUT_01317,100.9
OUT_01318,91.53
OUT_01319,93.1
OUT_01320,90.2
OUT_01321,94.19
OUT_01322,92.55
OUT_01323,353.95
OUT_01324,82.69
OUT_01325,279.89
OUT_01326,95.21
OUT_01327,95.9
OUT_01328,93.51
OUT_01329,104.11
OUT_01330,85.28
OUT_01331,859.46
OUT_01332,279.68
OUT_01333,97.18
OUT_01334,247.73
OUT_01335,79.33
OUT_01336,107.47
OUT_01337,129.2
OUT_01338,800.74
OUT_01339,106.2
OUT_01340,81.22
OUT_01341,112.38
OUT_01342,280.37
OUT_01343,85.35
OUT_01344,99.13
OUT_01345,63.58
OUT_01346,267.05
OUT_01347,247.96
OUT_01348,277.57
OUT_01349,115.54
OUT_01350,253.11
OUT_01351,123.03
OUT_01352,854.82
OUT_01353,97.61
OUT_01354,63.49
OUT_01355,796.68
OUT_01356,269.17
OUT_01357,90.2
OUT_01358,255.04
OUT_01359,99.07
OUT_01360,265.98
OUT_01361,106.05
OUT_01362,1772.94
OUT_01363,91.67
OUT_01364,235.85
OUT_01365,89.28
OUT_01366,255.44
OUT_01367,274.18
OUT_01368,93.84
OUT_01369,847.11
OUT_01370,82.73
OUT_01371,87.43
OUT_01372,257.98
OUT_01373,282.0
OUT_01374,298.45
OUT_01375,862.89
OUT_01376,1871.87
OUT_01377,267.46
OUT_01378,109.14
OUT_01379,107.32
OUT_01380,261.91
OUT_01381,98.04
OUT_01382,826.13
OUT_01383,251.11
OUT_01384,105.66
OUT_01385,250.55
OUT_01386,261.29
OUT_01387,87.32
OUT_01388,105.04
OUT_01389,845.31
OUT_01390,132.32
OUT_01391,886.26
OUT_01392,117.04
OUT_01393,106.48
OUT_01394,99.86
OUT_01395,262.18
OUT_01396,848.42
OUT_01397,71.48
OUT_01398,118.31
OUT_01399,99.84
OUT_01400,845.46
OUT_01401,274.3
OUT_01402,104.0
OUT_01403,265.05
OUT_01404,99.52
OUT_01405,71.97
OUT_01406,78.26
OUT_01407,72.66
OUT_01408,254.88
OUT_01409,784.61
OUT_01410,867.39
OUT_01411,778.03
OUT_01412,256.73
OUT_01413,261.29
OUT_01414,92.43
OUT_01415,93.44
OUT_01416,107.48
OUT_01417,286.65
OUT_01418,259.93
OUT_01419,254.38
OUT_01420,801.79
OUT_01421,78.68
OUT_01422,106.59
OUT_01423,79.17
OUT_01424,89.89
OUT_01425,274.82
OUT_01426,91.06
OUT_01427,95.79
OUT_01428,249.22
OUT_01429,76.84
OUT_01430,134.06
OUT_01431,88.12
OUT_01432,95.66
OUT_01433,77.38
OUT_01434,97.07
OUT_01435,83.13
OUT_01436,265.96
OUT_01437,783.94
OUT_01438,95.76
OUT_01439,259.88
OUT_01440,1860.61
OUT_01441,257.66
OUT_01442,281.93
OUT_01443,93.22
OUT_01444,250.13
OUT_01445,257.52
OUT_01446,97.94
OUT_01447,792.55
OUT_01448,254.63
OUT_01449,262.83
OUT_01450,99.0
OUT_01451,268.96
OUT_01452,94.91
OUT_01453,840.51
OUT_01454,85.74
OUT_01455,103.28
OUT_01456,93.03
OUT_01457,92.32
OUT_01458,285.89
OUT_01459,92.46
OUT_01460,255.63
OUT_01461,780.52
OUT_01462,83.73
OUT_01463,71.7
OUT_01464,102.42
OUT_01465,123.45
OUT_01466,106.95
OUT_01467,155.88
OUT_01468,80.12
OUT_01469,82.55
OUT_01470,250.43
OUT_01471,1864.57
OUT_01472,1822.98
OUT_01473,808.76
OUT_01474,103.51
OUT_01475,82.03
OUT_01476,258.96
OUT_01477,107.99
OUT_01478,93.02
OUT_01479,115.12
OUT_01480,89.55
OUT_01481,783.53
OUT_01482,92.36
OUT_01483,268.18
OUT_01484,113.13
OUT_01485,838.39
OUT_01486,76.27
OUT_01487,119.92
OUT_01488,86.76
OUT_01489,105.6
OUT_01490,247.63
OUT_01491,109.37
OUT_01492,120.77
OUT_01493,79.2
OUT_01494,77.11
OUT_01495,249.83
OUT_01496,104.11
OUT_01497,280.42
OUT_01498,251.59
OUT_01499,242.69
OUT_01500,833.61
OUT_01501,98.77
OUT_01502,259.13
OUT_01503,851.69
OUT_01504,261.24
OUT_01505,1833.16
OUT_01506,875.39
OUT_01507,856.87
OUT_01508,89.76
OUT_01509,101.14
OUT_01510,269.82
OUT_01511,80.38
OUT_01512,93.35
OUT_01513,74.29
OUT_01514,1803.17
OUT_01515,91.34
OUT_01516,130.86
OUT_01517,102.0
OUT_01518,255.95
OUT_01519,129.37
OUT_01520,878.58
OUT_01521,268.43
OUT_01522,96.83
OUT_01523,257.68
OUT_01524,269.08
OUT_01525,88.2
OUT_01526,261.99
OUT_01527,889.72
OUT_01528,1783.51
OUT_01529,113.05
OUT_01530,113.27
OUT_01531,90.54
OUT_01532,835.51
OUT_01533,127.02
OUT_01534,109.83
OUT_01535,73.13
OUT_01536,108.51
OUT_01537,94.18
OUT_01538,111.01
OUT_01539,96.22
OUT_01540,856.89
OUT_01541,101.67
OUT_01542,92.31
OUT_01543,122.21
OUT_01544,116.63
OUT_01545,284.33
OUT_01546,265.85
OUT_01547,309.53
OUT_01548,91.07
OUT_01549,273.06
OUT_01550,287.69
OUT_01551,84.84
OUT_01552,261.49
OUT_01553,250.42
OUT_01554,1808.64
OUT_01555,131.53
OUT_01556,123.5
OUT_01557,1830.07
OUT_01558,115.47
OUT_01559,867.71
OUT_01560,866.5
OUT_01561,89.34
OUT_01562,79.19
OUT_01563,260.3
OUT_01564,113.18
OUT_01565,269.36
OUT_01566,91.76
OUT_01567,1832.82
OUT_01568,82.17
OUT_01569,144.46
OUT_01570,846.03
OUT_01571,100.96
OUT_01572,294.07
OUT_01573,102.6
OUT_01574,107.71
OUT_01575,97.58
OUT_01576,91.4
OUT_01577,253.52
OUT_01578,263.48
OUT_01579,87.19
OUT_01580,115.2
OUT_01581,249.03
OUT_01582,810.35
OUT_01583,252.24
OUT_01584,97.51
OUT_01585,87.38
OUT_01586,108.02
OUT_01587,89.87
OUT_01588,257.81
OUT_01589,271.27
OUT_01590,100.05
OUT_01591,103.05
OUT_01592,98.47
OUT_01593,849.62
OUT_01594,276.92
OUT_01595,1884.53
OUT_01596,265.37
OUT_01597,89.99
OUT_01598,279.01
OUT_01599,94.39
OUT_01600,103.74
OUT_01601,98.02
OUT_01602,269.06
OUT_01603,101.17
OUT_01604,122.13
OUT_01605,843.69
OUT_01606,79.3
OUT_01607,94.52
OUT_01608,100.63
OUT_01609,258.99
OUT_01610,273.99
OUT_01611,82.97
OUT_01612,88.3
OUT_01613,84.19
OUT_01614,73.0
OUT_01615,78.24
OUT_01616,96.49
OUT_01617,105.13
OUT_01618,123.97
OUT_01619,292.42
OUT_01620,278.1
OUT_01621,801.77
OUT_01622,71.73
OUT_01623,87.21
OUT_01624,1849.81
OUT_01625,106.04
OUT_01626,90.85
OUT_01627,129.07
OUT_01628,74.59
OUT_01629,786.66
OUT_01630,132.46
OUT_01631,98.24
OUT_01632,93.11
OUT_01633,103.9
OUT_01634,838.61
OUT_01635,268.44
OUT_01636,279.08
OUT_01637,79.76
OUT_01638,263.09
OUT_01639,801.99
OUT_01640,1826.02
OUT_01641,1876.73
OUT_01642,96.29
OUT_01643,110.31
OUT_01644,104.21
OUT_01645,121.19
OUT_01646,89.6
OUT_01647,106.09
OUT_01648,104.67
OUT_01649,72.35
OUT_01650,1826.99
OUT_01651,122.61
OUT_01652,90.37
OUT_01653,250.66
OUT_01654,812.15
OUT_01655,74.64
OUT_01656,830.8
OUT_01657,107.16
OUT_01658,133.76
OUT_01659,82.21
OUT_01660,255.81
OUT_01661,255.95
OUT_01662,261.78
OUT_01663,90.69
OUT_01664,62.01
OUT_01665,1855.19
OUT_01666,828.8
OUT_01667,255.32
OUT_01668,111.77
OUT_01669,91.43
OUT_01670,89.3
OUT_01671,110.72
OUT_01672,255.97
OUT_01673,95.05
OUT_01674,86.1
OUT_01675,224.08
OUT_01676,289.35
OUT_01677,85.94
OUT_01678,87.38
OUT_01679,817.83
OUT_01680,101.59
OUT_01681,85.55
OUT_01682,93.95
OUT_01683,129.94
OUT_01684,90.93
OUT_01685,96.86
OUT_01686,257.95
OUT_01687,106.05
OUT_01688,261.99
OUT_01689,101.3
OUT_01690,92.26
OUT_01691,1775.66
OUT_01692,274.69
OUT_01693,107.61
OUT_01694,831.46
OUT_01695,265.04
OUT_01696,97.53
OUT_01697,78.03
OUT_01698,98.6
OUT_01699,71.89
OUT_01700,94.26
OUT_01701,255.25
OUT_01702,72.4
OUT_01703,120.05
OUT_01704,279.87
OUT_01705,826.77
OUT_01706,111.03
OUT_01707,100.39
OUT_01708,264.72
OUT_01709,99.96
OUT_01710,274.22
OUT_01711,113.57
OUT_01712,1849.1
OUT_01713,79.17
OUT_01714,98.96
OUT_01715,286.87
OUT_01716,1834.86
OUT_01717,94.35
OUT_01718,273.24
OUT_01719,83.58
OUT_01720,112.11
OUT_01721,91.57
OUT_01722,104.42
OUT_01723,269.03
OUT_01724,86.26
OUT_01725,1850.0
OUT_01726,93.88
OUT_01727,114.98
OUT_01728,87.69
OUT_01729,108.73
OUT_01730,274.34
OUT_01731,286.42
OUT_01732,270.31
OUT_01733,101.96
OUT_01734,257.31
OUT_01735,864.54
OUT_01736,1822.29
OUT_01737,844.15
OUT_01738,256.9
OUT_01739,258.54
OUT_01740,789.36
OUT_01741,286.62
OUT_01742,257.5
OUT_01743,64.56
OUT_01744,102.16
OUT_01745,75.07
OUT_01746,263.84
OUT_01747,92.04
OUT_01748,153.25
OUT_01749,870.45
OUT_01750,70.22
OUT_01751,107.34
OUT_01752,100.04
OUT_01753,95.46
OUT_01754,275.11
OUT_01755,301.15
OUT_01756,273.99
OUT_01757,864.84
OUT_01758,872.46
OUT_01759,110.82
OUT_01760,1822.47
OUT_01761,98.24
OUT_01762,97.0
OUT_01763,264.6
OUT_01764,100.01
OUT_01765,90.2
OUT_01766,789.82
OUT_01767,856.05
OUT_01768,273.9
OUT_01769,100.18
OUT_01770,288.25
OUT_01771,112.88
OUT_01772,256.22
OUT_01773,107.02
OUT_01774,315.36
OUT_01775,786.39
OUT_01776,96.7
OUT_01777,108.86
OUT_01778,262.97
OUT_01779,93.42
OUT_01780,267.43
OUT_01781,91.33
OUT_01782,1873.65
OUT_01783,103.13
OUT_01784,130.03
OUT_01785,856.67
OUT_01786,94.48
OUT_01787,112.99
OUT_01788,261.77
OUT_01789,92.41
OUT_01790,96.76
OUT_01791,84.98
OUT_01792,115.3
OUT_01793,89.78
OUT_01794,261.24
OUT_01795,255.04
OUT_01796,76.64
OUT_01797,65.55
OUT_01798,279.53
OUT_01799,106.87
OUT_01800,263.54
OUT_01801,866.76
OUT_01802,846.53
OUT_01803,863.17
OUT_01804,288.17
OUT_01805,256.38
OUT_01806,863.54
OUT_01807,92.07
OUT_01808,261.04
OUT_01809,263.88
OUT_01810,110.37
OUT_01811,95.53
OUT_01812,72.71
OUT_01813,263.17
OUT_01814,258.63
OUT_01815,87.78
OUT_01816,115.29
OUT_01817,114.7
OUT_01818,115.08
OUT_01819,111.72
OUT_01820,264.84
OUT_01821,1839.0
OUT_01822,97.78
OUT_01823,100.01
OUT_01824,95.35
OUT_01825,897.86
OUT_01826,909.98
OUT_01827,871.52
OUT_01828,255.09
OUT_01829,86.66
OUT_01830,86.25
OUT_01831,77.21
OUT_01832,87.66
OUT_01833,101.08
OUT_01834,857.76
OUT_01835,793.13
OUT_01836,75.0
OUT_01837,92.9
OUT_01838,270.2
OUT_01839,262.05
OUT_01840,82.51
OUT_01841,1814.25
OUT_01842,273.42
OUT_01843,97.08
OUT_01844,826.95
OUT_01845,109.04
OUT_01846,93.75
OUT_01847,836.55
OUT_01848,254.72
OUT_01849,113.3
OUT_01850,265.29
OUT_01851,842.61
OUT_01852,856.12
OUT_01853,268.61
OUT_01854,855.23
OUT_01855,90.73
OUT_01856,266.44
OUT_01857,94.86
OUT_01858,93.04
OUT_01859,111.65
OUT_01860,276.35
OUT_01861,268.54
OUT_01862,119.82
OUT_01863,255.38
OUT_01864,253.46
OUT_01865,108.6
OUT_01866,97.2
OUT_01867,79.48
OUT_01868,235.93
OUT_01869,1858.36
OUT_01870,115.35
OUT_01871,104.4
OUT_01872,249.27
OUT_01873,283.04
OUT_01874,93.16
OUT_01875,251.78
OUT_01876,266.99
OUT_01877,831.4
OUT_01878,804.02
OUT_01879,1843.92
OUT_01880,278.64
OUT_01881,107.52
OUT_01882,120.64
OUT_01883,87.09
OUT_01884,104.8
OUT_01885,277.93
OUT_01886,84.66
OUT_01887,867.09
OUT_01888,73.92
OUT_01889,248.47
OUT_01890,88.33
OUT_01891,855.61
OUT_01892,254.98
OUT_01893,114.09
OUT_01894,269.07
OUT_01895,102.4
OUT_01896,119.52
OUT_01897,853.81
OUT_01898,268.65
OUT_01899,879.79
OUT_01900,83.13
OUT_01901,1821.94
OUT_01902,108.79
OUT_01903,1873.8
OUT_01904,95.98
OUT_01905,106.57
OUT_01906,1829.31
OUT_01907,833.38
OUT_01908,796.92
OUT_01909,117.75
OUT_01910,96.5
OUT_01911,273.62
OUT_01912,102.64
OUT_01913,265.17
OUT_01914,150.4
OUT_01915,88.24
OUT_01916,91.34
OUT_01917,266.95
OUT_01918,114.97
OUT_01919,102.27
OUT_01920,95.02
OUT_01921,110.87
OUT_01922,109.48
OUT_01923,81.53
OUT_01924,99.16
OUT_01925,827.45
OUT_01926,819.32
OUT_01927,271.28
OUT_01928,857.11
OUT_01929,269.09
OUT_01930,99.16
OUT_01931,87.97
OUT_01932,254.88
OUT_01933,61.77
OUT_01934,96.81
OUT_01935,73.77
OUT_01936,107.02
OUT_01937,1870.43
OUT_01938,260.88
OUT_01939,273.68
OUT_01940,98.06
OUT_01941,268.15
OUT_01942,66.22
OUT_01943,91.94
OUT_01944,1852.47
OUT_01945,77.32
OUT_01946,266.89
OUT_01947,65.61
OUT_01948,290.89
OUT_01949,87.16
OUT_01950,94.01
OUT_01951,803.7
OUT_01952,82.63
OUT_01953,812.17
OUT_01954,259.26
OUT_01955,841.72
OUT_01956,94.45
OUT_01957,78.85
OUT_01958,255.5
OUT_01959,111.43
OUT_01960,100.55
OUT_01961,797.47
OUT_01962,79.45
OUT_01963,825.95
OUT_01964,92.87
OUT_01965,254.53
OUT_01966,91.72
OUT_01967,827.9
OUT_01968,253.84
OUT_01969,86.3
OUT_01970,1781.77
OUT_01971,315.36
OUT_01972,84.39
OUT_01973,125.91
OUT_01974,94.2
OUT_01975,289.53
OUT_01976,287.83
OUT_01977,120.42
OUT_01978,81.75
OUT_01979,316.54
OUT_01980,247.54
OUT_01981,250.01
OUT_01982,847.87
OUT_01983,289.14
OUT_01984,786.26
OUT_01985,850.79
OUT_01986,100.99
OUT_01987,89.87
OUT_01988,247.57
OUT_01989,283.59
OUT_01990,98.44
OUT_01991,817.01
OUT_01992,250.07
OUT_01993,99.2
OUT_01994,273.92
OUT_01995,97.44
OUT_01996,793.12
OUT_01997,819.6
OUT_01998,114.99
OUT_01999,847.82
OUT_02000,238.6
OUT_02001,115.15
OUT_02002,160.56
OUT_02003,94.75
OUT_02004,78.13
OUT_02005,263.01
OUT_02006,275.65
OUT_02007,288.11
OUT_02008,255.74
OUT_02009,269.43
OUT_02010,90.1
OUT_02011,121.43
OUT_02012,263.53
OUT_02013,116.16
OUT_02014,816.66
OUT_02015,98.42
OUT_02016,796.53
OUT_02017,834.81
OUT_02018,259.9
OUT_02019,74.34
OUT_02020,90.77
OUT_02021,136.5
OUT_02022,1833.24
OUT_02023,117.72
OUT_02024,278.1
OUT_02025,1846.39
OUT_02026,290.16
OUT_02027,271.61
OUT_02028,273.48
OUT_02029,287.58
OUT_02030,271.33
OUT_02031,52.43
OUT_02032,278.68
OUT_02033,94.22
OUT_02034,1839.65
OUT_02035,83.01
OUT_02036,92.07
OUT_02037,95.3
OUT_02038,108.51
OUT_02039,81.47
OUT_02040,235.08
OUT_02041,103.01
OUT_02042,83.96
OUT_02043,229.06
OUT_02044,796.17
OUT_02045,287.0
OUT_02046,116.11
OUT_02047,818.97
OUT_02048,119.04
OUT_02049,82.81
OUT_02050,79.19
OUT_02051,261.43
OUT_02052,104.3
OUT_02053,95.57
OUT_02054,807.93
OUT_02055,291.31
OUT_02056,1846.87
OUT_02057,265.79
OUT_02058,814.09
OUT_02059,235.45
OUT_02060,117.68
OUT_02061,66.88
OUT_02062,91.31
OUT_02063,68.7
OUT_02064,116.04
OUT_02065,97.38
OUT_02066,863.12
OUT_02067,90.04
OUT_02068,822.0
OUT_02069,105.5
OUT_02070,79.93
OUT_02071,114.09
OUT_02072,888.15
OUT_02073,1841.31
OUT_02074,56.6
OUT_02075,85.09
OUT_02076,82.3
OUT_02077,72.13
OUT_02078,1857.7
OUT_02079,262.23
OUT_02080,69.65
OUT_02081,94.16
OUT_02082,131.23
OUT_02083,1837.65
OUT_02084,253.16
OUT_02085,831.1
OUT_02086,280.83
OUT_02087,278.52
OUT_02088,818.86
OUT_02089,107.17
OUT_02090,113.44
OUT_02091,109.71
OUT_02092,271.37
OUT_02093,87.84
OUT_02094,766.65
OUT_02095,253.95
OUT_02096,1811.61
OUT_02097,800.13
OUT_02098,232.49
OUT_02099,273.23
OUT_02100,69.4
OUT_02101,149.35
OUT_02102,97.02
OUT_02103,264.45
OUT_02104,357.95
OUT_02105,92.74
OUT_02106,106.62
OUT_02107,84.86
OUT_02108,89.1
OUT_02109,124.17
OUT_02110,87.05
OUT_02111,142.85
OUT_02112,72.55
OUT_02113,274.26
OUT_02114,282.3
OUT_02115,101.8
OUT_02116,58.93
OUT_02117,84.53
OUT_02118,265.07
OUT_02119,269.99
OUT_02120,100.19
OUT_02121,810.41
OUT_02122,81.55
OUT_02123,261.09
OUT_02124,318.01
OUT_02125,96.27
OUT_02126,110.97
OUT_02127,83.89
OUT_02128,815.14
OUT_02129,112.8
OUT_02130,93.56
OUT_02131,787.25
OUT_02132,266.91
OUT_02133,812.71
OUT_02134,256.4
OUT_02135,271.43
OUT_02136,815.21
OUT_02137,290.83
OUT_02138,852.91
OUT_02139,856.17
OUT_02140,135.67
OUT_02141,283.8
OUT_02142,104.58
OUT_02143,260.23
OUT_02144,93.62
OUT_02145,99.28
OUT_02146,820.51
OUT_02147,305.25
OUT_02148,265.74
OUT_02149,95.14
OUT_02150,110.21
OUT_02151,265.24
OUT_02152,1772.8
OUT_02153,106.02
OUT_02154,107.2
OUT_02155,252.23
OUT_02156,89.33
OUT_02157,260.61
OUT_02158,96.87
OUT_02159,71.11
OUT_02160,102.11
OUT_02161,111.59
OUT_02162,255.24
OUT_02163,112.43
OUT_02164,284.47
OUT_02165,102.7
OUT_02166,91.27
OUT_02167,97.62
OUT_02168,101.68
OUT_02169,78.23
OUT_02170,95.08
OUT_02171,86.81
OUT_02172,267.11
OUT_02173,61.39
OUT_02174,91.06
OUT_02175,118.31
OUT_02176,1847.1
OUT_02177,264.14
OUT_02178,96.52
OUT_02179,265.16
OUT_02180,1849.07
OUT_02181,819.26
OUT_02182,96.03
OUT_02183,252.74
OUT_02184,264.83
OUT_02185,279.4
OUT_02186,97.41
OUT_02187,268.1
OUT_02188,96.04
OUT_02189,93.04
OUT_02190,1837.57
OUT_02191,271.83
OUT_02192,259.27
OUT_02193,287.5
OUT_02194,111.44
OUT_02195,89.36
OUT_02196,254.21
OUT_02197,91.84
OUT_02198,82.84
OUT_02199,106.45
OUT_02200,269.42
OUT_02201,838.18
OUT_02202,92.16
OUT_02203,805.43
OUT_02204,297.57
OUT_02205,850.75
OUT_02206,107.12
OUT_02207,821.58
OUT_02208,111.65
OUT_02209,123.27
OUT_02210,113.09
OUT_02211,98.13
OUT_02212,290.69
OUT_02213,77.41
OUT_02214,88.18
OUT_02215,266.07
OUT_02216,269.22
OUT_02217,811.2
OUT_02218,275.08
OUT_02219,251.49
OUT_02220,94.47
OUT_02221,142.07
OUT_02222,88.19
OUT_02223,267.51
OUT_02224,271.3
OUT_02225,99.07
OUT_02226,272.25
OUT_02227,112.66
OUT_02228,249.24
OUT_02229,267.67
OUT_02230,255.82
OUT_02231,93.57
OUT_02232,85.43
OUT_02233,101.29
OUT_02234,261.94
OUT_02235,53.31
OUT_02236,1823.05
OUT_02237,117.49
OUT_02238,846.47
OUT_02239,77.34
OUT_02240,99.01
OUT_02241,101.3
OUT_02242,810.06
OUT_02243,840.27
OUT_02244,247.65
OUT_02245,91.49
OUT_02246,880.41
OUT_02247,107.25
OUT_02248,305.14
OUT_02249,252.22
OUT_02250,98.55
OUT_02251,70.56
OUT_02252,101.08
OUT_02253,282.32
OUT_02254,252.31
OUT_02255,281.44
OUT_02256,86.89
OUT_02257,285.59
OUT_02258,79.66
OUT_02259,86.92
OUT_02260,98.77
OUT_02261,103.96
OUT_02262,115.43
OUT_02263,255.41
OUT_02264,97.37
OUT_02265,132.75
OUT_02266,100.9
OUT_02267,803.64
OUT_02268,102.84
OUT_02269,257.27
OUT_02270,111.64
OUT_02271,119.77
OUT_02272,283.73
OUT_02273,280.99
OUT_02274,99.54
OUT_02275,284.04
OUT_02276,68.56
OUT_02277,254.48
OUT_02278,71.59
OUT_02279,781.55
OUT_02280,267.69
OUT_02281,61.42
OUT_02282,75.68
OUT_02283,114.79
OUT_02284,256.86
OUT_02285,100.71
OUT_02286,769.68
OUT_02287,259.2
OUT_02288,281.62
OUT_02289,95.76
OUT_02290,97.72
OUT_02291,148.22
OUT_02292,111.54
OUT_02293,104.45
OUT_02294,124.47
OUT_02295,270.18
OUT_02296,250.7
OUT_02297,100.02
OUT_02298,850.92
OUT_02299,95.01
OUT_02300,73.64
OUT_02301,817.7
OUT_02302,61.67
OUT_02303,797.51
OUT_02304,271.23
OUT_02305,262.39
OUT_02306,145.74
OUT_02307,87.36
OUT_02308,838.87
OUT_02309,81.58
OUT_02310,798.58
OUT_02311,277.61
OUT_02312,256.17
OUT_02313,271.27
OUT_02314,272.54
OUT_02315,106.91
OUT_02316,88.49
OUT_02317,76.02
OUT_02318,258.71
OUT_02319,78.39
OUT_02320,238.07
OUT_02321,116.76
OUT_02322,1857.02
OUT_02323,99.08
OUT_02324,287.12
OUT_02325,105.48
OUT_02326,96.93
OUT_02327,73.22
OUT_02328,100.61
OUT_02329,111.52
OUT_02330,109.82
OUT_02331,133.32
OUT_02332,251.91
OUT_02333,98.08
OUT_02334,845.13
OUT_02335,102.69
OUT_02336,101.31
OUT_02337,112.0
OUT_02338,78.46
OUT_02339,120.68
OUT_02340,106.49
OUT_02341,271.39
OUT_02342,110.97
OUT_02343,253.08
OUT_02344,792.28
OUT_02345,103.26
OUT_02346,854.13
OUT_02347,299.51
OUT_02348,86.37
OUT_02349,267.53
OUT_02350,287.76
OUT_02351,1838.1
OUT_02352,254.92
OUT_02353,283.83
OUT_02354,278.63
OUT_02355,260.11
OUT_02356,68.04
OUT_02357,78.78
OUT_02358,791.44
OUT_02359,119.22
OUT_02360,85.38
OUT_02361,262.92
OUT_02362,102.43
OUT_02363,110.92
OUT_02364,284.21
OUT_02365,303.85
OUT_02366,111.37
OUT_02367,104.03
OUT_02368,95.96
OUT_02369,795.08
OUT_02370,96.47
OUT_02371,1822.92
OUT_02372,113.01
OUT_02373,1852.5
OUT_02374,255.87
OUT_02375,231.44
OUT_02376,95.27
OUT_02377,105.7
OUT_02378,89.43
OUT_02379,260.45
OUT_02380,97.85
OUT_02381,85.28
OUT_02382,116.2
OUT_02383,1822.68
OUT_02384,279.86
OUT_02385,834.31
OUT_02386,772.67
OUT_02387,793.15
OUT_02388,113.28
OUT_02389,124.55
OUT_02390,251.2
OUT_02391,283.66
OUT_02392,157.93
OUT_02393,95.29
OUT_02394,286.82
OUT_02395,90.27
OUT_02396,254.24
OUT_02397,109.86
OUT_02398,106.77
OUT_02399,808.35
OUT_02400,108.18
OUT_02401,1871.12
OUT_02402,101.15
OUT_02403,95.29
OUT_02404,851.19
OUT_02405,859.73
OUT_02406,80.84
OUT_02407,241.52
OUT_02408,275.35
OUT_02409,263.66
OUT_02410,108.12
OUT_02411,96.58
OUT_02412,102.19
OUT_02413,65.75
OUT_02414,119.3
OUT_02415,878.85
OUT_02416,842.97
OUT_02417,129.03
OUT_02418,800.72
OUT_02419,264.44
OUT_02420,94.75
OUT_02421,87.86
OUT_02422,1839.22
OUT_02423,249.7
OUT_02424,83.58
OUT_02425,256.6
OUT_02426,71.37
OUT_02427,273.73
OUT_02428,277.29
OUT_02429,95.66
OUT_02430,237.63
OUT_02431,1837.29
OUT_02432,100.73
OUT_02433,69.28
OUT_02434,97.95
OUT_02435,115.16
OUT_02436,823.71
OUT_02437,1842.24
OUT_02438,112.65
OUT_02439,271.11
OUT_02440,104.98
OUT_02441,73.43
OUT_02442,258.41
OUT_02443,80.43
OUT_02444,837.87
OUT_02445,267.92
OUT_02446,252.62
OUT_02447,89.57
OUT_02448,102.48
OUT_02449,92.57
OUT_02450,81.78
OUT_02451,286.75
OUT_02452,775.51
OUT_02453,105.31
OUT_02454,279.19
OUT_02455,116.62
OUT_02456,98.59
OUT_02457,285.7
OUT_02458,855.23
OUT_02459,1859.72
OUT_02460,287.68
OUT_02461,126.54
OUT_02462,93.33
OUT_02463,99.56
OUT_02464,128.32
OUT_02465,106.45
OUT_02466,93.65
OUT_02467,105.73
OUT_02468,98.3
OUT_02469,263.59
OUT_02470,270.87
OUT_02471,1836.32
OUT_02472,260.25
OUT_02473,111.03
OUT_02474,134.47
OUT_02475,1845.08
OUT_02476,87.4
OUT_02477,122.9
OUT_02478,76.71
OUT_02479,839.47
OUT_02480,86.37
OUT_02481,99.08
OUT_02482,858.77
OUT_02483,137.17
OUT_02484,270.49
OUT_02485,89.39
OUT_02486,257.23
OUT_02487,82.92
OUT_02488,101.98
OUT_02489,101.45
OUT_02490,257.49
OUT_02491,104.71
OUT_02492,253.01
OUT_02493,114.77
OUT_02494,280.78
OUT_02495,88.26
OUT_02496,250.69
OUT_02497,95.41
OUT_02498,833.91
OUT_02499,87.44
OUT_02500,261.37
OUT_02501,806.82
OUT_02502,265.54
OUT_02503,80.2
OUT_02504,80.99
OUT_02505,114.11
OUT_02506,89.44
OUT_02507,73.99
OUT_02508,130.51
OUT_02509,258.92
OUT_02510,256.34
OUT_02511,249.95
OUT_02512,251.43
OUT_02513,111.73
OUT_02514,781.19
OUT_02515,811.85
OUT_02516,814.71
OUT_02517,304.72
OUT_02518,61.25
OUT_02519,106.9
OUT_02520,275.35
OUT_02521,84.68
OUT_02522,265.17
OUT_02523,260.03
OUT_02524,902.69
OUT_02525,818.69
OUT_02526,120.46
OUT_02527,258.64
OUT_02528,267.75
OUT_02529,89.83
OUT_02530,251.87
OUT_02531,285.81
OUT_02532,94.56
OUT_02533,96.31
OUT_02534,256.12
OUT_02535,114.72
OUT_02536,98.64
OUT_02537,124.31
OUT_02538,781.76
OUT_02539,69.14
OUT_02540,103.23
OUT_02541,805.66
OUT_02542,86.1
OUT_02543,267.64
OUT_02544,262.37
OUT_02545,273.79
OUT_02546,93.67
OUT_02547,119.67
OUT_02548,265.64
OUT_02549,266.26
OUT_02550,111.79
OUT_02551,61.54
OUT_02552,814.59
OUT_02553,83.37
OUT_02554,90.56
OUT_02555,263.49
OUT_02556,87.52
OUT_02557,93.62
OUT_02558,98.16
OUT_02559,108.98
OUT_02560,87.69
OUT_02561,94.63
OUT_02562,81.11
OUT_02563,258.23
OUT_02564,104.53
OUT_02565,258.59
OUT_02566,283.06
OUT_02567,72.51
OUT_02568,261.06
OUT_02569,94.65
OUT_02570,263.69
OUT_02571,254.31
OUT_02572,94.31
OUT_02573,137.77
OUT_02574,274.01
OUT_02575,119.57
OUT_02576,1839.8
OUT_02577,120.94
OUT_02578,801.06
OUT_02579,240.35
OUT_02580,87.63
OUT_02581,274.79
OUT_02582,1815.38
OUT_02583,105.54
OUT_02584,125.71
OUT_02585,66.5
OUT_02586,1814.81
OUT_02587,104.31
OUT_02588,85.01
OUT_02589,91.87
OUT_02590,268.29
OUT_02591,824.96
OUT_02592,259.45
OUT_02593,827.31
OUT_02594,79.44
OUT_02595,85.52
OUT_02596,893.17
OUT_02597,827.01
OUT_02598,789.52
OUT_02599,1848.4
OUT_02600,274.32
OUT_02601,266.87
OUT_02602,100.93
OUT_02603,836.79
OUT_02604,100.12
OUT_02605,257.05
OUT_02606,780.7
OUT_02607,110.01
OUT_02608,256.85
OUT_02609,89.8
OUT_02610,283.33
OUT_02611,278.31
OUT_02612,255.55
OUT_02613,249.51
OUT_02614,84.02
OUT_02615,806.95
OUT_02616,797.89
OUT_02617,1898.08
OUT_02618,88.61
OUT_02619,254.33
OUT_02620,85.05
OUT_02621,268.7
OUT_02622,77.63
OUT_02623,83.2
OUT_02624,93.73
OUT_02625,258.62
OUT_02626,764.62
OUT_02627,93.04
OUT_02628,266.66
OUT_02629,49.54
OUT_02630,86.84
OUT_02631,120.29
OUT_02632,267.37
OUT_02633,87.45
OUT_02634,102.63
OUT_02635,117.26
OUT_02636,1809.9
OUT_02637,95.57
OUT_02638,264.72
OUT_02639,78.11
OUT_02640,280.46
OUT_02641,830.59
OUT_02642,108.34
OUT_02643,857.33
OUT_02644,284.24
OUT_02645,82.75
OUT_02646,114.78
OUT_02647,833.95
OUT_02648,113.43
OUT_02649,96.11
OUT_02650,269.6
OUT_02651,250.26
OUT_02652,109.6
OUT_02653,91.68
OUT_02654,867.78
OUT_02655,131.99
OUT_02656,91.38
OUT_02657,101.12
OUT_02658,104.45
OUT_02659,96.43
OUT_02660,85.67
OUT_02661,257.47
OUT_02662,78.4
OUT_02663,280.05
OUT_02664,866.63
OUT_02665,820.0
OUT_02666,283.69
OUT_02667,106.84
OUT_02668,826.18
OUT_02669,93.31
OUT_02670,107.13
OUT_02671,113.55
OUT_02672,86.19
OUT_02673,93.36
OUT_02674,70.84
OUT_02675,82.12
OUT_02676,262.09
OUT_02677,98.04
OUT_02678,89.18
OUT_02679,82.42
OUT_02680,93.01
OUT_02681,105.33
OUT_02682,106.48
OUT_02683,93.32
OUT_02684,766.16
OUT_02685,95.08
OUT_02686,259.67
OUT_02687,101.08
OUT_02688,287.57
OUT_02689,85.26
OUT_02690,247.25
OUT_02691,808.85
OUT_02692,259.35
OUT_02693,90.01
OUT_02694,82.48
OUT_02695,95.74
OUT_02696,251.62
OUT_02697,267.26
OUT_02698,268.51
OUT_02699,266.36
OUT_02700,94.38
OUT_02701,797.5
OUT_02702,128.84
OUT_02703,271.86
OUT_02704,106.68
OUT_02705,99.84
OUT_02706,94.21
OUT_02707,82.04
OUT_02708,111.87
OUT_02709,90.5
OUT_02710,278.85
OUT_02711,94.83
OUT_02712,121.47
OUT_02713,119.99
OUT_02714,247.6
OUT_02715,105.18
OUT_02716,80.53
OUT_02717,816.63
OUT_02718,87.84
OUT_02719,91.33
OUT_02720,102.58
OUT_02721,1801.62
OUT_02722,264.67
OUT_02723,98.14
OUT_02724,78.98
OUT_02725,106.81
OUT_02726,116.56
OUT_02727,83.59
OUT_02728,808.87
OUT_02729,92.06
OUT_02730,113.8
OUT_02731,281.4
OUT_02732,90.12
OUT_02733,90.52
OUT_02734,796.58
OUT_02735,74.71
OUT_02736,275.86
OUT_02737,287.34
OUT_02738,83.49
OUT_02739,254.49
OUT_02740,262.27
OUT_02741,109.43
OUT_02742,77.8
OUT_02743,90.96
OUT_02744,266.63
OUT_02745,90.92
OUT_02746,289.86
OUT_02747,112.63
OUT_02748,102.94
OUT_02749,93.12
OUT_02750,94.8
OUT_02751,814.54
OUT_02752,91.26
OUT_02753,282.06
OUT_02754,85.08
OUT_02755,1785.84
OUT_02756,92.0
OUT_02757,105.67
OUT_02758,1859.72
OUT_02759,96.81
OUT_02760,819.88
OUT_02761,85.02
OUT_02762,73.19
OUT_02763,102.69
OUT_02764,89.58
OUT_02765,820.68
OUT_02766,286.59
OUT_02767,247.35
OUT_02768,103.54
OUT_02769,95.51
OUT_02770,256.32
OUT_02771,108.22
OUT_02772,90.91
OUT_02773,284.55
OUT_02774,280.44
OUT_02775,266.39
OUT_02776,868.07
OUT_02777,113.25
OUT_02778,67.71
OUT_02779,98.76
OUT_02780,247.36
OUT_02781,275.25
OUT_02782,867.8
OUT_02783,1873.11
OUT_02784,276.09
OUT_02785,80.92
OUT_02786,89.28
OUT_02787,91.91
OUT_02788,284.81
OUT_02789,107.32
OUT_02790,96.86
OUT_02791,253.44
OUT_02792,779.3
OUT_02793,257.72
OUT_02794,104.29
OUT_02795,103.1
OUT_02796,102.37
OUT_02797,260.17
OUT_02798,269.79
OUT_02799,67.57
OUT_02800,261.66
OUT_02801,107.11
OUT_02802,117.02
OUT_02803,76.68
OUT_02804,106.74
OUT_02805,131.02
OUT_02806,273.28
OUT_02807,245.1
OUT_02808,245.32
OUT_02809,86.98
OUT_02810,289.6
OUT_02811,108.52
OUT_02812,70.84
OUT_02813,115.24
OUT_02814,83.99
OUT_02815,147.84
OUT_02816,88.65
OUT_02817,281.77
OUT_02818,256.42
OUT_02819,255.95
OUT_02820,872.31
OUT_02821,258.12
OUT_02822,103.23
OUT_02823,95.01
OUT_02824,273.29
OUT_02825,112.32
OUT_02826,90.91
OUT_02827,253.94
OUT_02828,81.18
OUT_02829,807.26
OUT_02830,272.95
OUT_02831,97.26
OUT_02832,810.01
OUT_02833,253.78
OUT_02834,263.45
OUT_02835,87.86
OUT_02836,1858.76
OUT_02837,121.21
OUT_02838,265.33
OUT_02839,105.89
OUT_02840,850.81
OUT_02841,1841.02
OUT_02842,298.97
OUT_02843,94.07
OUT_02844,113.31
OUT_02845,104.01
OUT_02846,279.55
OUT_02847,128.85
OUT_02848,120.11
OUT_02849,274.5
OUT_02850,87.74
OUT_02851,100.59
OUT_02852,252.18
OUT_02853,252.4
OUT_02854,1864.63
OUT_02855,80.84
OUT_02856,89.12
OUT_02857,270.8
OUT_02858,816.4
OUT_02859,112.42
OUT_02860,1841.46
OUT_02861,94.54
OUT_02862,120.97
OUT_02863,288.0
OUT_02864,254.65
OUT_02865,1833.21
OUT_02866,101.84
OUT_02867,115.78
OUT_02868,77.03
OUT_02869,85.51
OUT_02870,105.27
OUT_02871,97.44
OUT_02872,124.56
OUT_02873,251.88
OUT_02874,279.97
OUT_02875,259.32
OUT_02876,253.61
OUT_02877,95.15
OUT_02878,256.5
OUT_02879,92.66
OUT_02880,88.27
OUT_02881,109.1
OUT_02882,106.66
OUT_02883,1852.01
OUT_02884,88.65
OUT_02885,100.97
OUT_02886,103.22
OUT_02887,272.3
OUT_02888,107.91
OUT_02889,99.18
OUT_02890,854.35
OUT_02891,92.3
OUT_02892,1868.46
OUT_02893,117.81
OUT_02894,110.22
OUT_02895,808.84
OUT_02896,784.92
OUT_02897,252.2
OUT_02898,97.4
OUT_02899,97.87
OUT_02900,281.16
OUT_02901,282.33
OUT_02902,257.24
OUT_02903,68.34
OUT_02904,107.58
OUT_02905,119.1
OUT_02906,830.14
OUT_02907,90.56
OUT_02908,96.4
OUT_02909,255.38
OUT_02910,282.97
OUT_02911,1871.07
OUT_02912,73.88
OUT_02913,275.51
OUT_02914,98.25
OUT_02915,70.11
OUT_02916,88.06
OUT_02917,100.78
OUT_02918,92.56
OUT_02919,802.69
OUT_02920,249.61
OUT_02921,95.33
OUT_02922,764.96
OUT_02923,255.18
OUT_02924,288.81
OUT_02925,269.14
OUT_02926,103.17
OUT_02927,96.69
OUT_02928,147.25
OUT_02929,110.96
OUT_02930,874.13
OUT_02931,90.28
OUT_02932,286.76
OUT_02933,91.12
OUT_02934,68.82
OUT_02935,102.41
OUT_02936,1854.97
OUT_02937,101.73
OUT_02938,108.13
OUT_02939,279.08
OUT_02940,112.36
OUT_02941,1838.68
OUT_02942,93.77
OUT_02943,90.59
OUT_02944,86.74
OUT_02945,90.98
OUT_02946,72.93
OUT_02947,86.42
OUT_02948,95.51
OUT_02949,233.33
OUT_02950,1838.64
OUT_02951,110.56
OUT_02952,261.78
OUT_02953,278.5
OUT_02954,276.47
OUT_02955,151.12
OUT_02956,818.01
OUT_02957,114.57
OUT_02958,260.21
OUT_02959,259.66
OUT_02960,256.64
OUT_02961,93.73
OUT_02962,1830.46
OUT_02963,261.7
OUT_02964,1821.69
OUT_02965,67.88
OUT_02966,752.76
OUT_02967,59.07
OUT_02968,85.58
OUT_02969,864.83
OUT_02970,845.86
OUT_02971,293.27
OUT_02972,295.52
OUT_02973,266.06
OUT_02974,758.42
OUT_02975,83.21
OUT_02976,95.77
OUT_02977,278.31
OUT_02978,273.88
OUT_02979,96.3
OUT_02980,104.44
OUT_02981,110.86
OUT_02982,86.71
OUT_02983,289.68
OUT_02984,101.77
OUT_02985,253.69
OUT_02986,279.41
OUT_02987,102.63
OUT_02988,73.59
OUT_02989,249.78
OUT_02990,280.99
OUT_02991,99.97
OUT_02992,87.51
OUT_02993,289.37
OUT_02994,808.96
OUT_02995,102.58
OUT_02996,837.65
OUT_02997,862.87
OUT_02998,97.74
OUT_02999,121.92
OUT_03000,257.46
OUT_03001,287.69
OUT_03002,255.85
OUT_03003,115.46
OUT_03004,848.61
OUT_03005,87.08
OUT_03006,260.2
OUT_03007,87.83
OUT_03008,113.33
OUT_03009,287.26
OUT_03010,101.09
OUT_03011,63.72
OUT_03012,84.23
OUT_03013,280.95
OUT_03014,250.72
OUT_03015,275.82
OUT_03016,103.75
OUT_03017,255.97
OUT_03018,790.9
OUT_03019,247.53
OUT_03020,1780.26
OUT_03021,784.28
OUT_03022,103.49
OUT_03023,85.21
OUT_03024,246.97
OUT_03025,84.48
OUT_03026,116.36
OUT_03027,92.18
OUT_03028,260.14
OUT_03029,103.68
OUT_03030,84.29
OUT_03031,256.31
OUT_03032,122.5
OUT_03033,120.74
OUT_03034,80.8
OUT_03035,104.69
OUT_03036,867.54
OUT_03037,1797.61
OUT_03038,762.65
OUT_03039,257.76
OUT_03040,797.88
OUT_03041,283.3
OUT_03042,108.11
OUT_03043,283.27
OUT_03044,70.61
OUT_03045,131.12
OUT_03046,106.19
OUT_03047,92.82
OUT_03048,281.92
OUT_03049,86.56
OUT_03050,96.51
OUT_03051,106.66
OUT_03052,814.35
OUT_03053,264.3
OUT_03054,74.4
OUT_03055,262.57
OUT_03056,825.42
OUT_03057,116.13
OUT_03058,96.28
OUT_03059,271.55
OUT_03060,77.44
OUT_03061,880.21
OUT_03062,98.04
OUT_03063,78.77
OUT_03064,1871.01
OUT_03065,1842.13
OUT_03066,111.76
OUT_03067,108.02
OUT_03068,89.08
OUT_03069,283.46
OUT_03070,906.42
OUT_03071,112.49
OUT_03072,260.01
OUT_03073,120.67
OUT_03074,279.91
OUT_03075,1856.91
OUT_03076,275.55
OUT_03077,1842.74
OUT_03078,1812.05
OUT_03079,110.54
OUT_03080,112.0
OUT_03081,261.6
OUT_03082,110.7
OUT_03083,93.05
OUT_03084,798.65
OUT_03085,90.14
OUT_03086,119.89
OUT_03087,137.14
OUT_03088,806.44
OUT_03089,259.2
OUT_03090,254.26
OUT_03091,88.5
OUT_03092,98.62
OUT_03093,877.0
OUT_03094,92.77
OUT_03095,110.01
OUT_03096,93.77
OUT_03097,860.23
OUT_03098,96.3
OUT_03099,782.82
OUT_03100,91.54
OUT_03101,102.41
OUT_03102,257.08
OUT_03103,273.4
OUT_03104,104.68
OUT_03105,94.02
OUT_03106,87.32
OUT_03107,95.51
OUT_03108,114.21
OUT_03109,93.08
OUT_03110,111.82
OUT_03111,89.33
OUT_03112,224.14
OUT_03113,270.32
OUT_03114,93.93
OUT_03115,108.59
OUT_03116,264.66
OUT_03117,67.97
OUT_03118,86.71
OUT_03119,91.92
OUT_03120,128.73
OUT_03121,101.33
OUT_03122,106.0
OUT_03123,77.68
OUT_03124,89.39
OUT_03125,254.78
OUT_03126,93.99
OUT_03127,95.25
OUT_03128,96.55
OUT_03129,789.98
OUT_03130,116.91
OUT_03131,1822.45
OUT_03132,80.02
OUT_03133,100.46
OUT_03134,844.98
OUT_03135,112.25
OUT_03136,253.09
OUT_03137,82.21
OUT_03138,79.02
OUT_03139,255.66
OUT_03140,92.07
OUT_03141,104.76
OUT_03142,266.42
OUT_03143,79.19
OUT_03144,103.27
OUT_03145,81.33
OUT_03146,277.07
OUT_03147,279.54
OUT_03148,1839.49
OUT_03149,102.78
OUT_03150,250.95
OUT_03151,120.09
OUT_03152,75.89
OUT_03153,268.09
OUT_03154,801.85
OUT_03155,293.79
OUT_03156,265.21
OUT_03157,837.63
OUT_03158,81.8
OUT_03159,98.1
OUT_03160,283.2
OUT_03161,262.59
OUT_03162,113.29
OUT_03163,88.89
OUT_03164,839.54
OUT_03165,262.44
OUT_03166,88.71
OUT_03167,1836.36
OUT_03168,109.53
OUT_03169,107.78
OUT_03170,274.47
OUT_03171,266.85
OUT_03172,89.17
OUT_03173,108.87
OUT_03174,125.46
OUT_03175,274.75
OUT_03176,78.16
OUT_03177,66.93
OUT_03178,100.39
OUT_03179,276.4
OUT_03180,89.41
OUT_03181,118.15
OUT_03182,78.8
OUT_03183,783.6
OUT_03184,267.36
OUT_03185,94.52
OUT_03186,265.13
OUT_03187,96.29
OUT_03188,108.68
OUT_03189,252.92
OUT_03190,111.9
OUT_03191,857.27
OUT_03192,87.95
OUT_03193,98.39
OUT_03194,272.11
OUT_03195,136.93
OUT_03196,257.36
OUT_03197,78.75
OUT_03198,100.02
OUT_03199,262.56
OUT_03200,282.44
OUT_03201,311.11
OUT_03202,83.1
OUT_03203,93.02
OUT_03204,266.8
OUT_03205,110.12
OUT_03206,288.5
OUT_03207,125.27
OUT_03208,1864.05
OUT_03209,109.6
OUT_03210,76.53
OUT_03211,257.14
OUT_03212,110.78
OUT_03213,249.75
OUT_03214,269.17
OUT_03215,256.5
OUT_03216,89.71
OUT_03217,259.66
OUT_03218,252.78
OUT_03219,96.1
OUT_03220,250.87
OUT_03221,282.29
OUT_03222,277.66
OUT_03223,98.82
OUT_03224,264.11
OUT_03225,108.2
OUT_03226,119.47
OUT_03227,259.09
OUT_03228,1844.41
OUT_03229,1870.14
OUT_03230,114.11
OUT_03231,306.47
OUT_03232,82.74
OUT_03233,811.99
OUT_03234,286.75
OUT_03235,86.07
OUT_03236,141.43
OUT_03237,135.49
OUT_03238,128.94
OUT_03239,144.43
OUT_03240,250.68
OUT_03241,99.02
OUT_03242,789.64
OUT_03243,118.04
OUT_03244,80.74
OUT_03245,252.07
OUT_03246,71.51
OUT_03247,76.68
OUT_03248,257.26
OUT_03249,86.85
OUT_03250,77.34
OUT_03251,812.06
OUT_03252,818.89
OUT_03253,94.75
OUT_03254,126.45
OUT_03255,252.69
OUT_03256,287.61
OUT_03257,110.54
OUT_03258,261.2
OUT_03259,260.33
OUT_03260,828.17
OUT_03261,98.91
OUT_03262,258.27
OUT_03263,94.51
OUT_03264,1822.14
OUT_03265,254.63
OUT_03266,60.78
OUT_03267,110.79
OUT_03268,265.59
OUT_03269,263.19
OUT_03270,79.89
OUT_03271,783.87
OUT_03272,255.31
OUT_03273,811.76
OUT_03274,1869.78
OUT_03275,84.15
OUT_03276,92.61
OUT_03277,121.97
OUT_03278,102.13
OUT_03279,94.49
OUT_03280,92.56
OUT_03281,1830.07
OUT_03282,262.87
OUT_03283,809.4
OUT_03284,98.29
OUT_03285,84.38
OUT_03286,114.33
OUT_03287,1816.27
OUT_03288,275.86
OUT_03289,88.91
OUT_03290,87.66
OUT_03291,120.45
OUT_03292,115.24
OUT_03293,263.85
OUT_03294,150.58
OUT_03295,117.63
OUT_03296,1793.73
OUT_03297,809.39
OUT_03298,133.85
OUT_03299,251.29
OUT_03300,250.13
OUT_03301,264.94
OUT_03302,809.53
OUT_03303,108.24
OUT_03304,97.31
OUT_03305,115.07
OUT_03306,106.38
OUT_03307,111.25
OUT_03308,264.29
OUT_03309,72.64
OUT_03310,75.4
OUT_03311,118.77
OUT_03312,839.66
OUT_03313,85.63
OUT_03314,95.19
OUT_03315,1851.54
OUT_03316,838.87
OUT_03317,73.34
OUT_03318,88.62
OUT_03319,258.61
OUT_03320,67.63
OUT_03321,249.94
OUT_03322,258.99
OUT_03323,257.96
OUT_03324,825.43
OUT_03325,1860.61
OUT_03326,102.38
OUT_03327,841.98
OUT_03328,864.11
OUT_03329,250.0
OUT_03330,1807.12
OUT_03331,108.95
OUT_03332,92.18
OUT_03333,856.05
OUT_03334,795.09
OUT_03335,275.77
OUT_03336,253.7
OUT_03337,259.72
OUT_03338,102.89
OUT_03339,97.66
OUT_03340,263.47
OUT_03341,788.31
OUT_03342,77.35
OUT_03343,110.51
OUT_03344,818.95
OUT_03345,804.55
OUT_03346,1805.44
OUT_03347,120.36
OUT_03348,108.76
OUT_03349,259.96
OUT_03350,252.56
OUT_03351,100.16
OUT_03352,289.11
OUT_03353,1872.45
OUT_03354,73.82
OUT_03355,100.34
OUT_03356,84.45
OUT_03357,254.04
OUT_03358,1858.79
OUT_03359,812.85
OUT_03360,94.75
OUT_03361,296.31
OUT_03362,92.99
OUT_03363,89.65
OUT_03364,115.95
OUT_03365,92.26
OUT_03366,266.68
OUT_03367,292.16
OUT_03368,818.49
OUT_03369,115.8
OUT_03370,272.67
OUT_03371,253.93
OUT_03372,79.35
OUT_03373,270.27
OUT_03374,73.03
OUT_03375,84.5
OUT_03376,69.21
OUT_03377,278.69
OUT_03378,83.22
OUT_03379,266.49
OUT_03380,120.33
OUT_03381,1792.46
OUT_03382,113.48
OUT_03383,799.67
OUT_03384,106.7
OUT_03385,91.81
OUT_03386,122.16
OUT_03387,800.66
OUT_03388,774.04
OUT_03389,105.48
OUT_03390,97.37
OUT_03391,887.01
OUT_03392,103.21
OUT_03393,262.06
OUT_03394,87.89
OUT_03395,832.2
OUT_03396,277.59
OUT_03397,108.11
OUT_03398,89.65
OUT_03399,93.43
OUT_03400,290.96
OUT_03401,248.29
OUT_03402,1822.41
OUT_03403,118.42
OUT_03404,85.19
OUT_03405,88.1
OUT_03406,822.72
OUT_03407,252.6
OUT_03408,92.67
OUT_03409,261.39
OUT_03410,95.26
OUT_03411,1842.21
OUT_03412,97.67
OUT_03413,809.85
OUT_03414,851.06
OUT_03415,1841.96
OUT_03416,126.14
OUT_03417,112.26
OUT_03418,812.17
OUT_03419,108.16
OUT_03420,113.1
OUT_03421,122.26
OUT_03422,95.89
OUT_03423,874.23
OUT_03424,857.25
OUT_03425,268.37
OUT_03426,90.62
OUT_03427,253.55
OUT_03428,113.67
OUT_03429,101.34
OUT_03430,261.5
OUT_03431,82.79
OUT_03432,104.53
OUT_03433,91.41
OUT_03434,275.6
OUT_03435,108.28
OUT_03436,807.65
OUT_03437,103.25
OUT_03438,264.14
OUT_03439,264.37
OUT_03440,98.2
OUT_03441,97.77
OUT_03442,283.77
OUT_03443,818.08
OUT_03444,865.61
OUT_03445,267.39
OUT_03446,787.34
OUT_03447,96.06
OUT_03448,267.48
OUT_03449,64.98
OUT_03450,252.47
OUT_03451,798.32
OUT_03452,89.34
OUT_03453,270.03
OUT_03454,145.63
OUT_03455,114.7
OUT_03456,67.26
OUT_03457,277.17
OUT_03458,1817.84
OUT_03459,111.67
OUT_03460,86.27
OUT_03461,96.86
OUT_03462,107.67
OUT_03463,107.11
OUT_03464,102.14
OUT_03465,266.21
OUT_03466,264.28
OUT_03467,814.04
OUT_03468,274.5
OUT_03469,92.34
OUT_03470,74.96
OUT_03471,90.21
OUT_03472,79.52
OUT_03473,103.39
OUT_03474,124.49
OUT_03475,84.06
OUT_03476,260.5
OUT_03477,252.51
OUT_03478,80.44
OUT_03479,121.17
OUT_03480,281.16
OUT_03481,97.22
OUT_03482,751.42
OUT_03483,94.03
OUT_03484,1825.36
OUT_03485,104.41
OUT_03486,88.39
OUT_03487,92.25
OUT_03488,122.06
OUT_03489,258.73
OUT_03490,92.23
OUT_03491,248.75
OUT_03492,888.41
OUT_03493,1869.63
OUT_03494,281.11
OUT_03495,82.81
OUT_03496,65.36
OUT_03497,261.92
OUT_03498,267.39
OUT_03499,230.28
OUT_03500,110.98
OUT_03501,259.37
OUT_03502,81.75
OUT_03503,272.45
OUT_03504,90.92
OUT_03505,248.31
OUT_03506,256.91
OUT_03507,114.1
OUT_03508,817.82
OUT_03509,73.42
OUT_03510,96.5
OUT_03511,85.03
OUT_03512,95.5
OUT_03513,855.97
OUT_03514,83.2
OUT_03515,98.33
OUT_03516,123.03
OUT_03517,108.4
OUT_03518,250.21
OUT_03519,844.48
OUT_03520,108.55
OUT_03521,296.09
OUT_03522,108.06
OUT_03523,114.2
OUT_03524,263.93
OUT_03525,81.21
OUT_03526,74.44
OUT_03527,115.12
OUT_03528,104.4
OUT_03529,254.17
OUT_03530,122.48
OUT_03531,254.9
OUT_03532,109.07
OUT_03533,823.3
OUT_03534,311.45
OUT_03535,112.42
OUT_03536,97.84
OUT_03537,258.72
OUT_03538,103.59
OUT_03539,118.41
OUT_03540,59.87
OUT_03541,268.78
OUT_03542,248.42
OUT_03543,94.55
OUT_03544,104.66
OUT_03545,275.31
OUT_03546,83.24
OUT_03547,258.98
OUT_03548,121.35
OUT_03549,1813.9
OUT_03550,262.63
OUT_03551,860.33
OUT_03552,288.13
OUT_03553,102.25
OUT_03554,279.97
OUT_03555,820.13
OUT_03556,1803.93
OUT_03557,99.15
OUT_03558,270.65
OUT_03559,1856.84
OUT_03560,307.95
OUT_03561,276.85
OUT_03562,105.81
OUT_03563,272.64
OUT_03564,262.51
OUT_03565,256.71
OUT_03566,121.59
OUT_03567,254.83
OUT_03568,138.75
OUT_03569,843.53
OUT_03570,1864.02
OUT_03571,873.99
OUT_03572,819.3
OUT_03573,105.03
OUT_03574,257.63
OUT_03575,819.76
OUT_03576,99.18
OUT_03577,1845.03
OUT_03578,270.07
OUT_03579,860.32
OUT_03580,89.92
OUT_03581,88.42
OUT_03582,264.26
OUT_03583,102.19
OUT_03584,86.43
OUT_03585,93.41
OUT_03586,124.83
OUT_03587,262.12
OUT_03588,100.52
OUT_03589,84.59
OUT_03590,93.83
OUT_03591,1812.05
OUT_03592,97.37
OUT_03593,99.59
OUT_03594,250.59
OUT_03595,254.09
OUT_03596,253.98
OUT_03597,850.04
OUT_03598,882.74
OUT_03599,76.27
OUT_03600,107.07
OUT_03601,249.48
OUT_03602,286.49
OUT_03603,84.6
OUT_03604,276.1
OUT_03605,97.2
OUT_03606,936.23
OUT_03607,249.94
OUT_03608,110.43
OUT_03609,98.27
OUT_03610,89.78
OUT_03611,86.68
OUT_03612,118.33
OUT_03613,105.59
OUT_03614,92.0
OUT_03615,831.13
OUT_03616,836.36
OUT_03617,91.55
OUT_03618,119.86
OUT_03619,250.69
OUT_03620,259.46
OUT_03621,114.24
OUT_03622,799.3
OUT_03623,250.76
OUT_03624,95.19
OUT_03625,103.58
OUT_03626,98.07
OUT_03627,98.91
OUT_03628,71.64
OUT_03629,846.39
OUT_03630,254.04
OUT_03631,833.8
OUT_03632,99.26
OUT_03633,115.97
OUT_03634,811.31
OUT_03635,1834.1
OUT_03636,101.35
OUT_03637,260.34
OUT_03638,76.9
OUT_03639,84.21
OUT_03640,80.04
OUT_03641,278.97
OUT_03642,109.47
OUT_03643,293.29
OUT_03644,813.01
OUT_03645,261.11
OUT_03646,132.94
OUT_03647,96.96
OUT_03648,256.73
OUT_03649,254.39
OUT_03650,87.7
OUT_03651,774.19
OUT_03652,92.52
OUT_03653,1858.92
OUT_03654,106.98
OUT_03655,249.91
OUT_03656,98.67
OUT_03657,111.47
OUT_03658,78.37
OUT_03659,83.37
OUT_03660,105.43
OUT_03661,132.8
OUT_03662,79.89
OUT_03663,276.21
OUT_03664,254.67
OUT_03665,881.47
OUT_03666,85.3
OUT_03667,866.27
OUT_03668,282.74
OUT_03669,886.41
OUT_03670,93.82
OUT_03671,276.67
OUT_03672,96.24
OUT_03673,95.78
OUT_03674,251.82
OUT_03675,89.72
OUT_03676,1863.24
OUT_03677,78.97
OUT_03678,255.44
OUT_03679,85.82
OUT_03680,1843.46
OUT_03681,99.27
OUT_03682,90.23
OUT_03683,118.33
OUT_03684,94.12
OUT_03685,97.49
OUT_03686,1838.5
OUT_03687,86.37
OUT_03688,73.27
OUT_03689,95.79
OUT_03690,84.01
OUT_03691,116.18
OUT_03692,93.25
OUT_03693,88.34
OUT_03694,119.33
OUT_03695,272.83
OUT_03696,106.64
OUT_03697,257.78
OUT_03698,262.91
OUT_03699,862.35
OUT_03700,249.54
OUT_03701,819.97
OUT_03702,112.78
OUT_03703,250.82
OUT_03704,247.99
OUT_03705,113.73
OUT_03706,88.2
OUT_03707,119.48
OUT_03708,94.43
OUT_03709,803.99
OUT_03710,248.33
OUT_03711,93.46
OUT_03712,79.83
OUT_03713,110.49
OUT_03714,259.85
OUT_03715,289.23
OUT_03716,97.16
OUT_03717,83.03
OUT_03718,260.8
OUT_03719,1869.75
OUT_03720,78.6
OUT_03721,274.68
OUT_03722,95.96
OUT_03723,844.2
OUT_03724,1833.3
OUT_03725,92.25
OUT_03726,249.35
OUT_03727,97.13
OUT_03728,94.73
OUT_03729,288.8
OUT_03730,258.6
OUT_03731,259.62
OUT_03732,91.3
OUT_03733,75.32
OUT_03734,258.39
OUT_03735,282.4
OUT_03736,282.56
OUT_03737,100.37
OUT_03738,284.61
OUT_03739,850.24
OUT_03740,71.44
OUT_03741,1859.95
OUT_03742,95.33
OUT_03743,266.11
OUT_03744,92.59
OUT_03745,89.98
OUT_03746,257.27
OUT_03747,103.49
OUT_03748,276.77
OUT_03749,80.19
OUT_03750,107.92
OUT_03751,114.49
OUT_03752,68.98
OUT_03753,88.39
OUT_03754,808.62
OUT_03755,111.95
OUT_03756,254.35
OUT_03757,1824.03
OUT_03758,83.07
OUT_03759,101.13
OUT_03760,257.89
OUT_03761,81.38
OUT_03762,276.72
OUT_03763,99.75
OUT_03764,791.54
OUT_03765,133.94
OUT_03766,1830.61
OUT_03767,265.37
OUT_03768,101.69
OUT_03769,285.27
OUT_03770,289.12
OUT_03771,266.43
OUT_03772,807.81
OUT_03773,860.06
OUT_03774,89.18
OUT_03775,94.25
OUT_03776,99.82
OUT_03777,77.56
OUT_03778,81.55
OUT_03779,98.7
OUT_03780,121.48
OUT_03781,274.13
OUT_03782,249.8
OUT_03783,91.23
OUT_03784,58.82
OUT_03785,113.88
OUT_03786,1852.92
OUT_03787,254.02
OUT_03788,84.74
OUT_03789,252.18
OUT_03790,111.98
OUT_03791,818.42
OUT_03792,269.01
OUT_03793,113.45
OUT_03794,108.23
OUT_03795,272.36
OUT_03796,881.51
OUT_03797,124.45
OUT_03798,241.85
OUT_03799,248.95
OUT_03800,815.17
OUT_03801,274.76
OUT_03802,252.37
OUT_03803,810.79
OUT_03804,271.68
OUT_03805,83.55
OUT_03806,102.38
OUT_03807,92.74
OUT_03808,81.94
OUT_03809,104.57
OUT_03810,96.3
OUT_03811,74.94
OUT_03812,98.63
OUT_03813,79.42
OUT_03814,1801.74
OUT_03815,800.61
OUT_03816,65.64
OUT_03817,73.6
OUT_03818,105.92
OUT_03819,289.02
OUT_03820,91.93
OUT_03821,126.61
OUT_03822,145.65
OUT_03823,257.16
OUT_03824,875.74
OUT_03825,256.36
OUT_03826,99.5
OUT_03827,90.53
OUT_03828,788.02
OUT_03829,1856.98
OUT_03830,120.29
OUT_03831,259.61
OUT_03832,261.88
OUT_03833,779.8
OUT_03834,105.57
OUT_03835,82.84
OUT_03836,114.09
OUT_03837,100.71
OUT_03838,98.88
OUT_03839,124.93
OUT_03840,903.88
OUT_03841,794.75
OUT_03842,296.14
OUT_03843,254.3
OUT_03844,805.99
OUT_03845,87.44
OUT_03846,268.33
OUT_03847,886.79
OUT_03848,268.5
OUT_03849,831.83
OUT_03850,799.16
OUT_03851,116.32
OUT_03852,84.86
OUT_03853,199.33
OUT_03854,91.96
OUT_03855,115.99
OUT_03856,248.92
OUT_03857,98.4
OUT_03858,81.69
OUT_03859,74.79
OUT_03860,255.65
OUT_03861,845.37
OUT_03862,107.84
OUT_03863,841.72
OUT_03864,765.91
OUT_03865,101.66
OUT_03866,1838.99
OUT_03867,131.82
OUT_03868,102.78
OUT_03869,270.02
OUT_03870,82.3
OUT_03871,88.55
OUT_03872,96.36
OUT_03873,261.65
OUT_03874,88.52
OUT_03875,260.22
OUT_03876,830.52
OUT_03877,278.6
OUT_03878,824.14
OUT_03879,117.81
OUT_03880,69.88
OUT_03881,106.6
OUT_03882,99.16
OUT_03883,120.63
OUT_03884,102.81
OUT_03885,1808.91
OUT_03886,277.37
OUT_03887,115.94
OUT_03888,90.69
OUT_03889,262.15
OUT_03890,866.22
OUT_03891,261.8
OUT_03892,113.57
OUT_03893,803.13
OUT_03894,82.65
OUT_03895,800.48
OUT_03896,98.61
OUT_03897,266.26
OUT_03898,315.74
OUT_03899,264.05
OUT_03900,848.17
OUT_03901,88.75
OUT_03902,847.1
OUT_03903,89.94
OUT_03904,99.08
OUT_03905,260.61
OUT_03906,816.88
OUT_03907,249.07
OUT_03908,112.93
OUT_03909,273.46
OUT_03910,795.94
OUT_03911,1864.27
OUT_03912,99.94
OUT_03913,109.87
OUT_03914,104.97
OUT_03915,80.85
OUT_03916,875.13
OUT_03917,90.7
OUT_03918,858.95
OUT_03919,128.46
OUT_03920,815.9
OUT_03921,104.52
OUT_03922,269.81
OUT_03923,1856.28
OUT_03924,104.34
OUT_03925,84.94
OUT_03926,833.92
OUT_03927,807.13
OUT_03928,1825.07
OUT_03929,98.35
OUT_03930,250.56
OUT_03931,291.37
OUT_03932,251.67
OUT_03933,78.17
OUT_03934,279.9
OUT_03935,288.47
OUT_03936,118.67
OUT_03937,230.39
OUT_03938,115.27
OUT_03939,873.6
OUT_03940,292.73
OUT_03941,118.04
OUT_03942,273.44
OUT_03943,96.03
OUT_03944,1838.79
OUT_03945,105.32
OUT_03946,95.17
OUT_03947,320.34
OUT_03948,82.95
OUT_03949,84.2
OUT_03950,130.28
OUT_03951,89.57
OUT_03952,88.82
OUT_03953,288.25
OUT_03954,1839.43
OUT_03955,263.05
OUT_03956,106.3
OUT_03957,1794.42
OUT_03958,275.67
OUT_03959,1830.92
OUT_03960,797.22
OUT_03961,93.37
OUT_03962,106.3
OUT_03963,269.33
OUT_03964,258.09
OUT_03965,890.27
OUT_03966,90.73
OUT_03967,1842.34
OUT_03968,153.67
OUT_03969,93.78
OUT_03970,78.14
OUT_03971,85.88
OUT_03972,763.9
OUT_03973,85.89
OUT_03974,285.52
OUT_03975,249.93
OUT_03976,130.17
OUT_03977,98.06
OUT_03978,103.39
OUT_03979,280.84
OUT_03980,842.14
OUT_03981,293.56
OUT_03982,817.8
OUT_03983,1846.11
OUT_03984,109.04
OUT_03985,248.95
OUT_03986,848.38
OUT_03987,100.96
OUT_03988,804.22
OUT_03989,109.49
OUT_03990,84.87
OUT_03991,776.55
OUT_03992,287.1
OUT_03993,263.84
OUT_03994,823.62
OUT_03995,110.05
OUT_03996,83.95
OUT_03997,282.69
OUT_03998,96.52
OUT_03999,1853.46
OUT_04000,108.65
OUT_04001,102.16
OUT_04002,118.98
OUT_04003,97.68
OUT_04004,101.09
OUT_04005,803.96
OUT_04006,267.9
OUT_04007,283.38
OUT_04008,121.58
OUT_04009,834.62
OUT_04010,104.21
OUT_04011,249.81
OUT_04012,110.74
OUT_04013,799.04
OUT_04014,78.92
OUT_04015,97.7
OUT_04016,105.73
OUT_04017,260.46
OUT_04018,254.37
OUT_04019,110.06
OUT_04020,104.17
OUT_04021,812.35
OUT_04022,94.24
OUT_04023,249.55
OUT_04024,65.83
OUT_04025,251.73
OUT_04026,879.17
OUT_04027,1861.95
OUT_04028,119.26
OUT_04029,85.65
OUT_04030,115.74
OUT_04031,252.69
OUT_04032,315.1
OUT_04033,267.37
OUT_04034,263.27
OUT_04035,83.2
OUT_04036,86.23
OUT_04037,273.18
OUT_04038,124.62
OUT_04039,254.35
OUT_04040,80.0
OUT_04041,82.04
OUT_04042,87.12
OUT_04043,90.67
OUT_04044,813.58
OUT_04045,253.87
OUT_04046,274.17
OUT_04047,83.97
OUT_04048,849.7
OUT_04049,145.03
OUT_04050,865.12
OUT_04051,98.85
OUT_04052,806.25
OUT_04053,98.11
OUT_04054,112.79
OUT_04055,61.12
OUT_04056,1834.13
OUT_04057,267.26
OUT_04058,114.09
OUT_04059,830.8
OUT_04060,251.44
OUT_04061,850.84
OUT_04062,845.3
OUT_04063,812.76
OUT_04064,797.47
OUT_04065,127.99
OUT_04066,104.2
OUT_04067,254.2
OUT_04068,816.95
OUT_04069,292.68
OUT_04070,279.77
OUT_04071,850.27
OUT_04072,98.89
OUT_04073,89.89
OUT_04074,105.94
OUT_04075,253.93
OUT_04076,263.34
OUT_04077,76.29
OUT_04078,122.69
OUT_04079,109.63
OUT_04080,272.67
OUT_04081,111.74
OUT_04082,97.09
OUT_04083,254.29
OUT_04084,116.61
OUT_04085,119.36
OUT_04086,107.07
OUT_04087,281.52
OUT_04088,270.99
OUT_04089,80.12
OUT_04090,261.64
OUT_04091,86.48
OUT_04092,267.92
OUT_04093,94.7
OUT_04094,263.83
OUT_04095,102.3
OUT_04096,103.98
OUT_04097,830.89
OUT_04098,254.58
OUT_04099,262.0
OUT_04100,82.8
OUT_04101,65.31
OUT_04102,848.29
OUT_04103,87.99
OUT_04104,91.92
OUT_04105,288.95
OUT_04106,257.9
OUT_04107,253.32
OUT_04108,813.96
OUT_04109,84.94
OUT_04110,273.22
OUT_04111,833.25
OUT_04112,91.72
OUT_04113,113.89
OUT_04114,251.5
OUT_04115,255.85
OUT_04116,75.72
OUT_04117,95.13
OUT_04118,95.53
OUT_04119,795.56
OUT_04120,1816.74
OUT_04121,263.9
OUT_04122,254.15
OUT_04123,262.56
OUT_04124,99.23
OUT_04125,93.35
OUT_04126,248.57
OUT_04127,100.6
OUT_04128,1805.86
OUT_04129,112.26
OUT_04130,103.92
OUT_04131,835.43
OUT_04132,94.59
OUT_04133,264.02
OUT_04134,73.44
OUT_04135,258.61
OUT_04136,1868.25
OUT_04137,260.6
OUT_04138,94.99
OUT_04139,830.69
OUT_04140,100.84
OUT_04141,85.35
OUT_04142,805.05
OUT_04143,778.8
OUT_04144,99.99
OUT_04145,126.73
OUT_04146,93.53
OUT_04147,89.62
OUT_04148,109.69
OUT_04149,71.98
OUT_04150,275.88
OUT_04151,261.1
OUT_04152,94.5
OUT_04153,96.64
OUT_04154,850.59
OUT_04155,773.17
OUT_04156,58.06
OUT_04157,94.72
OUT_04158,114.07
OUT_04159,101.21
OUT_04160,87.99
OUT_04161,1862.18
OUT_04162,92.49
OUT_04163,103.63
OUT_04164,96.48
OUT_04165,802.24
OUT_04166,126.29
OUT_04167,96.35
OUT_04168,84.66
OUT_04169,94.44
OUT_04170,260.75
OUT_04171,1904.63
OUT_04172,87.74
OUT_04173,247.45
OUT_04174,857.38
OUT_04175,83.37
OUT_04176,286.9
OUT_04177,94.98
OUT_04178,86.81
OUT_04179,107.8
OUT_04180,279.38
OUT_04181,280.12
OUT_04182,112.27
OUT_04183,90.86
OUT_04184,97.63
OUT_04185,251.26
OUT_04186,100.39
OUT_04187,265.09
OUT_04188,96.29
OUT_04189,283.51
OUT_04190,782.47
OUT_04191,137.74
OUT_04192,95.22
OUT_04193,829.94
OUT_04194,852.73
OUT_04195,129.43
OUT_04196,798.24
OUT_04197,125.4
OUT_04198,271.09
OUT_04199,1833.14
OUT_04200,261.11
OUT_04201,125.75
OUT_04202,111.07
OUT_04203,271.28
OUT_04204,71.81
OUT_04205,249.41
OUT_04206,1872.08
OUT_04207,252.4
OUT_04208,75.82
OUT_04209,116.99
OUT_04210,267.61
OUT_04211,110.25
OUT_04212,256.06
OUT_04213,105.85
OUT_04214,286.81
OUT_04215,248.91
OUT_04216,258.04
OUT_04217,810.84
OUT_04218,109.64
OUT_04219,141.31
OUT_04220,101.74
OUT_04221,780.46
OUT_04222,81.01
OUT_04223,95.31
OUT_04224,250.67
OUT_04225,101.91
OUT_04226,859.65
OUT_04227,274.05
OUT_04228,93.64
OUT_04229,286.53
OUT_04230,99.7
OUT_04231,272.18
OUT_04232,807.06
OUT_04233,794.16
OUT_04234,123.54
OUT_04235,113.43
OUT_04236,258.5
OUT_04237,1825.11
OUT_04238,291.51
OUT_04239,1843.32
OUT_04240,106.72
OUT_04241,277.71
OUT_04242,83.24
OUT_04243,80.58
OUT_04244,120.72
OUT_04245,261.37
OUT_04246,92.0
OUT_04247,61.06
OUT_04248,98.32
OUT_04249,264.57
OUT_04250,826.39
OUT_04251,1808.89
OUT_04252,90.48
OUT_04253,67.8
OUT_04254,826.13
OUT_04255,100.16
OUT_04256,260.93
OUT_04257,111.27
OUT_04258,266.63
OUT_04259,786.27
OUT_04260,1870.11
OUT_04261,864.7
OUT_04262,86.81
OUT_04263,272.68
OUT_04264,84.24
OUT_04265,90.68
OUT_04266,111.36
OUT_04267,102.42
OUT_04268,98.44
OUT_04269,823.5
OUT_04270,303.18
OUT_04271,273.93
OUT_04272,254.72
OUT_04273,87.36
OUT_04274,253.76
OUT_04275,107.4
OUT_04276,262.81
OUT_04277,99.41
OUT_04278,105.91
OUT_04279,106.34
OUT_04280,249.15
OUT_04281,265.29
OUT_04282,821.47
OUT_04283,282.1
OUT_04284,92.31
OUT_04285,100.36
OUT_04286,268.55
OUT_04287,263.97
OUT_04288,126.26
OUT_04289,142.32
OUT_04290,92.5
OUT_04291,269.73
OUT_04292,107.21
OUT_04293,810.04
OUT_04294,253.41
OUT_04295,1790.23
OUT_04296,96.09
OUT_04297,96.88
OUT_04298,249.7
OUT_04299,294.21
OUT_04300,106.96
OUT_04301,108.8
OUT_04302,116.08
OUT_04303,115.49
OUT_04304,823.51
OUT_04305,239.3
OUT_04306,101.57
OUT_04307,80.54
OUT_04308,87.06
OUT_04309,848.11
OUT_04310,86.09
OUT_04311,87.06
OUT_04312,828.04
OUT_04313,90.4
OUT_04314,124.88
OUT_04315,90.97
OUT_04316,78.95
OUT_04317,294.58
OUT_04318,265.0
OUT_04319,133.91
OUT_04320,877.42
OUT_04321,98.53
OUT_04322,795.17
OUT_04323,95.69
OUT_04324,280.86
OUT_04325,120.21
OUT_04326,288.39
OUT_04327,80.46
OUT_04328,837.33
OUT_04329,96.36
OUT_04330,288.1
OUT_04331,220.71
OUT_04332,105.99
OUT_04333,268.05
OUT_04334,267.22
OUT_04335,854.73
OUT_04336,112.85
OUT_04337,98.7
OUT_04338,137.78
OUT_04339,109.82
OUT_04340,112.89
OUT_04341,92.69
OUT_04342,813.62
OUT_04343,120.2
OUT_04344,108.25
OUT_04345,92.32
OUT_04346,100.36
OUT_04347,845.78
OUT_04348,94.57
OUT_04349,871.97
OUT_04350,288.8
OUT_04351,792.57
OUT_04352,267.08
OUT_04353,294.47
OUT_04354,88.62
OUT_04355,133.96
OUT_04356,832.74
OUT_04357,857.66
OUT_04358,252.81
OUT_04359,1840.95
OUT_04360,251.01
OUT_04361,263.04
OUT_04362,104.5
OUT_04363,106.77
OUT_04364,79.13
OUT_04365,91.69
OUT_04366,104.22
OUT_04367,129.54
OUT_04368,1849.81
OUT_04369,264.21
OUT_04370,264.88
OUT_04371,104.32
OUT_04372,85.16
OUT_04373,256.79
OUT_04374,90.13
OUT_04375,91.21
OUT_04376,105.15
OUT_04377,98.6
OUT_04378,143.5
OUT_04379,105.67
OUT_04380,79.42
OUT_04381,107.25
OUT_04382,822.9
OUT_04383,95.67
OUT_04384,99.75
OUT_04385,817.28
OUT_04386,107.89
OUT_04387,268.76
OUT_04388,255.65
OUT_04389,119.04
OUT_04390,252.99
OUT_04391,281.88
OUT_04392,257.44
OUT_04393,1848.38
OUT_04394,107.85
OUT_04395,76.02
OUT_04396,86.0
OUT_04397,76.2
OUT_04398,80.88
OUT_04399,780.5
OUT_04400,848.01
OUT_04401,79.78
OUT_04402,788.02
OUT_04403,101.28
OUT_04404,895.48
OUT_04405,741.15
OUT_04406,86.74
OUT_04407,252.82
OUT_04408,107.66
OUT_04409,1867.75
OUT_04410,104.29
OUT_04411,98.79
OUT_04412,90.92
OUT_04413,832.62
OUT_04414,832.89
OUT_04415,782.41
OUT_04416,111.7
OUT_04417,265.9
OUT_04418,251.17
OUT_04419,91.46
OUT_04420,80.36
OUT_04421,67.29
OUT_04422,872.91
OUT_04423,252.28
OUT_04424,254.33
OUT_04425,88.41
OUT_04426,110.43
OUT_04427,130.73
OUT_04428,81.34
OUT_04429,266.62
OUT_04430,256.51
OUT_04431,112.75
OUT_04432,250.63
OUT_04433,877.98
OUT_04434,273.24
OUT_04435,820.14
OUT_04436,819.27
OUT_04437,789.75
OUT_04438,835.68
OUT_04439,876.22
OUT_04440,281.79
OUT_04441,96.63
OUT_04442,786.94
OUT_04443,118.28
OUT_04444,256.76
OUT_04445,72.41
OUT_04446,290.03
OUT_04447,116.31
OUT_04448,286.87
OUT_04449,852.4
OUT_04450,273.36
OUT_04451,258.81
OUT_04452,77.7
OUT_04453,279.72
OUT_04454,285.65
OUT_04455,82.04
OUT_04456,83.58
OUT_04457,262.69
OUT_04458,276.58
OUT_04459,107.99
OUT_04460,254.08
OUT_04461,88.69
OUT_04462,97.28
OUT_04463,82.47
OUT_04464,111.13
OUT_04465,270.44
OUT_04466,253.64
OUT_04467,295.95
OUT_04468,105.0
OUT_04469,80.25
OUT_04470,115.07
OUT_04471,940.77
OUT_04472,287.1
OUT_04473,81.36
OUT_04474,265.84
OUT_04475,79.87
OUT_04476,265.5
OUT_04477,85.39
OUT_04478,807.17
OUT_04479,254.53
OUT_04480,818.22
OUT_04481,73.41
OUT_04482,260.27
OUT_04483,119.83
OUT_04484,269.42
OUT_04485,119.73
OUT_04486,76.75
OUT_04487,791.91
OUT_04488,92.06
OUT_04489,839.27
OUT_04490,77.34
OUT_04491,87.33
OUT_04492,845.15
OUT_04493,103.03
OUT_04494,113.49
OUT_04495,137.92
OUT_04496,72.27
OUT_04497,261.67
OUT_04498,254.87
OUT_04499,97.22
OUT_04500,1862.15
OUT_04501,105.15
OUT_04502,274.39
OUT_04503,82.73
OUT_04504,133.0
OUT_04505,72.78
OUT_04506,264.84
OUT_04507,803.1
OUT_04508,101.97
OUT_04509,825.87
OUT_04510,262.83
OUT_04511,98.88
OUT_04512,87.79
OUT_04513,87.22
OUT_04514,810.16
OUT_04515,255.14
OUT_04516,249.36
OUT_04517,307.47
OUT_04518,255.46
OUT_04519,67.53
OUT_04520,841.02
OUT_04521,74.09
OUT_04522,60.58
OUT_04523,865.27
OUT_04524,73.31
OUT_04525,248.34
OUT_04526,883.55
OUT_04527,117.22
OUT_04528,817.49
OUT_04529,121.07
OUT_04530,107.59
OUT_04531,88.15
OUT_04532,83.21
OUT_04533,830.87
OUT_04534,137.91
OUT_04535,280.31
OUT_04536,263.98
OUT_04537,112.14
OUT_04538,106.13
OUT_04539,81.19
OUT_04540,250.1
OUT_04541,263.52
OUT_04542,122.63
OUT_04543,112.43
OUT_04544,278.64
OUT_04545,113.22
OUT_04546,108.09
OUT_04547,252.73
OUT_04548,118.38
OUT_04549,122.73
OUT_04550,108.05
OUT_04551,264.59
OUT_04552,285.01
OUT_04553,253.04
OUT_04554,105.42
OUT_04555,94.76
OUT_04556,869.44
OUT_04557,88.3
OUT_04558,276.02
OUT_04559,83.56
OUT_04560,844.15
OUT_04561,250.08
OUT_04562,101.7
OUT_04563,90.28
OUT_04564,94.6
OUT_04565,276.37
OUT_04566,291.07
OUT_04567,133.1
OUT_04568,801.36
OUT_04569,1815.51
OUT_04570,109.06
OUT_04571,275.79
OUT_04572,95.71
OUT_04573,279.69
OUT_04574,83.51
OUT_04575,270.26
OUT_04576,852.84
OUT_04577,87.83
OUT_04578,66.62
OUT_04579,98.08
OUT_04580,250.83
OUT_04581,263.66
OUT_04582,104.55
OUT_04583,267.03
OUT_04584,89.8
OUT_04585,88.71
OUT_04586,264.83
OUT_04587,139.14
OUT_04588,106.89
OUT_04589,114.32
OUT_04590,274.62
OUT_04591,92.67
OUT_04592,285.91
OUT_04593,1801.05
OUT_04594,852.83
OUT_04595,255.16
OUT_04596,102.6
OUT_04597,79.47
OUT_04598,812.05
OUT_04599,237.67
OUT_04600,85.18
OUT_04601,91.01
OUT_04602,106.45
OUT_04603,280.24
OUT_04604,89.8
OUT_04605,108.31
OUT_04606,812.32
OUT_04607,268.22
OUT_04608,75.72
OUT_04609,1856.63
OUT_04610,857.19
OUT_04611,859.95
OUT_04612,829.34
OUT_04613,814.03
OUT_04614,80.79
OUT_04615,855.75
OUT_04616,93.07
OUT_04617,254.7
OUT_04618,264.86
OUT_04619,256.9
OUT_04620,818.92
OUT_04621,261.67
OUT_04622,99.93
OUT_04623,97.96
OUT_04624,87.93
OUT_04625,173.0
OUT_04626,883.05
OUT_04627,289.89
OUT_04628,282.8
OUT_04629,255.11
OUT_04630,282.7
OUT_04631,91.49
OUT_04632,99.33
OUT_04633,285.55
OUT_04634,262.15
OUT_04635,103.85
OUT_04636,100.31
OUT_04637,114.93
OUT_04638,97.53
OUT_04639,78.95
OUT_04640,1888.46
OUT_04641,266.72
OUT_04642,100.14
OUT_04643,75.27
OUT_04644,860.13
OUT_04645,100.87
OUT_04646,90.41
OUT_04647,94.83
OUT_04648,252.82
OUT_04649,122.14
OUT_04650,109.46
OUT_04651,840.69
OUT_04652,59.37
OUT_04653,89.45
OUT_04654,69.2
OUT_04655,82.72
OUT_04656,87.57
OUT_04657,96.5
OUT_04658,132.62
OUT_04659,124.21
OUT_04660,125.06
OUT_04661,248.51
OUT_04662,95.37
OUT_04663,108.8
OUT_04664,848.65
OUT_04665,99.42
OUT_04666,95.4
OUT_04667,806.4
OUT_04668,92.89
OUT_04669,274.41
OUT_04670,85.48
OUT_04671,279.94
OUT_04672,278.83
OUT_04673,123.19
OUT_04674,97.06
OUT_04675,252.31
OUT_04676,856.53
OUT_04677,137.2
OUT_04678,1841.08
OUT_04679,814.71
OUT_04680,95.2
OUT_04681,253.63
OUT_04682,107.1
OUT_04683,253.04
OUT_04684,84.58
OUT_04685,286.97
OUT_04686,263.68
OUT_04687,100.33
OUT_04688,93.24
OUT_04689,80.81
OUT_04690,91.64
OUT_04691,80.25
OUT_04692,119.07
OUT_04693,79.09
OUT_04694,825.03
OUT_04695,266.37
OUT_04696,120.07
OUT_04697,252.55
OUT_04698,107.74
OUT_04699,267.65
OUT_04700,265.23
OUT_04701,792.01
OUT_04702,311.27
OUT_04703,791.28
OUT_04704,823.9
OUT_04705,98.47
OUT_04706,790.72
OUT_04707,272.42
OUT_04708,91.23
OUT_04709,112.58
OUT_04710,257.65
OUT_04711,74.24
OUT_04712,105.25
OUT_04713,807.97
OUT_04714,781.31
OUT_04715,101.07
OUT_04716,258.93
OUT_04717,86.94
OUT_04718,805.87
OUT_04719,103.3
OUT_04720,117.53
OUT_04721,260.46
OUT_04722,115.52
OUT_04723,238.26
OUT_04724,814.27
OUT_04725,107.17
OUT_04726,261.66
OUT_04727,65.15
OUT_04728,266.97
OUT_04729,253.02
OUT_04730,107.3
OUT_04731,262.13
OUT_04732,87.78
OUT_04733,801.15
OUT_04734,877.28
OUT_04735,66.96
OUT_04736,296.9
OUT_04737,801.85
OUT_04738,85.29
OUT_04739,79.68
OUT_04740,98.31
OUT_04741,93.69
OUT_04742,826.4
OUT_04743,253.29
OUT_04744,252.07
OUT_04745,100.69
OUT_04746,789.65
OUT_04747,249.61
OUT_04748,105.91
OUT_04749,98.07
OUT_04750,94.32
OUT_04751,839.86
OUT_04752,1826.05
OUT_04753,284.18
OUT_04754,309.83
OUT_04755,275.06
OUT_04756,265.36
OUT_04757,112.09
OUT_04758,827.1
OUT_04759,94.35
OUT_04760,91.61
OUT_04761,287.01
OUT_04762,108.85
OUT_04763,110.54
OUT_04764,74.62
OUT_04765,274.77
OUT_04766,758.28
OUT_04767,108.21
OUT_04768,865.96
OUT_04769,120.34
OUT_04770,101.41
OUT_04771,92.54
OUT_04772,848.02
OUT_04773,88.05
OUT_04774,254.4
OUT_04775,93.11
OUT_04776,249.45
OUT_04777,98.55
OUT_04778,143.36
OUT_04779,294.4
OUT_04780,105.82
OUT_04781,261.58
OUT_04782,262.67
OUT_04783,254.54
OUT_04784,283.34
OUT_04785,248.71
OUT_04786,283.48
OUT_04787,77.26
OUT_04788,265.78
OUT_04789,124.05
OUT_04790,1853.98
OUT_04791,780.88
OUT_04792,82.32
OUT_04793,98.72
OUT_04794,113.01
OUT_04795,872.13
OUT_04796,266.62
OUT_04797,92.58
OUT_04798,814.46
OUT_04799,76.37
OUT_04800,82.6
OUT_04801,73.38
OUT_04802,111.63
OUT_04803,137.93
OUT_04804,848.05
OUT_04805,96.98
OUT_04806,95.84
OUT_04807,295.85
OUT_04808,867.03
OUT_04809,105.73
OUT_04810,286.31
OUT_04811,842.88
OUT_04812,1829.94
OUT_04813,93.65
OUT_04814,857.14
OUT_04815,44.07
OUT_04816,74.71
OUT_04817,103.06
OUT_04818,251.82
OUT_04819,1822.5
OUT_04820,117.41
OUT_04821,111.97
OUT_04822,103.85
OUT_04823,274.03
OUT_04824,100.39
OUT_04825,87.45
OUT_04826,108.2
OUT_04827,84.17
OUT_04828,122.49
OUT_04829,72.75
OUT_04830,856.3
OUT_04831,85.05
OUT_04832,256.62
OUT_04833,260.96
OUT_04834,94.44
OUT_04835,1933.69
OUT_04836,253.17
OUT_04837,104.54
OUT_04838,87.04
OUT_04839,86.85
OUT_04840,106.66
OUT_04841,95.55
OUT_04842,92.86
OUT_04843,94.8
OUT_04844,822.04
OUT_04845,59.37
OUT_04846,97.92
OUT_04847,90.59
OUT_04848,247.13
OUT_04849,273.36
OUT_04850,120.75
OUT_04851,298.36
OUT_04852,248.64
OUT_04853,1849.12
OUT_04854,764.91
OUT_04855,120.84
OUT_04856,259.09
OUT_04857,805.6
OUT_04858,91.32
OUT_04859,269.57
OUT_04860,250.53
OUT_04861,266.58
OUT_04862,283.31
OUT_04863,73.3
OUT_04864,248.99
OUT_04865,261.76
OUT_04866,256.04
OUT_04867,97.31
OUT_04868,257.32
OUT_04869,801.38
OUT_04870,93.92
OUT_04871,100.18
OUT_04872,274.29
OUT_04873,807.25
OUT_04874,87.45
OUT_04875,86.2
OUT_04876,270.28
OUT_04877,100.01
OUT_04878,89.29
OUT_04879,1841.95
OUT_04880,87.59
OUT_04881,121.66
OUT_04882,260.69
OUT_04883,106.56
OUT_04884,99.41
OUT_04885,808.13
OUT_04886,266.6
OUT_04887,786.76
OUT_04888,77.62
OUT_04889,90.75
OUT_04890,105.02
OUT_04891,258.7
OUT_04892,765.56
OUT_04893,254.07
OUT_04894,98.35
OUT_04895,90.59
OUT_04896,123.15
OUT_04897,82.34
OUT_04898,827.39
OUT_04899,268.65
OUT_04900,107.86
OUT_04901,275.14
OUT_04902,97.2
OUT_04903,249.31
OUT_04904,257.75
OUT_04905,94.47
OUT_04906,110.22
OUT_04907,111.5
OUT_04908,94.02
OUT_04909,95.14
OUT_04910,267.08
OUT_04911,93.91
OUT_04912,292.75
OUT_04913,799.05
OUT_04914,289.14
OUT_04915,103.34
OUT_04916,87.22
OUT_04917,257.85
OUT_04918,93.1
OUT_04919,1813.32
OUT_04920,270.59
OUT_04921,96.46
OUT_04922,268.9
OUT_04923,63.37
OUT_04924,782.6
OUT_04925,860.04
OUT_04926,86.58
OUT_04927,246.42
OUT_04928,269.98
OUT_04929,258.79
OUT_04930,79.03
OUT_04931,99.88
OUT_04932,254.67
OUT_04933,91.06
OUT_04934,100.81
OUT_04935,92.53
OUT_04936,271.1
OUT_04937,268.34
OUT_04938,102.52
OUT_04939,112.6
OUT_04940,83.11
OUT_04941,800.58
OUT_04942,826.45
OUT_04943,99.94
OUT_04944,847.16
OUT_04945,262.07
OUT_04946,67.06
OUT_04947,806.25
OUT_04948,60.52
OUT_04949,258.61
OUT_04950,292.32
OUT_04951,114.96
OUT_04952,265.42
OUT_04953,800.15
OUT_04954,266.23
OUT_04955,86.65
OUT_04956,91.65
OUT_04957,79.11
OUT_04958,101.5
OUT_04959,269.48
OUT_04960,143.08
OUT_04961,70.9
OUT_04962,1821.51
OUT_04963,277.81
OUT_04964,103.62
OUT_04965,66.23
OUT_04966,96.29
OUT_04967,101.76
OUT_04968,256.5
OUT_04969,272.01
OUT_04970,95.65
OUT_04971,842.49
OUT_04972,258.83
OUT_04973,810.62
OUT_04974,260.49
OUT_04975,96.78
OUT_04976,88.39
OUT_04977,70.1
OUT_04978,258.73
OUT_04979,1844.91
OUT_04980,264.0
OUT_04981,101.95
OUT_04982,251.97
OUT_04983,809.18
OUT_04984,105.06
OUT_04985,822.0
OUT_04986,273.07
OUT_04987,106.07
OUT_04988,107.38
OUT_04989,89.02
OUT_04990,258.72
OUT_04991,84.45
OUT_04992,812.03
OUT_04993,86.31
OUT_04994,253.86
OUT_04995,89.8
OUT_04996,257.99
OUT_04997,92.37
OUT_04998,86.72
OUT_04999,250.17
OUT_05000,104.9
OUT_05001,74.47
OUT_05002,81.44
OUT_05003,91.4
OUT_05004,117.57
OUT_05005,258.46
OUT_05006,82.68
OUT_05007,1790.51
OUT_05008,92.64
OUT_05009,94.97
OUT_05010,100.32
OUT_05011,279.98
OUT_05012,73.75
OUT_05013,100.53
OUT_05014,288.58
OUT_05015,271.56
OUT_05016,258.49
OUT_05017,100.92
OUT_05018,273.66
OUT_05019,99.02
OUT_05020,100.98
OUT_05021,288.29
OUT_05022,91.56
OUT_05023,119.63
OUT_05024,262.64
OUT_05025,103.56
OUT_05026,276.85
OUT_05027,108.9
OUT_05028,105.85
OUT_05029,254.71
OUT_05030,127.86
OUT_05031,101.52
OUT_05032,93.02
OUT_05033,119.97
OUT_05034,260.32
OUT_05035,124.47
OUT_05036,100.91
OUT_05037,88.2
OUT_05038,88.37
OUT_05039,112.4
OUT_05040,96.21
OUT_05041,81.87
OUT_05042,95.74
OUT_05043,100.02
OUT_05044,264.03
OUT_05045,795.78
OUT_05046,808.22
OUT_05047,119.74
OUT_05048,110.89
OUT_05049,144.2
OUT_05050,1810.82
OUT_05051,92.6
OUT_05052,784.5
OUT_05053,111.06
OUT_05054,75.66
OUT_05055,94.88
OUT_05056,272.11
OUT_05057,253.33
OUT_05058,105.31
OUT_05059,253.62
OUT_05060,91.37
OUT_05061,110.73
OUT_05062,91.22
OUT_05063,108.34
OUT_05064,272.53
OUT_05065,254.27
OUT_05066,273.23
OUT_05067,98.81
OUT_05068,85.44
OUT_05069,88.59
OUT_05070,253.24
OUT_05071,1881.71
OUT_05072,100.69
OUT_05073,289.4
OUT_05074,70.19
OUT_05075,78.87
OUT_05076,97.95
OUT_05077,79.52
OUT_05078,252.04
OUT_05079,864.25
OUT_05080,252.02
OUT_05081,98.57
OUT_05082,248.16
OUT_05083,263.76
OUT_05084,274.38
OUT_05085,243.25
OUT_05086,96.02
OUT_05087,286.51
OUT_05088,124.88
OUT_05089,288.04
OUT_05090,270.27
OUT_05091,821.78
OUT_05092,1862.72
OUT_05093,261.93
OUT_05094,264.82
OUT_05095,1840.17
OUT_05096,81.48
OUT_05097,807.4
OUT_05098,107.36
OUT_05099,91.77
OUT_05100,122.0
OUT_05101,797.98
OUT_05102,254.76
OUT_05103,107.26
OUT_05104,881.59
OUT_05105,107.11
OUT_05106,106.95
OUT_05107,269.05
OUT_05108,101.46
OUT_05109,87.32
OUT_05110,91.89
OUT_05111,94.2
OUT_05112,262.46
OUT_05113,98.07
OUT_05114,90.81
OUT_05115,840.11
OUT_05116,266.3
OUT_05117,92.35
OUT_05118,244.64
OUT_05119,87.07
OUT_05120,1861.21
OUT_05121,92.26
OUT_05122,846.25
OUT_05123,279.79
OUT_05124,279.18
OUT_05125,98.84
OUT_05126,91.56
OUT_05127,86.14
OUT_05128,263.6
OUT_05129,282.81
OUT_05130,824.32
OUT_05131,272.17
OUT_05132,91.06
OUT_05133,1813.48
OUT_05134,279.92
OUT_05135,94.97
OUT_05136,287.69
OUT_05137,109.13
OUT_05138,99.99
OUT_05139,84.08
OUT_05140,62.86
OUT_05141,274.14
OUT_05142,815.36
OUT_05143,299.33
OUT_05144,107.56
OUT_05145,94.27
OUT_05146,100.78
OUT_05147,269.62
OUT_05148,68.17
OUT_05149,224.46
OUT_05150,276.24
OUT_05151,96.66
OUT_05152,92.29
OUT_05153,106.02
OUT_05154,75.2
OUT_05155,270.84
OUT_05156,1848.87
OUT_05157,1843.33
OUT_05158,94.46
OUT_05159,251.87
OUT_05160,95.71
OUT_05161,786.79
OUT_05162,826.23
OUT_05163,261.06
OUT_05164,74.45
OUT_05165,103.89
OUT_05166,812.33
OUT_05167,267.21
OUT_05168,848.48
OUT_05169,88.98
OUT_05170,791.34
OUT_05171,85.61
OUT_05172,65.73
OUT_05173,81.65
OUT_05174,261.63
OUT_05175,793.91
OUT_05176,829.62
OUT_05177,131.06
OUT_05178,818.7
OUT_05179,92.34
OUT_05180,101.6
OUT_05181,1817.41
OUT_05182,84.75
OUT_05183,238.25
OUT_05184,107.71
OUT_05185,860.23
OUT_05186,823.86
OUT_05187,264.55
OUT_05188,870.17
OUT_05189,91.25
OUT_05190,115.61
OUT_05191,87.63
OUT_05192,256.92
OUT_05193,117.7
OUT_05194,253.61
OUT_05195,272.53
OUT_05196,108.93
OUT_05197,808.34
OUT_05198,1827.5
OUT_05199,279.78
OUT_05200,94.85
OUT_05201,874.29
OUT_05202,103.32
OUT_05203,284.32
OUT_05204,1869.35
OUT_05205,1783.77
OUT_05206,113.44
OUT_05207,260.1
OUT_05208,101.72
OUT_05209,95.51
OUT_05210,106.91
OUT_05211,261.51
OUT_05212,92.31
OUT_05213,97.52
OUT_05214,122.05
OUT_05215,96.22
OUT_05216,783.41
OUT_05217,65.0
OUT_05218,233.2
OUT_05219,88.74
OUT_05220,256.14
OUT_05221,82.65
OUT_05222,867.0
OUT_05223,111.15
OUT_05224,85.6
OUT_05225,250.21
OUT_05226,93.36
OUT_05227,99.43
OUT_05228,84.54
OUT_05229,88.32
OUT_05230,1856.16
OUT_05231,785.09
OUT_05232,246.97
OUT_05233,812.89
OUT_05234,261.3
OUT_05235,63.1
OUT_05236,87.51
OUT_05237,253.27
OUT_05238,106.44
OUT_05239,261.59
OUT_05240,263.72
OUT_05241,111.15
OUT_05242,84.0
OUT_05243,275.01
OUT_05244,274.2
OUT_05245,111.25
OUT_05246,106.37
OUT_05247,73.3
OUT_05248,256.7
OUT_05249,269.74
OUT_05250,1795.41
OUT_05251,76.01
OUT_05252,78.83
OUT_05253,256.56
OUT_05254,93.21
OUT_05255,866.87
OUT_05256,826.12
OUT_05257,815.83
OUT_05258,108.97
OUT_05259,815.65
OUT_05260,279.22
OUT_05261,99.35
OUT_05262,102.77
OUT_05263,86.99
OUT_05264,813.98
OUT_05265,286.07
OUT_05266,114.02
OUT_05267,264.92
OUT_05268,88.49
OUT_05269,1861.2
OUT_05270,319.86
OUT_05271,802.04
OUT_05272,793.54
OUT_05273,105.75
OUT_05274,265.64
OUT_05275,108.68
OUT_05276,109.56
OUT_05277,100.97
OUT_05278,89.03
OUT_05279,61.57
OUT_05280,1880.83
OUT_05281,266.86
OUT_05282,264.18
OUT_05283,273.3
OUT_05284,98.73
OUT_05285,115.09
OUT_05286,820.39
OUT_05287,845.85
OUT_05288,86.91
OUT_05289,272.72
OUT_05290,260.24
OUT_05291,106.17
OUT_05292,808.95
OUT_05293,85.63
OUT_05294,89.93
OUT_05295,261.87
OUT_05296,70.73
OUT_05297,1828.27
OUT_05298,126.42
OUT_05299,811.09
OUT_05300,250.29
OUT_05301,253.26
OUT_05302,854.44
OUT_05303,95.05
OUT_05304,135.53
OUT_05305,317.24
OUT_05306,93.47
OUT_05307,115.19
OUT_05308,93.57
OUT_05309,82.74
OUT_05310,107.51
OUT_05311,281.21
OUT_05312,85.75
OUT_05313,97.36
OUT_05314,262.46
OUT_05315,148.15
OUT_05316,280.17
OUT_05317,105.56
OUT_05318,817.02
OUT_05319,336.13
OUT_05320,263.76
OUT_05321,249.92
OUT_05322,80.17
OUT_05323,94.62
OUT_05324,257.92
OUT_05325,870.41
OUT_05326,90.51
OUT_05327,122.2
OUT_05328,269.12
OUT_05329,820.04
OUT_05330,95.77
OUT_05331,96.2
OUT_05332,854.89
OUT_05333,844.73
OUT_05334,100.07
OUT_05335,250.96
OUT_05336,246.39
OUT_05337,256.18
OUT_05338,105.76
OUT_05339,81.58
OUT_05340,862.82
OUT_05341,76.96
OUT_05342,259.28
OUT_05343,254.48
OUT_05344,239.34
OUT_05345,95.56
OUT_05346,89.41
OUT_05347,91.85
OUT_05348,100.97
OUT_05349,780.97
OUT_05350,255.72
OUT_05351,843.71
OUT_05352,282.79
OUT_05353,79.03
OUT_05354,253.95
OUT_05355,1812.9
OUT_05356,97.73
OUT_05357,864.19
OUT_05358,814.64
OUT_05359,85.28
OUT_05360,269.14
OUT_05361,45.54
OUT_05362,257.0
OUT_05363,121.44
OUT_05364,97.97
OUT_05365,73.19
OUT_05366,1834.46
OUT_05367,259.13
OUT_05368,74.13
OUT_05369,291.02
OUT_05370,88.6
OUT_05371,90.33
OUT_05372,258.87
OUT_05373,256.96
OUT_05374,94.05
OUT_05375,814.69
OUT_05376,114.73
OUT_05377,829.96
OUT_05378,87.5
OUT_05379,272.11
OUT_05380,79.93
OUT_05381,93.7
OUT_05382,120.67
OUT_05383,140.24
OUT_05384,825.35
OUT_05385,261.13
OUT_05386,112.12
OUT_05387,1838.5
OUT_05388,114.93
OUT_05389,90.52
OUT_05390,105.71
OUT_05391,107.55
OUT_05392,261.19
OUT_05393,277.0
OUT_05394,87.98
OUT_05395,111.4
OUT_05396,482.04
OUT_05397,89.15
OUT_05398,119.76
OUT_05399,77.14
OUT_05400,109.7
OUT_05401,287.27
OUT_05402,249.95
OUT_05403,818.93
OUT_05404,267.29
OUT_05405,251.02
OUT_05406,256.56
OUT_05407,795.53
OUT_05408,137.94
OUT_05409,262.2
OUT_05410,794.75
OUT_05411,99.65
OUT_05412,862.73
OUT_05413,103.13
OUT_05414,81.55
OUT_05415,287.42
OUT_05416,265.87
OUT_05417,97.44
OUT_05418,839.66
OUT_05419,252.21
OUT_05420,117.0
OUT_05421,123.0
OUT_05422,101.68
OUT_05423,104.03
OUT_05424,274.77
OUT_05425,89.89
OUT_05426,1843.44
OUT_05427,804.26
OUT_05428,889.73
OUT_05429,96.99
OUT_05430,1851.84
OUT_05431,260.95
OUT_05432,131.15
OUT_05433,90.39
OUT_05434,103.18
OUT_05435,258.91
OUT_05436,124.44
OUT_05437,104.52
OUT_05438,91.71
OUT_05439,251.81
OUT_05440,92.32
OUT_05441,108.9
OUT_05442,798.11
OUT_05443,267.31
OUT_05444,128.82
OUT_05445,255.95
OUT_05446,93.67
OUT_05447,269.26
OUT_05448,806.34
OUT_05449,104.71
OUT_05450,264.53
OUT_05451,288.85
OUT_05452,790.24
OUT_05453,1785.07
OUT_05454,267.3
OUT_05455,147.22
OUT_05456,272.81
OUT_05457,109.4
OUT_05458,294.19
OUT_05459,824.47
OUT_05460,101.85
OUT_05461,282.66
OUT_05462,249.95
OUT_05463,102.14
OUT_05464,110.29
OUT_05465,1819.16
OUT_05466,265.92
OUT_05467,85.47
OUT_05468,96.79
OUT_05469,87.15
OUT_05470,1842.94
OUT_05471,81.43
OUT_05472,69.44
OUT_05473,254.04
OUT_05474,102.24
OUT_05475,93.57
OUT_05476,103.39
OUT_05477,79.3
OUT_05478,787.48
OUT_05479,111.42
OUT_05480,106.35
OUT_05481,110.29
OUT_05482,891.75
OUT_05483,783.07
OUT_05484,63.55
OUT_05485,1804.32
OUT_05486,853.52
OUT_05487,250.46
OUT_05488,253.15
OUT_05489,113.38
OUT_05490,798.36
OUT_05491,94.62
OUT_05492,261.4
OUT_05493,857.59
OUT_05494,277.9
OUT_05495,839.76
OUT_05496,93.92
OUT_05497,783.16
OUT_05498,96.98
OUT_05499,87.8
OUT_05500,251.19
OUT_05501,787.29
OUT_05502,75.59
OUT_05503,124.45
OUT_05504,254.94
OUT_05505,305.18
OUT_05506,253.62
OUT_05507,73.6
OUT_05508,811.09
OUT_05509,288.98
OUT_05510,99.22
OUT_05511,854.72
OUT_05512,268.09
OUT_05513,93.19
OUT_05514,810.98
OUT_05515,90.79
OUT_05516,261.88
OUT_05517,102.06
OUT_05518,104.66
OUT_05519,119.08
OUT_05520,98.65
OUT_05521,90.15
OUT_05522,252.89
OUT_05523,766.54
OUT_05524,123.34
OUT_05525,274.34
OUT_05526,111.34
OUT_05527,88.11
OUT_05528,106.12
OUT_05529,128.84
OUT_05530,275.86
OUT_05531,122.74
OUT_05532,262.27
OUT_05533,104.58
OUT_05534,87.45
OUT_05535,256.99
OUT_05536,279.93
OUT_05537,786.3
OUT_05538,267.65
OUT_05539,88.93
OUT_05540,845.3
OUT_05541,112.45
OUT_05542,800.99
OUT_05543,787.01
OUT_05544,107.38
OUT_05545,270.66
OUT_05546,129.23
OUT_05547,106.56
OUT_05548,125.99
OUT_05549,88.62
OUT_05550,89.12
OUT_05551,791.34
OUT_05552,814.25
OUT_05553,335.38
OUT_05554,101.22
OUT_05555,828.66
OUT_05556,75.02
OUT_05557,87.33
OUT_05558,139.04
OUT_05559,96.28
OUT_05560,254.24
OUT_05561,148.78
OUT_05562,251.69
OUT_05563,252.73
OUT_05564,1818.5
OUT_05565,822.45
OUT_05566,74.19
OUT_05567,107.85
OUT_05568,282.49
OUT_05569,799.59
OUT_05570,97.67
OUT_05571,818.9
OUT_05572,76.38
OUT_05573,290.88
OUT_05574,89.31
OUT_05575,826.8
OUT_05576,776.89
OUT_05577,779.84
OUT_05578,1866.34
OUT_05579,804.47
OUT_05580,294.36
OUT_05581,88.41
OUT_05582,119.37
OUT_05583,95.13
OUT_05584,267.39
OUT_05585,259.31
OUT_05586,266.55
OUT_05587,282.9
OUT_05588,280.96
OUT_05589,80.72
OUT_05590,252.15
OUT_05591,257.14
OUT_05592,1835.05
OUT_05593,876.36
OUT_05594,256.07
OUT_05595,145.83
OUT_05596,130.99
OUT_05597,1801.67
OUT_05598,296.7
OUT_05599,67.55
OUT_05600,95.47
OUT_05601,128.23
OUT_05602,114.01
OUT_05603,116.31
OUT_05604,824.19
OUT_05605,106.26
OUT_05606,1842.6
OUT_05607,273.44
OUT_05608,256.03
OUT_05609,259.24
OUT_05610,126.59
OUT_05611,84.18
OUT_05612,73.62
OUT_05613,825.36
OUT_05614,103.01
OUT_05615,268.11
OUT_05616,250.47
OUT_05617,142.69
OUT_05618,264.96
OUT_05619,776.71
OUT_05620,865.32
OUT_05621,849.1
OUT_05622,115.54
OUT_05623,109.18
OUT_05624,116.15
OUT_05625,115.2
OUT_05626,845.27
OUT_05627,77.62
OUT_05628,103.88
OUT_05629,88.67
OUT_05630,262.94
OUT_05631,102.79
OUT_05632,285.56
OUT_05633,272.89
OUT_05634,81.89
OUT_05635,106.32
OUT_05636,65.27
OUT_05637,115.72
OUT_05638,261.45
OUT_05639,804.4
OUT_05640,800.62
OUT_05641,105.4
OUT_05642,98.85
OUT_05643,86.86
OUT_05644,251.01
OUT_05645,276.33
OUT_05646,116.05
OUT_05647,276.07
OUT_05648,96.62
OUT_05649,77.9
OUT_05650,128.43
OUT_05651,248.11
OUT_05652,238.84
OUT_05653,117.2
OUT_05654,97.3
OUT_05655,818.43
OUT_05656,274.83
OUT_05657,793.49
OUT_05658,853.58
OUT_05659,90.76
OUT_05660,90.32
OUT_05661,249.17
OUT_05662,118.76
OUT_05663,129.23
OUT_05664,808.17
OUT_05665,122.78
OUT_05666,95.16
OUT_05667,255.91
OUT_05668,116.55
OUT_05669,79.54
OUT_05670,271.12
OUT_05671,259.26
OUT_05672,98.12
OUT_05673,130.79
OUT_05674,121.81
OUT_05675,97.75
OUT_05676,253.59
OUT_05677,265.86
OUT_05678,84.09
OUT_05679,254.29
OUT_05680,63.89
OUT_05681,111.43
OUT_05682,819.81
OUT_05683,69.57
OUT_05684,265.8
OUT_05685,258.38
OUT_05686,82.17
OUT_05687,78.43
OUT_05688,263.12
OUT_05689,279.24
OUT_05690,283.92
OUT_05691,824.14
OUT_05692,798.76
OUT_05693,256.58
OUT_05694,1877.7
OUT_05695,106.4
OUT_05696,115.67
OUT_05697,79.12
OUT_05698,253.24
OUT_05699,1844.57
OUT_05700,128.71
OUT_05701,87.72
OUT_05702,112.81
OUT_05703,841.76
OUT_05704,83.02
OUT_05705,92.64
OUT_05706,89.93
OUT_05707,79.71
OUT_05708,117.86
OUT_05709,255.48
OUT_05710,82.67
OUT_05711,831.42
OUT_05712,94.21
OUT_05713,97.59
OUT_05714,255.09
OUT_05715,91.2
OUT_05716,849.99
OUT_05717,112.83
OUT_05718,801.78
OUT_05719,290.21
OUT_05720,102.49
OUT_05721,85.64
OUT_05722,252.27
OUT_05723,76.75
OUT_05724,104.91
OUT_05725,87.03
OUT_05726,260.74
OUT_05727,1883.96
OUT_05728,112.53
OUT_05729,113.03
OUT_05730,87.82
OUT_05731,105.64
OUT_05732,846.68
OUT_05733,889.14
OUT_05734,111.62
OUT_05735,89.63
OUT_05736,255.03
OUT_05737,118.75
OUT_05738,106.77
OUT_05739,290.05
OUT_05740,280.68
OUT_05741,106.22
OUT_05742,276.19
OUT_05743,1832.08
OUT_05744,260.67
OUT_05745,93.45
OUT_05746,97.78
OUT_05747,111.49
OUT_05748,101.36
OUT_05749,269.37
OUT_05750,258.34
OUT_05751,110.8
OUT_05752,267.49
OUT_05753,108.67
OUT_05754,256.98
OUT_05755,87.83
OUT_05756,260.28
OUT_05757,1866.67
OUT_05758,258.16
OUT_05759,97.78
OUT_05760,104.69
OUT_05761,250.28
OUT_05762,252.39
OUT_05763,87.27
OUT_05764,269.94
OUT_05765,281.6
OUT_05766,97.34
OUT_05767,91.29
OUT_05768,110.36
OUT_05769,265.39
OUT_05770,264.78
OUT_05771,84.18
OUT_05772,287.25
OUT_05773,272.27
OUT_05774,290.69
OUT_05775,129.65
OUT_05776,1846.09
OUT_05777,837.75
OUT_05778,248.86
OUT_05779,95.13
OUT_05780,107.16
OUT_05781,105.23
OUT_05782,260.47
OUT_05783,260.46
OUT_05784,64.12
OUT_05785,86.55
OUT_05786,823.78
OUT_05787,103.34
OUT_05788,80.29
OUT_05789,78.8
OUT_05790,253.28
OUT_05791,88.52
OUT_05792,281.97
OUT_05793,114.04
OUT_05794,103.03
OUT_05795,87.82
OUT_05796,100.45
OUT_05797,256.38
OUT_05798,269.64
OUT_05799,96.25
OUT_05800,255.57
OUT_05801,274.08
OUT_05802,285.63
OUT_05803,834.13
OUT_05804,828.21
OUT_05805,92.01
OUT_05806,256.51
OUT_05807,85.82
OUT_05808,74.94
OUT_05809,308.68
OUT_05810,83.11
OUT_05811,262.53
OUT_05812,94.89
OUT_05813,814.69
OUT_05814,819.88
OUT_05815,290.86
OUT_05816,275.71
OUT_05817,99.5
OUT_05818,252.71
OUT_05819,119.58
OUT_05820,92.46
OUT_05821,86.63
OUT_05822,276.44
OUT_05823,120.51
OUT_05824,745.68
OUT_05825,1822.62
OUT_05826,57.85
OUT_05827,99.58
OUT_05828,92.82
OUT_05829,273.65
OUT_05830,274.15
OUT_05831,252.48
OUT_05832,89.95
OUT_05833,81.37
OUT_05834,262.31
OUT_05835,95.75
OUT_05836,249.69
OUT_05837,248.8
OUT_05838,1863.55
OUT_05839,97.47
OUT_05840,100.43
OUT_05841,118.47
OUT_05842,77.3
OUT_05843,815.79
OUT_05844,103.75
OUT_05845,253.73
OUT_05846,863.4
OUT_05847,827.71
OUT_05848,94.78
OUT_05849,859.78
OUT_05850,257.13
OUT_05851,66.45
OUT_05852,792.89
OUT_05853,140.76
OUT_05854,816.5
OUT_05855,274.53
OUT_05856,278.48
OUT_05857,97.64
OUT_05858,80.56
OUT_05859,77.65
OUT_05860,107.28
OUT_05861,99.33
OUT_05862,85.83
OUT_05863,69.36
OUT_05864,83.35
OUT_05865,127.31
OUT_05866,65.51
OUT_05867,274.31
OUT_05868,260.93
OUT_05869,105.16
OUT_05870,814.31
OUT_05871,265.23
OUT_05872,104.53
OUT_05873,259.71
OUT_05874,101.94
OUT_05875,273.67
OUT_05876,76.99
OUT_05877,254.48
OUT_05878,115.23
OUT_05879,867.07
OUT_05880,128.98
OUT_05881,102.92
OUT_05882,262.24
OUT_05883,259.13
OUT_05884,249.6
OUT_05885,278.56
OUT_05886,255.67
OUT_05887,258.54
OUT_05888,81.16
OUT_05889,270.46
OUT_05890,820.72
OUT_05891,85.74
OUT_05892,841.62
OUT_05893,265.42
OUT_05894,819.37
OUT_05895,121.48
OUT_05896,92.68
OUT_05897,91.74
OUT_05898,92.78
OUT_05899,824.37
OUT_05900,265.53
OUT_05901,98.81
OUT_05902,254.31
OUT_05903,1855.42
OUT_05904,100.95
OUT_05905,91.48
OUT_05906,142.79
OUT_05907,277.84
OUT_05908,83.96
OUT_05909,808.78
OUT_05910,98.21
OUT_05911,151.45
OUT_05912,91.63
OUT_05913,99.78
OUT_05914,85.8
OUT_05915,259.38
OUT_05916,251.63
OUT_05917,119.79
OUT_05918,250.98
OUT_05919,90.54
OUT_05920,82.11
OUT_05921,93.18
OUT_05922,279.28
OUT_05923,85.29
OUT_05924,253.23
OUT_05925,262.44
OUT_05926,99.05
OUT_05927,1877.1
OUT_05928,119.74
OUT_05929,251.67
OUT_05930,89.15
OUT_05931,104.82
OUT_05932,262.27
OUT_05933,295.55
OUT_05934,84.89
OUT_05935,87.77
OUT_05936,1827.33
OUT_05937,802.19
OUT_05938,1848.31
OUT_05939,285.51
OUT_05940,1797.9
OUT_05941,112.14
OUT_05942,104.45
OUT_05943,830.82
OUT_05944,124.34
OUT_05945,115.85
OUT_05946,97.44
OUT_05947,1825.83
OUT_05948,824.8
OUT_05949,258.14
OUT_05950,91.6
OUT_05951,111.11
OUT_05952,111.59
OUT_05953,80.02
OUT_05954,153.04
OUT_05955,105.34
OUT_05956,774.03
OUT_05957,89.47
OUT_05958,253.76
OUT_05959,99.73
OUT_05960,818.4
OUT_05961,97.22
OUT_05962,252.86
OUT_05963,93.17
OUT_05964,104.31
OUT_05965,263.18
OUT_05966,252.64
OUT_05967,104.43
OUT_05968,89.45
OUT_05969,257.96
OUT_05970,281.78
OUT_05971,253.48
OUT_05972,81.69
OUT_05973,265.24
OUT_05974,101.95
OUT_05975,272.88
OUT_05976,94.75
OUT_05977,91.81
OUT_05978,285.53
OUT_05979,271.76
OUT_05980,123.63
OUT_05981,1830.14
OUT_05982,265.73
OUT_05983,106.66
OUT_05984,810.19
OUT_05985,90.32
OUT_05986,156.62
OUT_05987,105.19
OUT_05988,254.31
OUT_05989,95.21
OUT_05990,130.6
OUT_05991,104.95
OUT_05992,792.47
OUT_05993,158.19
OUT_05994,99.25
OUT_05995,93.84
OUT_05996,88.95
OUT_05997,99.86
OUT_05998,277.3
OUT_05999,90.64
OUT_06000,95.09
OUT_06001,80.75
OUT_06002,249.39
OUT_06003,119.5
OUT_06004,126.76
OUT_06005,268.91
OUT_06006,255.33
OUT_06007,76.94
OUT_06008,254.61
OUT_06009,256.19
OUT_06010,102.0
OUT_06011,96.08
OUT_06012,724.06
OUT_06013,790.51
OUT_06014,269.27
OUT_06015,141.46
OUT_06016,860.69
OUT_06017,70.59
OUT_06018,80.71
OUT_06019,91.18
OUT_06020,273.3
OUT_06021,79.33
OUT_06022,112.25
OUT_06023,1831.07
OUT_06024,91.64
OUT_06025,251.92
OUT_06026,890.29
OUT_06027,260.02
OUT_06028,149.63
OUT_06029,113.95
OUT_06030,1843.71
OUT_06031,82.36
OUT_06032,778.88
OUT_06033,1871.4
OUT_06034,287.8
OUT_06035,89.95
OUT_06036,72.57
OUT_06037,252.65
OUT_06038,292.96
OUT_06039,246.7
OUT_06040,248.13
OUT_06041,817.97
OUT_06042,282.58
OUT_06043,140.41
OUT_06044,1872.35
OUT_06045,80.85
OUT_06046,69.05
OUT_06047,824.07
OUT_06048,94.37
OUT_06049,888.75
OUT_06050,800.52
OUT_06051,98.22
OUT_06052,253.42
OUT_06053,255.61
OUT_06054,103.41
OUT_06055,256.12
OUT_06056,97.19
OUT_06057,300.26
OUT_06058,112.23
OUT_06059,278.37
OUT_06060,95.06
OUT_06061,253.46
OUT_06062,827.53
OUT_06063,264.81
OUT_06064,254.83
OUT_06065,256.91
OUT_06066,100.95
OUT_06067,81.64
OUT_06068,87.3
OUT_06069,95.87
OUT_06070,100.31
OUT_06071,85.58
OUT_06072,839.41
OUT_06073,89.91
OUT_06074,88.73
OUT_06075,267.31
OUT_06076,107.56
OUT_06077,130.1
OUT_06078,121.55
OUT_06079,146.29
OUT_06080,121.82
OUT_06081,1801.85
OUT_06082,835.0
OUT_06083,1851.99
OUT_06084,94.22
OUT_06085,84.47
OUT_06086,831.63
OUT_06087,291.42
OUT_06088,851.1
OUT_06089,92.4
OUT_06090,269.95
OUT_06091,95.11
OUT_06092,75.23
OUT_06093,1817.39
OUT_06094,273.25
OUT_06095,90.91
OUT_06096,860.92
OUT_06097,856.33
OUT_06098,83.73
OUT_06099,110.3
OUT_06100,829.7
OUT_06101,272.91
OUT_06102,260.43
OUT_06103,862.92
OUT_06104,271.79
OUT_06105,106.98
OUT_06106,254.16
OUT_06107,783.04
OUT_06108,137.9
OUT_06109,848.14
OUT_06110,81.26
OUT_06111,101.1
OUT_06112,267.78
OUT_06113,104.01
OUT_06114,266.58
OUT_06115,256.58
OUT_06116,119.26
OUT_06117,117.77
OUT_06118,122.57
OUT_06119,1805.03
OUT_06120,109.89
OUT_06121,116.28
OUT_06122,87.13
OUT_06123,284.2
OUT_06124,298.71
OUT_06125,91.42
OUT_06126,107.79
OUT_06127,249.79
OUT_06128,278.43
OUT_06129,96.06
OUT_06130,262.31
OUT_06131,141.65
OUT_06132,121.73
OUT_06133,84.82
OUT_06134,248.1
OUT_06135,813.08
OUT_06136,839.06
OUT_06137,253.45
OUT_06138,124.66
OUT_06139,70.51
OUT_06140,122.24
OUT_06141,112.66
OUT_06142,839.67
OUT_06143,85.78
OUT_06144,272.79
OUT_06145,271.47
OUT_06146,99.71
OUT_06147,254.08
OUT_06148,263.3
OUT_06149,283.37
OUT_06150,274.78
OUT_06151,1841.87
OUT_06152,53.73
OUT_06153,87.5
OUT_06154,94.09
OUT_06155,815.43
OUT_06156,95.59
OUT_06157,799.35
OUT_06158,266.12
OUT_06159,1885.85
OUT_06160,256.03
OUT_06161,252.91
OUT_06162,282.63
OUT_06163,95.29
OUT_06164,120.64
OUT_06165,297.64
OUT_06166,89.09
OUT_06167,259.81
OUT_06168,815.91
OUT_06169,66.91
OUT_06170,822.08
OUT_06171,88.83
OUT_06172,1845.53
OUT_06173,79.79
OUT_06174,241.45
OUT_06175,106.72
OUT_06176,262.42
OUT_06177,87.85
OUT_06178,97.81
OUT_06179,119.73
OUT_06180,87.29
OUT_06181,264.03
OUT_06182,877.65
OUT_06183,88.96
OUT_06184,64.42
OUT_06185,255.26
OUT_06186,787.9
OUT_06187,89.95
OUT_06188,107.91
OUT_06189,1821.07
OUT_06190,82.26
OUT_06191,93.46
OUT_06192,275.87
OUT_06193,269.06
OUT_06194,100.89
OUT_06195,88.71
OUT_06196,89.14
OUT_06197,264.83
OUT_06198,88.53
OUT_06199,92.77
OUT_06200,255.23
OUT_06201,116.85
OUT_06202,99.11
OUT_06203,809.77
OUT_06204,78.68
OUT_06205,1804.44
OUT_06206,255.73
OUT_06207,110.98
OUT_06208,71.41
OUT_06209,283.72
OUT_06210,1836.33
OUT_06211,70.62
OUT_06212,250.74
OUT_06213,100.4
OUT_06214,251.47
OUT_06215,812.07
OUT_06216,108.77
OUT_06217,265.6
OUT_06218,299.73
OUT_06219,89.23
OUT_06220,103.55
OUT_06221,90.87
OUT_06222,98.57
OUT_06223,113.2
OUT_06224,274.02
OUT_06225,97.87
OUT_06226,101.57
OUT_06227,263.98
OUT_06228,793.31
OUT_06229,269.55
OUT_06230,122.27
OUT_06231,88.41
OUT_06232,781.17
OUT_06233,292.68
OUT_06234,92.46
OUT_06235,78.3
OUT_06236,285.31
OUT_06237,253.99
OUT_06238,263.63
OUT_06239,76.61
OUT_06240,97.21
OUT_06241,98.21
OUT_06242,791.08
OUT_06243,109.52
OUT_06244,322.97
OUT_06245,82.5
OUT_06246,836.97
OUT_06247,103.61
OUT_06248,100.02
OUT_06249,106.3
OUT_06250,268.41
OUT_06251,251.7
OUT_06252,786.28
OUT_06253,98.08
OUT_06254,103.46
OUT_06255,843.73
OUT_06256,104.51
OUT_06257,809.61
OUT_06258,90.79
OUT_06259,256.9
OUT_06260,122.57
OUT_06261,280.42
OUT_06262,823.65
OUT_06263,91.77
OUT_06264,1808.93
OUT_06265,76.38
OUT_06266,231.59
OUT_06267,100.36
OUT_06268,100.75
OUT_06269,95.25
OUT_06270,103.23
OUT_06271,856.49
OUT_06272,268.87
OUT_06273,80.63
OUT_06274,89.2
OUT_06275,269.08
OUT_06276,263.76
OUT_06277,255.58
OUT_06278,1874.33
OUT_06279,810.66
OUT_06280,275.16
OUT_06281,264.99
OUT_06282,100.86
OUT_06283,106.94
OUT_06284,808.51
OUT_06285,91.47
OUT_06286,88.16
OUT_06287,97.14
OUT_06288,119.08
OUT_06289,790.53
OUT_06290,134.65
OUT_06291,127.74
OUT_06292,78.37
OUT_06293,250.3
OUT_06294,82.45
OUT_06295,120.44
OUT_06296,256.39
OUT_06297,72.2
OUT_06298,67.71
OUT_06299,295.09
OUT_06300,250.63
OUT_06301,258.18
OUT_06302,116.69
OUT_06303,89.01
OUT_06304,1858.35
OUT_06305,121.05
OUT_06306,70.77
OUT_06307,122.04
OUT_06308,258.3
OUT_06309,96.02
OUT_06310,70.23
OUT_06311,251.15
OUT_06312,99.08
OUT_06313,81.8
OUT_06314,96.81
OUT_06315,812.78
OUT_06316,266.39
OUT_06317,76.48
OUT_06318,91.68
OUT_06319,281.51
OUT_06320,283.51
OUT_06321,1816.14
OUT_06322,98.04
OUT_06323,803.44
OUT_06324,112.16
OUT_06325,85.73
OUT_06326,264.65
OUT_06327,857.27
OUT_06328,275.77
OUT_06329,86.14
OUT_06330,92.02
OUT_06331,282.09
OUT_06332,798.37
OUT_06333,100.96
OUT_06334,66.67
OUT_06335,64.94
OUT_06336,800.34
OUT_06337,111.36
OUT_06338,92.3
OUT_06339,253.75
OUT_06340,860.31
OUT_06341,253.57
OUT_06342,256.22
OUT_06343,77.92
OUT_06344,79.55
OUT_06345,96.86
OUT_06346,100.31
OUT_06347,256.95
OUT_06348,267.25
OUT_06349,287.08
OUT_06350,251.89
OUT_06351,279.85
OUT_06352,259.99
OUT_06353,247.63
OUT_06354,98.53
OUT_06355,102.83
OUT_06356,1834.94
OUT_06357,96.15
OUT_06358,1866.49
OUT_06359,248.23
OUT_06360,91.23
OUT_06361,823.04
OUT_06362,95.16
OUT_06363,89.44
OUT_06364,89.35
OUT_06365,271.07
OUT_06366,95.46
OUT_06367,815.42
OUT_06368,96.25
OUT_06369,276.48
OUT_06370,786.41
OUT_06371,109.17
OUT_06372,296.17
OUT_06373,1811.68
OUT_06374,86.1
OUT_06375,820.31
OUT_06376,284.83
OUT_06377,255.95
OUT_06378,88.9
OUT_06379,255.54
OUT_06380,68.16
OUT_06381,1836.45
OUT_06382,260.85
OUT_06383,78.39
OUT_06384,110.36
OUT_06385,90.02
OUT_06386,794.43
OUT_06387,1817.16
OUT_06388,103.41
OUT_06389,79.77
OUT_06390,259.74
OUT_06391,78.66
OUT_06392,1839.92
OUT_06393,102.34
OUT_06394,97.52
OUT_06395,92.61
OUT_06396,85.72
OUT_06397,99.05
OUT_06398,95.98
OUT_06399,257.13
OUT_06400,252.94
OUT_06401,142.48
OUT_06402,807.4
OUT_06403,867.17
OUT_06404,818.33
OUT_06405,262.14
OUT_06406,850.02
OUT_06407,118.85
OUT_06408,104.79
OUT_06409,125.27
OUT_06410,1828.08
OUT_06411,82.72
OUT_06412,110.27
OUT_06413,254.7
OUT_06414,1786.07
OUT_06415,259.89
OUT_06416,298.74
OUT_06417,1840.98
OUT_06418,117.83
OUT_06419,101.97
OUT_06420,1808.96
OUT_06421,89.34
OUT_06422,115.87
OUT_06423,103.78
OUT_06424,272.08
OUT_06425,130.79
OUT_06426,123.36
OUT_06427,847.54
OUT_06428,85.18
OUT_06429,92.73
OUT_06430,315.69
OUT_06431,281.38
OUT_06432,828.47
OUT_06433,278.4
OUT_06434,263.25
OUT_06435,94.27
OUT_06436,808.43
OUT_06437,92.14
OUT_06438,124.42
OUT_06439,1818.7
OUT_06440,275.45
OUT_06441,293.87
OUT_06442,250.44
OUT_06443,86.38
OUT_06444,100.36
OUT_06445,277.23
OUT_06446,99.34
OUT_06447,113.4
OUT_06448,93.89
OUT_06449,76.71
OUT_06450,96.8
OUT_06451,81.5
OUT_06452,94.82
OUT_06453,103.97
OUT_06454,260.2
OUT_06455,91.62
OUT_06456,95.83
OUT_06457,84.69
OUT_06458,87.29
OUT_06459,80.72
OUT_06460,253.65
OUT_06461,112.57
OUT_06462,867.13
OUT_06463,130.52
OUT_06464,112.72
OUT_06465,268.67
OUT_06466,784.17
OUT_06467,251.6
OUT_06468,93.76
OUT_06469,111.38
OUT_06470,104.08
OUT_06471,271.48
OUT_06472,854.15
OUT_06473,276.64
OUT_06474,109.2
OUT_06475,299.95
OUT_06476,257.77
OUT_06477,94.87
OUT_06478,77.43
OUT_06479,74.45
OUT_06480,281.42
OUT_06481,247.97
OUT_06482,103.49
OUT_06483,108.75
OUT_06484,99.99
OUT_06485,94.68
OUT_06486,97.22
OUT_06487,287.51
OUT_06488,124.55
OUT_06489,97.65
OUT_06490,810.2
OUT_06491,119.86
OUT_06492,266.61
OUT_06493,266.4
OUT_06494,115.17
OUT_06495,88.8
OUT_06496,265.89
OUT_06497,112.09
OUT_06498,99.37
OUT_06499,1870.17
OUT_06500,96.6
OUT_06501,783.83
OUT_06502,830.89
OUT_06503,85.25
OUT_06504,122.76
OUT_06505,96.62
OUT_06506,100.53
OUT_06507,793.35
OUT_06508,65.81
OUT_06509,253.72
OUT_06510,109.45
OUT_06511,122.36
OUT_06512,267.44
OUT_06513,88.41
OUT_06514,281.18
OUT_06515,267.53
OUT_06516,81.03
OUT_06517,118.15
OUT_06518,833.96
OUT_06519,262.86
OUT_06520,93.42
OUT_06521,80.29
OUT_06522,270.89
OUT_06523,265.93
OUT_06524,99.52
OUT_06525,79.67
OUT_06526,262.93
OUT_06527,105.85
OUT_06528,102.83
OUT_06529,799.8
OUT_06530,131.58
OUT_06531,262.6
OUT_06532,261.78
OUT_06533,103.37
OUT_06534,271.15
OUT_06535,762.78
OUT_06536,278.0
OUT_06537,86.87
OUT_06538,806.16
OUT_06539,84.23
OUT_06540,804.24
OUT_06541,97.15
OUT_06542,111.54
OUT_06543,250.55
OUT_06544,96.02
OUT_06545,808.28
OUT_06546,94.35
OUT_06547,101.96
OUT_06548,106.0
OUT_06549,76.04
OUT_06550,256.86
OUT_06551,251.49
OUT_06552,280.72
OUT_06553,274.61
OUT_06554,88.38
OUT_06555,260.25
OUT_06556,1810.05
OUT_06557,291.01
OUT_06558,285.74
OUT_06559,818.66
OUT_06560,67.56
OUT_06561,256.27
OUT_06562,96.51
OUT_06563,110.49
OUT_06564,90.85
OUT_06565,785.56
OUT_06566,76.22
OUT_06567,97.67
OUT_06568,272.28
OUT_06569,136.89
OUT_06570,90.74
OUT_06571,255.46
OUT_06572,126.48
OUT_06573,111.62
OUT_06574,802.48
OUT_06575,280.39
OUT_06576,107.49
OUT_06577,92.09
OUT_06578,95.61
OUT_06579,854.83
OUT_06580,106.66
OUT_06581,92.76
OUT_06582,109.03
OUT_06583,95.78
OUT_06584,86.46
OUT_06585,76.54
OUT_06586,280.57
OUT_06587,794.45
OUT_06588,122.98
OUT_06589,1846.54
OUT_06590,874.66
OUT_06591,124.27
OUT_06592,120.51
OUT_06593,257.11
OUT_06594,113.54
OUT_06595,123.64
OUT_06596,248.61
OUT_06597,102.93
OUT_06598,111.25
OUT_06599,852.61
OUT_06600,276.92
OUT_06601,95.66
OUT_06602,66.28
OUT_06603,270.24
OUT_06604,273.83
OUT_06605,115.81
OUT_06606,95.53
OUT_06607,118.54
OUT_06608,841.8
OUT_06609,269.35
OUT_06610,85.84
OUT_06611,78.67
OUT_06612,280.65
OUT_06613,830.85
OUT_06614,94.51
OUT_06615,855.92
OUT_06616,263.3
OUT_06617,259.21
OUT_06618,93.4
OUT_06619,106.84
OUT_06620,112.08
OUT_06621,93.28
OUT_06622,103.09
OUT_06623,81.48
OUT_06624,263.09
OUT_06625,1839.88
OUT_06626,271.47
OUT_06627,84.59
OUT_06628,277.92
OUT_06629,773.49
OUT_06630,255.39
OUT_06631,853.56
OUT_06632,117.25
OUT_06633,92.96
OUT_06634,275.16
OUT_06635,114.13
OUT_06636,102.6
OUT_06637,253.8
OUT_06638,119.71
OUT_06639,111.33
OUT_06640,84.17
OUT_06641,102.42
OUT_06642,126.39
OUT_06643,117.37
OUT_06644,95.69
OUT_06645,832.47
OUT_06646,269.17
OUT_06647,267.1
OUT_06648,797.63
OUT_06649,283.63
OUT_06650,109.51
OUT_06651,281.51
OUT_06652,119.45
OUT_06653,85.89
OUT_06654,107.97
OUT_06655,846.29
OUT_06656,85.56
OUT_06657,261.35
OUT_06658,1843.37
OUT_06659,84.56
OUT_06660,1812.52
OUT_06661,104.23
OUT_06662,259.88
OUT_06663,1831.56
OUT_06664,253.13
OUT_06665,95.53
OUT_06666,263.62
OUT_06667,88.64
OUT_06668,266.34
OUT_06669,88.16
OUT_06670,110.43
OUT_06671,96.57
OUT_06672,114.62
OUT_06673,117.59
OUT_06674,80.88
OUT_06675,118.97
OUT_06676,75.58
OUT_06677,819.03
OUT_06678,281.16
OUT_06679,280.81
OUT_06680,106.44
OUT_06681,91.84
OUT_06682,868.18
OUT_06683,86.88
OUT_06684,258.99
OUT_06685,80.48
OUT_06686,273.24
OUT_06687,109.86
OUT_06688,96.99
OUT_06689,85.78
OUT_06690,261.36
OUT_06691,58.29
OUT_06692,268.85
OUT_06693,98.48
OUT_06694,257.62
OUT_06695,264.72
OUT_06696,842.45
OUT_06697,130.09
OUT_06698,839.9
OUT_06699,1841.81
OUT_06700,122.2
OUT_06701,255.44
OUT_06702,275.96
OUT_06703,269.6
OUT_06704,266.67
OUT_06705,113.87
OUT_06706,268.98
OUT_06707,256.15
OUT_06708,79.12
OUT_06709,96.69
OUT_06710,276.01
OUT_06711,795.38
OUT_06712,83.97
OUT_06713,95.65
OUT_06714,94.22
OUT_06715,74.95
OUT_06716,122.45
OUT_06717,247.79
OUT_06718,845.57
OUT_06719,71.74
OUT_06720,910.32
OUT_06721,266.07
OUT_06722,77.49
OUT_06723,85.29
OUT_06724,855.64
OUT_06725,787.08
OUT_06726,259.86
OUT_06727,258.96
OUT_06728,111.89
OUT_06729,85.79
OUT_06730,92.89
OUT_06731,91.66
OUT_06732,72.14
OUT_06733,1809.87
OUT_06734,267.91
OUT_06735,87.44
OUT_06736,768.07
OUT_06737,104.21
OUT_06738,111.42
OUT_06739,266.39
OUT_06740,89.68
OUT_06741,259.23
OUT_06742,117.15
OUT_06743,102.23
OUT_06744,836.16
OUT_06745,252.97
OUT_06746,274.85
OUT_06747,802.03
OUT_06748,71.91
OUT_06749,274.53
OUT_06750,114.29
OUT_06751,263.12
OUT_06752,94.27
OUT_06753,272.65
OUT_06754,93.27
OUT_06755,100.35
OUT_06756,83.14
OUT_06757,90.32
OUT_06758,280.3
OUT_06759,108.61
OUT_06760,835.07
OUT_06761,113.31
OUT_06762,85.27
OUT_06763,843.12
OUT_06764,838.55
OUT_06765,262.86
OUT_06766,262.1
OUT_06767,281.31
OUT_06768,92.74
OUT_06769,97.27
OUT_06770,108.55
OUT_06771,97.94
OUT_06772,101.3
OUT_06773,259.02
OUT_06774,269.26
OUT_06775,282.68
OUT_06776,124.63
OUT_06777,848.77
OUT_06778,108.43
OUT_06779,124.08
OUT_06780,96.9
OUT_06781,73.16
OUT_06782,107.33
OUT_06783,115.89
OUT_06784,264.07
OUT_06785,271.76
OUT_06786,94.55
OUT_06787,100.58
OUT_06788,70.79
OUT_06789,113.2
OUT_06790,261.22
OUT_06791,96.43
OUT_06792,247.78
OUT_06793,264.74
OUT_06794,73.1
OUT_06795,281.17
OUT_06796,74.09
OUT_06797,805.23
OUT_06798,798.12
OUT_06799,88.39
OUT_06800,251.68
OUT_06801,94.65
OUT_06802,264.91
OUT_06803,315.56
OUT_06804,90.59
OUT_06805,102.38
OUT_06806,92.31
OUT_06807,113.29
OUT_06808,264.26
OUT_06809,88.64
OUT_06810,1782.48
OUT_06811,91.75
OUT_06812,87.71
OUT_06813,120.98
OUT_06814,99.32
OUT_06815,844.92
OUT_06816,261.31
OUT_06817,836.83
OUT_06818,1862.77
OUT_06819,252.84
OUT_06820,124.07
OUT_06821,252.02
OUT_06822,73.31
OUT_06823,287.56
OUT_06824,98.88
OUT_06825,260.46
OUT_06826,809.79
OUT_06827,126.08
OUT_06828,83.67
OUT_06829,68.87
OUT_06830,830.14
OUT_06831,255.19
OUT_06832,262.05
OUT_06833,250.29
OUT_06834,258.11
OUT_06835,82.96
OUT_06836,116.82
OUT_06837,260.16
OUT_06838,115.33
OUT_06839,798.77
OUT_06840,252.57
OUT_06841,232.36
OUT_06842,110.74
OUT_06843,902.82
OUT_06844,81.11
OUT_06845,264.51
OUT_06846,80.1
OUT_06847,89.05
OUT_06848,89.38
OUT_06849,286.9
OUT_06850,109.3
OUT_06851,257.32
OUT_06852,87.13
OUT_06853,80.25
OUT_06854,93.35
OUT_06855,252.53
OUT_06856,273.5
OUT_06857,108.61
OUT_06858,62.09
OUT_06859,85.88
OUT_06860,817.16
OUT_06861,109.44
OUT_06862,120.73
OUT_06863,850.0
OUT_06864,102.46
OUT_06865,301.03
OUT_06866,269.84
OUT_06867,781.15
OUT_06868,101.64
OUT_06869,112.41
OUT_06870,120.4
OUT_06871,145.28
OUT_06872,77.16
OUT_06873,103.51
OUT_06874,88.89
OUT_06875,76.49
OUT_06876,71.98
OUT_06877,100.23
OUT_06878,102.17
OUT_06879,820.43
OUT_06880,792.32
OUT_06881,811.39
OUT_06882,854.57
OUT_06883,93.38
OUT_06884,254.09
OUT_06885,78.54
OUT_06886,286.3
OUT_06887,78.64
OUT_06888,821.9
OUT_06889,101.06
OUT_06890,74.44
OUT_06891,256.26
OUT_06892,84.31
OUT_06893,276.12
OUT_06894,280.54
OUT_06895,99.53
OUT_06896,105.73
OUT_06897,246.62
OUT_06898,89.93
OUT_06899,113.58
OUT_06900,102.32
OUT_06901,252.31
OUT_06902,79.22
OUT_06903,96.48
OUT_06904,260.75
OUT_06905,289.45
OUT_06906,800.39
OUT_06907,68.93
OUT_06908,75.94
OUT_06909,112.33
OUT_06910,284.3
OUT_06911,85.16
OUT_06912,64.69
OUT_06913,116.03
OUT_06914,258.15
OUT_06915,821.19
OUT_06916,121.14
OUT_06917,111.67
OUT_06918,83.69
OUT_06919,120.53
OUT_06920,122.82
OUT_06921,85.17
OUT_06922,806.02
OUT_06923,85.98
OUT_06924,100.17
OUT_06925,81.71
OUT_06926,109.7
OUT_06927,107.0
OUT_06928,92.56
OUT_06929,101.27
OUT_06930,314.61
OUT_06931,71.28
OUT_06932,274.77
OUT_06933,252.84
OUT_06934,89.37
OUT_06935,110.23
OUT_06936,277.25
OUT_06937,113.49
OUT_06938,837.0
OUT_06939,295.64
OUT_06940,1865.6
OUT_06941,258.75
OUT_06942,258.34
OUT_06943,271.1
OUT_06944,90.35
OUT_06945,90.55
OUT_06946,94.02
OUT_06947,246.82
OUT_06948,803.75
OUT_06949,250.18
OUT_06950,106.44
OUT_06951,100.99
OUT_06952,877.53
OUT_06953,96.0
OUT_06954,126.17
OUT_06955,113.78
OUT_06956,256.01
OUT_06957,106.57
OUT_06958,90.57
OUT_06959,86.68
OUT_06960,116.2
OUT_06961,99.06
OUT_06962,87.55
OUT_06963,262.86
OUT_06964,128.85
OUT_06965,150.58
OUT_06966,73.36
OUT_06967,262.07
OUT_06968,107.55
OUT_06969,113.02
OUT_06970,72.66
OUT_06971,119.06
OUT_06972,77.65
OUT_06973,81.91
OUT_06974,275.75
OUT_06975,50.57
OUT_06976,836.14
OUT_06977,267.3
OUT_06978,135.35
OUT_06979,104.1
OUT_06980,89.0
OUT_06981,1853.23
OUT_06982,87.42
OUT_06983,94.78
OUT_06984,261.68
OUT_06985,1865.6
OUT_06986,75.34
OUT_06987,76.14
OUT_06988,259.29
OUT_06989,223.63
OUT_06990,868.77
OUT_06991,86.54
OUT_06992,85.99
OUT_06993,104.85
OUT_06994,108.48
OUT_06995,89.96
OUT_06996,805.77
OUT_06997,249.58
OUT_06998,89.75
OUT_06999,274.3
OUT_07000,884.91
OUT_07001,270.54
OUT_07002,823.61
OUT_07003,253.16
OUT_07004,93.74
OUT_07005,111.12
OUT_07006,64.19
OUT_07007,271.19
OUT_07008,1833.98
OUT_07009,276.52
OUT_07010,278.81
OUT_07011,98.22
OUT_07012,806.97
OUT_07013,1831.14
OUT_07014,275.79
OUT_07015,80.6
OUT_07016,1840.92
OUT_07017,100.71
OUT_07018,247.65
OUT_07019,87.48
OUT_07020,813.16
OUT_07021,277.36
OUT_07022,94.12
OUT_07023,96.27
OUT_07024,242.33
OUT_07025,101.28
OUT_07026,1787.15
OUT_07027,1823.93
OUT_07028,116.08
OUT_07029,799.09
OUT_07030,111.64
OUT_07031,814.74
OUT_07032,260.09
OUT_07033,297.61
OUT_07034,86.91
OUT_07035,88.62
OUT_07036,98.25
OUT_07037,251.08
OUT_07038,89.85
OUT_07039,91.39
OUT_07040,269.1
OUT_07041,68.58
OUT_07042,262.89
OUT_07043,124.58
OUT_07044,290.99
OUT_07045,275.12
OUT_07046,259.97
OUT_07047,121.94
OUT_07048,817.62
OUT_07049,102.95
OUT_07050,246.99
OUT_07051,275.06
OUT_07052,121.1
OUT_07053,97.55
OUT_07054,256.76
OUT_07055,117.58
OUT_07056,861.2
OUT_07057,766.68
OUT_07058,258.88
OUT_07059,88.43
OUT_07060,111.5
OUT_07061,789.97
OUT_07062,270.87
OUT_07063,96.3
OUT_07064,265.82
OUT_07065,862.46
OUT_07066,91.9
OUT_07067,257.25
OUT_07068,1845.18
OUT_07069,88.48
OUT_07070,273.51
OUT_07071,91.59
OUT_07072,103.52
OUT_07073,75.65
OUT_07074,145.48
OUT_07075,120.25
OUT_07076,135.44
OUT_07077,48.34
OUT_07078,247.36
OUT_07079,81.61
OUT_07080,1801.34
OUT_07081,276.6
OUT_07082,84.47
OUT_07083,122.51
OUT_07084,74.85
OUT_07085,265.74
OUT_07086,85.96
OUT_07087,90.23
OUT_07088,250.31
OUT_07089,1806.44
OUT_07090,289.96
OUT_07091,271.73
OUT_07092,122.3
OUT_07093,843.67
OUT_07094,248.65
OUT_07095,66.71
OUT_07096,250.39
OUT_07097,253.78
OUT_07098,140.74
OUT_07099,277.27
OUT_07100,100.1
OUT_07101,869.65
OUT_07102,82.75
OUT_07103,110.55
OUT_07104,73.77
OUT_07105,285.07
OUT_07106,116.26
OUT_07107,85.21
OUT_07108,849.41
OUT_07109,124.11
OUT_07110,102.03
OUT_07111,284.65
OUT_07112,240.22
OUT_07113,254.69
OUT_07114,268.04
OUT_07115,279.13
OUT_07116,116.77
OUT_07117,108.85
OUT_07118,77.52
OUT_07119,250.94
OUT_07120,271.52
OUT_07121,907.6
OUT_07122,779.61
OUT_07123,92.85
OUT_07124,872.21
OUT_07125,123.47
OUT_07126,255.83
OUT_07127,85.2
OUT_07128,86.97
OUT_07129,270.21
OUT_07130,101.49
OUT_07131,92.98
OUT_07132,295.67
OUT_07133,72.34
OUT_07134,112.05
OUT_07135,1874.72
OUT_07136,86.46
OUT_07137,108.57
OUT_07138,853.91
OUT_07139,104.88
OUT_07140,98.59
OUT_07141,858.03
OUT_07142,122.16
OUT_07143,103.24
OUT_07144,869.74
OUT_07145,116.87
OUT_07146,95.45
OUT_07147,795.75
OUT_07148,886.46
OUT_07149,266.04
OUT_07150,807.96
OUT_07151,110.01
OUT_07152,121.43
OUT_07153,109.63
OUT_07154,85.57
OUT_07155,265.53
OUT_07156,869.32
OUT_07157,288.56
OUT_07158,132.15
OUT_07159,99.37
OUT_07160,123.69
OUT_07161,1841.15
OUT_07162,96.26
OUT_07163,132.49
OUT_07164,101.9
OUT_07165,95.63
OUT_07166,267.72
OUT_07167,121.79
OUT_07168,92.71
OUT_07169,264.81
OUT_07170,93.43
OUT_07171,83.07
OUT_07172,61.06
OUT_07173,118.79
OUT_07174,92.84
OUT_07175,85.87
OUT_07176,118.71
OUT_07177,1800.72
OUT_07178,286.92
OUT_07179,104.81
OUT_07180,86.31
OUT_07181,280.58
OUT_07182,52.25
OUT_07183,848.87
OUT_07184,257.17
OUT_07185,123.85
OUT_07186,165.61
OUT_07187,851.36
OUT_07188,82.97
OUT_07189,106.44
OUT_07190,92.32
OUT_07191,87.83
OUT_07192,95.38
OUT_07193,314.67
OUT_07194,794.9
OUT_07195,797.14
OUT_07196,249.3
OUT_07197,109.97
OUT_07198,112.84
OUT_07199,261.44
OUT_07200,97.48
OUT_07201,267.23
OUT_07202,78.16
OUT_07203,287.12
OUT_07204,106.81
OUT_07205,82.09
OUT_07206,74.91
OUT_07207,252.99
OUT_07208,117.63
OUT_07209,251.39
OUT_07210,78.5
OUT_07211,100.2
OUT_07212,263.87
OUT_07213,109.01
OUT_07214,835.27
OUT_07215,1845.05
OUT_07216,69.71
OUT_07217,83.34
OUT_07218,252.45
OUT_07219,834.77
OUT_07220,123.29
OUT_07221,103.63
OUT_07222,98.0
OUT_07223,108.06
OUT_07224,116.29
OUT_07225,1840.66
OUT_07226,100.85
OUT_07227,859.41
OUT_07228,76.71
OUT_07229,93.01
OUT_07230,90.47
OUT_07231,90.3
OUT_07232,255.74
OUT_07233,1843.67
OUT_07234,79.73
OUT_07235,281.5
OUT_07236,120.11
OUT_07237,74.59
OUT_07238,94.48
OUT_07239,249.34
OUT_07240,96.75
OUT_07241,99.44
OUT_07242,76.67
OUT_07243,284.04
OUT_07244,102.96
OUT_07245,270.94
OUT_07246,109.0
OUT_07247,263.71
OUT_07248,110.52
OUT_07249,105.96
OUT_07250,1817.64
OUT_07251,250.74
OUT_07252,266.84
OUT_07253,98.33
OUT_07254,108.21
OUT_07255,97.65
OUT_07256,257.43
OUT_07257,259.8
OUT_07258,821.99
OUT_07259,832.76
OUT_07260,85.05
OUT_07261,139.67
OUT_07262,261.51
OUT_07263,853.46
OUT_07264,111.36
OUT_07265,88.98
OUT_07266,844.47
OUT_07267,87.19
OUT_07268,249.64
OUT_07269,268.45
OUT_07270,106.95
OUT_07271,87.94
OUT_07272,273.91
OUT_07273,833.09
OUT_07274,809.72
OUT_07275,97.37
OUT_07276,1846.29
OUT_07277,86.73
OUT_07278,91.5
OUT_07279,88.53
OUT_07280,272.61
OUT_07281,839.56
OUT_07282,264.92
OUT_07283,101.02
OUT_07284,262.24
OUT_07285,1891.58
OUT_07286,286.43
OUT_07287,104.35
OUT_07288,99.64
OUT_07289,810.91
OUT_07290,66.8
OUT_07291,124.17
OUT_07292,143.95
OUT_07293,103.97
OUT_07294,117.62
OUT_07295,82.12
OUT_07296,282.95
OUT_07297,95.92
OUT_07298,833.37
OUT_07299,73.2
OUT_07300,857.07
OUT_07301,78.69
OUT_07302,257.97
OUT_07303,93.7
OUT_07304,57.89
OUT_07305,872.21
OUT_07306,127.36
OUT_07307,871.2
OUT_07308,90.67
OUT_07309,90.76
OUT_07310,118.47
OUT_07311,266.87
OUT_07312,99.44
OUT_07313,104.48
OUT_07314,788.11
OUT_07315,251.92
OUT_07316,1825.59
OUT_07317,795.32
OUT_07318,267.41
OUT_07319,71.62
OUT_07320,133.97
OUT_07321,1860.68
OUT_07322,258.43
OUT_07323,100.01
OUT_07324,864.51
OUT_07325,114.6
OUT_07326,74.66
OUT_07327,821.52
OUT_07328,257.61
OUT_07329,259.98
OUT_07330,249.82
OUT_07331,825.05
OUT_07332,98.58
OUT_07333,260.59
OUT_07334,263.11
OUT_07335,868.08
OUT_07336,101.58
OUT_07337,110.91
OUT_07338,72.39
OUT_07339,90.81
OUT_07340,99.46
OUT_07341,849.91
OUT_07342,94.23
OUT_07343,276.95
OUT_07344,104.69
OUT_07345,117.02
OUT_07346,82.5
OUT_07347,273.19
OUT_07348,251.29
OUT_07349,755.5
OUT_07350,89.93
OUT_07351,282.75
OUT_07352,115.3
OUT_07353,52.94
OUT_07354,840.07
OUT_07355,77.06
OUT_07356,247.53
OUT_07357,264.5
OUT_07358,91.19
OUT_07359,96.26
OUT_07360,88.55
OUT_07361,112.66
OUT_07362,263.54
OUT_07363,107.69
OUT_07364,251.73
OUT_07365,126.15
OUT_07366,90.73
OUT_07367,800.46
OUT_07368,846.89
OUT_07369,111.09
OUT_07370,68.24
OUT_07371,249.7
OUT_07372,137.31
OUT_07373,92.0
OUT_07374,845.42
OUT_07375,91.38
OUT_07376,303.53
OUT_07377,100.14
OUT_07378,796.41
OUT_07379,102.25
OUT_07380,811.8
OUT_07381,91.41
OUT_07382,251.38
OUT_07383,271.53
OUT_07384,86.55
OUT_07385,102.25
OUT_07386,854.43
OUT_07387,92.5
OUT_07388,1852.67
OUT_07389,126.68
OUT_07390,795.23
OUT_07391,1838.32
OUT_07392,96.76
OUT_07393,829.55
OUT_07394,91.77
OUT_07395,94.43
OUT_07396,267.18
OUT_07397,140.93
OUT_07398,103.2
OUT_07399,89.89
OUT_07400,279.44
OUT_07401,104.5
OUT_07402,258.68
OUT_07403,108.94
OUT_07404,93.03
OUT_07405,84.39
OUT_07406,123.52
OUT_07407,100.74
OUT_07408,1783.11
OUT_07409,92.06
OUT_07410,262.26
OUT_07411,80.72
OUT_07412,78.36
OUT_07413,287.18
OUT_07414,271.56
OUT_07415,249.17
OUT_07416,294.57
OUT_07417,1885.36
OUT_07418,830.97
OUT_07419,99.88
OUT_07420,277.71
OUT_07421,119.75
OUT_07422,869.67
OUT_07423,269.48
OUT_07424,103.24
OUT_07425,274.05
OUT_07426,275.58
OUT_07427,89.98
OUT_07428,261.25
OUT_07429,255.54
OUT_07430,92.31
OUT_07431,95.58
OUT_07432,854.58
OUT_07433,97.47
OUT_07434,78.46
OUT_07435,107.28
OUT_07436,95.06
OUT_07437,114.5
OUT_07438,114.84
OUT_07439,37.48
OUT_07440,287.3
OUT_07441,106.3
OUT_07442,74.17
OUT_07443,862.27
OUT_07444,261.84
OUT_07445,78.23
OUT_07446,117.9
OUT_07447,267.2
OUT_07448,252.41
OUT_07449,115.15
OUT_07450,87.87
OUT_07451,810.51
OUT_07452,248.32
OUT_07453,280.02
OUT_07454,60.24
OUT_07455,263.0
OUT_07456,909.91
OUT_07457,77.21
OUT_07458,274.64
OUT_07459,104.73
OUT_07460,123.63
OUT_07461,69.74
OUT_07462,241.97
OUT_07463,264.53
OUT_07464,253.6
OUT_07465,92.23
OUT_07466,824.44
OUT_07467,260.55
OUT_07468,89.24
OUT_07469,788.01
OUT_07470,83.63
OUT_07471,284.88
OUT_07472,799.15
OUT_07473,80.28
OUT_07474,1795.08
OUT_07475,269.52
OUT_07476,91.06
OUT_07477,100.2
OUT_07478,76.67
OUT_07479,109.3
OUT_07480,854.04
OUT_07481,274.5
OUT_07482,108.65
OUT_07483,828.67
OUT_07484,267.06
OUT_07485,281.11
OUT_07486,260.73
OUT_07487,293.03
OUT_07488,303.55
OUT_07489,257.11
OUT_07490,818.21
OUT_07491,276.62
OUT_07492,1856.78
OUT_07493,272.88
OUT_07494,261.55
OUT_07495,268.33
OUT_07496,67.49
OUT_07497,249.87
OUT_07498,266.07
OUT_07499,265.17
OUT_07500,64.87
OUT_07501,252.58
OUT_07502,87.05
OUT_07503,263.42
OUT_07504,1853.14
OUT_07505,802.63
OUT_07506,77.75
OUT_07507,76.41
OUT_07508,75.85
OUT_07509,115.36
OUT_07510,121.74
OUT_07511,91.37
OUT_07512,275.85
OUT_07513,263.74
OUT_07514,80.77
OUT_07515,853.82
OUT_07516,100.34
OUT_07517,102.6
OUT_07518,92.14
OUT_07519,1862.42
OUT_07520,279.01
OUT_07521,96.47
OUT_07522,258.05
OUT_07523,120.41
OUT_07524,270.32
OUT_07525,105.66
OUT_07526,121.09
OUT_07527,105.03
OUT_07528,89.32
OUT_07529,92.63
OUT_07530,262.44
OUT_07531,97.22
OUT_07532,261.96
OUT_07533,253.36
OUT_07534,104.64
OUT_07535,274.3
OUT_07536,781.22
OUT_07537,85.12
OUT_07538,97.29
OUT_07539,251.7
OUT_07540,85.18
OUT_07541,78.62
OUT_07542,81.32
OUT_07543,114.31
OUT_07544,79.66
OUT_07545,254.49
OUT_07546,1876.31
OUT_07547,290.96
OUT_07548,94.12
OUT_07549,71.36
OUT_07550,94.72
OUT_07551,106.04
OUT_07552,263.45
OUT_07553,1843.8
OUT_07554,73.42
OUT_07555,79.02
OUT_07556,77.04
OUT_07557,848.15
OUT_07558,88.39
OUT_07559,85.25
OUT_07560,105.46
OUT_07561,257.36
OUT_07562,72.52
OUT_07563,263.79
OUT_07564,114.62
OUT_07565,116.37
OUT_07566,74.3
OUT_07567,95.38
OUT_07568,98.76
OUT_07569,94.92
OUT_07570,137.8
OUT_07571,270.29
OUT_07572,114.31
OUT_07573,116.02
OUT_07574,809.63
OUT_07575,80.29
OUT_07576,264.36
OUT_07577,126.27
OUT_07578,780.72
OUT_07579,91.38
OUT_07580,106.96
OUT_07581,856.17
OUT_07582,94.13
OUT_07583,104.62
OUT_07584,77.52
OUT_07585,102.75
OUT_07586,285.44
OUT_07587,741.02
OUT_07588,112.12
OUT_07589,106.53
OUT_07590,856.74
OUT_07591,877.95
OUT_07592,87.07
OUT_07593,272.13
OUT_07594,111.7
OUT_07595,80.92
OUT_07596,93.44
OUT_07597,113.5
OUT_07598,278.57
OUT_07599,87.53
OUT_07600,871.38
OUT_07601,112.01
OUT_07602,111.19
OUT_07603,105.78
OUT_07604,1855.28
OUT_07605,869.45
OUT_07606,111.34
OUT_07607,96.47
OUT_07608,100.21
OUT_07609,264.22
OUT_07610,98.85
OUT_07611,263.84
OUT_07612,114.31
OUT_07613,98.55
OUT_07614,71.79
OUT_07615,264.83
OUT_07616,99.61
OUT_07617,866.69
OUT_07618,93.3
OUT_07619,269.76
OUT_07620,278.92
OUT_07621,292.91
OUT_07622,272.62
OUT_07623,91.78
OUT_07624,109.11
OUT_07625,809.38
OUT_07626,70.71
OUT_07627,832.41
OUT_07628,80.26
OUT_07629,770.07
OUT_07630,79.58
OUT_07631,129.44
OUT_07632,90.37
OUT_07633,834.35
OUT_07634,121.66
OUT_07635,852.97
OUT_07636,870.2
OUT_07637,84.44
OUT_07638,271.47
OUT_07639,1847.65
OUT_07640,83.39
OUT_07641,260.78
OUT_07642,118.89
OUT_07643,290.76
OUT_07644,107.71
OUT_07645,124.05
OUT_07646,259.16
OUT_07647,141.41
OUT_07648,103.78
OUT_07649,252.09
OUT_07650,280.08
OUT_07651,91.98
OUT_07652,88.9
OUT_07653,82.04
OUT_07654,263.52
OUT_07655,1837.31
OUT_07656,102.65
OUT_07657,92.12
OUT_07658,1877.87
OUT_07659,255.71
OUT_07660,101.38
OUT_07661,264.89
OUT_07662,262.78
OUT_07663,92.66
OUT_07664,253.02
OUT_07665,78.26
OUT_07666,105.28
OUT_07667,266.3
OUT_07668,99.53
OUT_07669,87.96
OUT_07670,107.54
OUT_07671,855.68
OUT_07672,97.31
OUT_07673,109.34
OUT_07674,768.32
OUT_07675,114.31
OUT_07676,94.32
OUT_07677,780.89
OUT_07678,769.94
OUT_07679,828.47
OUT_07680,103.1
OUT_07681,249.35
OUT_07682,842.67
OUT_07683,86.11
OUT_07684,295.84
OUT_07685,865.2
OUT_07686,84.25
OUT_07687,1899.96
OUT_07688,1812.35
OUT_07689,278.07
OUT_07690,82.8
OUT_07691,106.48
OUT_07692,77.22
OUT_07693,265.13
OUT_07694,105.89
OUT_07695,91.34
OUT_07696,118.17
OUT_07697,91.75
OUT_07698,127.51
OUT_07699,111.81
OUT_07700,90.78
OUT_07701,72.99
OUT_07702,846.48
OUT_07703,1856.57
OUT_07704,814.49
OUT_07705,274.85
OUT_07706,260.73
OUT_07707,97.72
OUT_07708,248.94
OUT_07709,251.98
OUT_07710,112.65
OUT_07711,93.68
OUT_07712,298.84
OUT_07713,281.87
OUT_07714,266.39
OUT_07715,255.73
OUT_07716,117.7
OUT_07717,98.06
OUT_07718,251.43
OUT_07719,82.2
OUT_07720,1845.2
OUT_07721,273.23
OUT_07722,820.4
OUT_07723,97.33
OUT_07724,256.18
OUT_07725,255.28
OUT_07726,109.54
OUT_07727,117.98
OUT_07728,102.2
OUT_07729,89.32
OUT_07730,277.89
OUT_07731,116.91
OUT_07732,274.46
OUT_07733,68.34
OUT_07734,873.67
OUT_07735,95.28
OUT_07736,1804.18
OUT_07737,111.81
OUT_07738,105.95
OUT_07739,320.76
OUT_07740,259.18
OUT_07741,95.67
OUT_07742,829.27
OUT_07743,98.62
OUT_07744,114.01
OUT_07745,95.21
OUT_07746,847.58
OUT_07747,270.01
OUT_07748,97.02
OUT_07749,250.94
OUT_07750,266.92
OUT_07751,97.13
OUT_07752,97.6
OUT_07753,268.7
OUT_07754,99.22
OUT_07755,275.66
OUT_07756,92.88
OUT_07757,98.6
OUT_07758,88.42
OUT_07759,99.75
OUT_07760,252.35
OUT_07761,101.3
OUT_07762,1843.02
OUT_07763,269.17
OUT_07764,102.15
OUT_07765,1838.22
OUT_07766,83.02
OUT_07767,135.92
OUT_07768,105.54
OUT_07769,782.53
OUT_07770,134.07
OUT_07771,269.58
OUT_07772,839.03
OUT_07773,263.54
OUT_07774,227.29
OUT_07775,848.79
OUT_07776,89.17
OUT_07777,106.08
OUT_07778,68.64
OUT_07779,121.27
OUT_07780,104.79
OUT_07781,295.24
OUT_07782,270.54
OUT_07783,102.92
OUT_07784,236.65
OUT_07785,282.77
OUT_07786,787.55
OUT_07787,848.9
OUT_07788,87.66
OUT_07789,93.21
OUT_07790,279.82
OUT_07791,773.62
OUT_07792,835.85
OUT_07793,827.64
OUT_07794,74.94
OUT_07795,849.59
OUT_07796,1855.14
OUT_07797,76.5
OUT_07798,271.43
OUT_07799,73.08
OUT_07800,91.06
OUT_07801,854.05
OUT_07802,114.23
OUT_07803,132.38
OUT_07804,111.82
OUT_07805,109.93
OUT_07806,253.16
OUT_07807,97.17
OUT_07808,85.79
OUT_07809,255.13
OUT_07810,1812.47
OUT_07811,92.52
OUT_07812,115.91
OUT_07813,92.49
OUT_07814,109.42
OUT_07815,1829.64
OUT_07816,108.67
OUT_07817,812.83
OUT_07818,113.54
OUT_07819,253.42
OUT_07820,114.86
OUT_07821,95.46
OUT_07822,76.53
OUT_07823,837.51
OUT_07824,93.27
OUT_07825,259.55
OUT_07826,88.0
OUT_07827,260.5
OUT_07828,84.47
OUT_07829,71.66
OUT_07830,822.8
OUT_07831,257.76
OUT_07832,872.94
OUT_07833,271.01
OUT_07834,287.75
OUT_07835,122.93
OUT_07836,255.99
OUT_07837,1852.63
OUT_07838,281.2
OUT_07839,94.61
OUT_07840,282.98
OUT_07841,105.83
OUT_07842,102.05
OUT_07843,105.82
OUT_07844,107.94
OUT_07845,830.54
OUT_07846,261.26
OUT_07847,267.98
OUT_07848,94.28
OUT_07849,85.72
OUT_07850,75.95
OUT_07851,111.07
OUT_07852,123.77
OUT_07853,94.98
OUT_07854,80.93
OUT_07855,275.74
OUT_07856,247.73
OUT_07857,252.18
OUT_07858,895.52
OUT_07859,817.35
OUT_07860,257.15
OUT_07861,260.52
OUT_07862,104.63
OUT_07863,277.5
OUT_07864,258.52
OUT_07865,88.37
OUT_07866,126.95
OUT_07867,861.27
OUT_07868,87.76
OUT_07869,260.83
OUT_07870,254.92
OUT_07871,104.2
OUT_07872,91.65
OUT_07873,88.48
OUT_07874,106.54
OUT_07875,844.54
OUT_07876,1824.13
OUT_07877,1844.77
OUT_07878,85.28
OUT_07879,791.16
OUT_07880,1876.16
OUT_07881,88.96
OUT_07882,73.2
OUT_07883,818.43
OUT_07884,254.6
OUT_07885,94.2
OUT_07886,270.31
OUT_07887,105.35
OUT_07888,258.27
OUT_07889,123.98
OUT_07890,82.54
OUT_07891,113.3
OUT_07892,116.36
OUT_07893,792.26
OUT_07894,109.96
OUT_07895,71.23
OUT_07896,1813.92
OUT_07897,849.14
OUT_07898,255.43
OUT_07899,266.6
OUT_07900,111.51
OUT_07901,779.36
OUT_07902,112.89
OUT_07903,78.78
OUT_07904,92.99
OUT_07905,94.1
OUT_07906,110.54
OUT_07907,80.79
OUT_07908,811.73
OUT_07909,273.44
OUT_07910,251.4
OUT_07911,807.93
OUT_07912,89.34
OUT_07913,115.14
OUT_07914,112.31
OUT_07915,269.05
OUT_07916,1846.25
OUT_07917,124.92
OUT_07918,86.3
OUT_07919,101.3
OUT_07920,259.35
OUT_07921,97.65
OUT_07922,87.37
OUT_07923,1856.79
OUT_07924,791.19
OUT_07925,1828.75
OUT_07926,109.58
OUT_07927,95.93
OUT_07928,78.11
OUT_07929,93.42
OUT_07930,843.86
OUT_07931,89.02
OUT_07932,254.54
OUT_07933,90.38
OUT_07934,127.62
OUT_07935,903.14
OUT_07936,91.23
OUT_07937,130.81
OUT_07938,842.94
OUT_07939,263.39
OUT_07940,139.0
OUT_07941,259.19
OUT_07942,103.82
OUT_07943,255.33
OUT_07944,93.54
OUT_07945,251.57
OUT_07946,98.32
OUT_07947,284.62
OUT_07948,252.36
OUT_07949,915.35
OUT_07950,108.03
OUT_07951,100.13
OUT_07952,85.12
OUT_07953,85.71
OUT_07954,278.49
OUT_07955,262.94
OUT_07956,260.62
OUT_07957,261.98
OUT_07958,94.5
OUT_07959,117.33
OUT_07960,75.8
OUT_07961,89.8
OUT_07962,250.17
OUT_07963,87.73
OUT_07964,100.52
OUT_07965,257.01
OUT_07966,250.12
OUT_07967,837.41
OUT_07968,120.47
OUT_07969,253.25
OUT_07970,768.94
OUT_07971,853.36
OUT_07972,257.2
OUT_07973,135.69
OUT_07974,275.27
OUT_07975,111.15
OUT_07976,115.22
OUT_07977,86.18
OUT_07978,281.41
OUT_07979,80.39
OUT_07980,1853.15
OUT_07981,109.69
OUT_07982,107.75
OUT_07983,105.24
OUT_07984,72.58
OUT_07985,840.28
OUT_07986,105.18
OUT_07987,107.53
OUT_07988,128.6
OUT_07989,138.08
OUT_07990,92.91
OUT_07991,862.68
OUT_07992,101.02
OUT_07993,817.15
OUT_07994,66.93
OUT_07995,99.26
OUT_07996,96.13
OUT_07997,321.63
OUT_07998,83.56
OUT_07999,148.94
OUT_08000,96.72
OUT_08001,870.02
OUT_08002,290.26
OUT_08003,104.05
OUT_08004,125.42
OUT_08005,98.14
OUT_08006,94.44
OUT_08007,102.02
OUT_08008,252.88
OUT_08009,76.91
OUT_08010,265.86
OUT_08011,137.6
OUT_08012,103.45
OUT_08013,250.81
OUT_08014,279.21
OUT_08015,801.35
OUT_08016,88.99
OUT_08017,89.11
OUT_08018,93.18
OUT_08019,262.58
OUT_08020,109.25
OUT_08021,69.2
OUT_08022,259.71
OUT_08023,262.68
OUT_08024,92.53
OUT_08025,795.75
OUT_08026,289.33
OUT_08027,112.79
OUT_08028,78.76
OUT_08029,877.38
OUT_08030,787.96
OUT_08031,107.26
OUT_08032,1853.8
OUT_08033,1847.6
OUT_08034,96.23
OUT_08035,257.02
OUT_08036,118.02
OUT_08037,812.36
OUT_08038,283.55
OUT_08039,888.43
OUT_08040,118.2
OUT_08041,800.42
OUT_08042,253.1
OUT_08043,116.64
OUT_08044,104.52
OUT_08045,1828.4
OUT_08046,93.09
OUT_08047,1819.38
OUT_08048,134.34
OUT_08049,123.14
OUT_08050,811.6
OUT_08051,135.69
OUT_08052,281.71
OUT_08053,104.74
OUT_08054,95.86
OUT_08055,810.58
OUT_08056,114.57
OUT_08057,270.74
OUT_08058,253.2
OUT_08059,791.35
OUT_08060,77.49
OUT_08061,132.02
OUT_08062,857.57
OUT_08063,259.1
OUT_08064,91.02
OUT_08065,268.65
OUT_08066,868.79
OUT_08067,854.94
OUT_08068,77.48
OUT_08069,259.44
OUT_08070,279.75
OUT_08071,67.19
OUT_08072,257.85
OUT_08073,107.35
OUT_08074,93.19
OUT_08075,250.59
OUT_08076,252.02
OUT_08077,110.62
OUT_08078,251.18
OUT_08079,1816.95
OUT_08080,287.72
OUT_08081,113.1
OUT_08082,279.09
OUT_08083,845.2
OUT_08084,74.41
OUT_08085,105.28
OUT_08086,81.18
OUT_08087,91.95
OUT_08088,284.73
OUT_08089,100.45
OUT_08090,1853.03
OUT_08091,281.04
OUT_08092,118.54
OUT_08093,245.69
OUT_08094,78.7
OUT_08095,93.94
OUT_08096,113.98
OUT_08097,836.51
OUT_08098,307.42
OUT_08099,785.97
OUT_08100,1851.74
OUT_08101,110.79
OUT_08102,249.7
OUT_08103,122.55
OUT_08104,91.28
OUT_08105,254.09
OUT_08106,129.47
OUT_08107,246.51
OUT_08108,107.36
OUT_08109,1853.56
OUT_08110,86.42
OUT_08111,250.58
OUT_08112,711.99
OUT_08113,82.79
OUT_08114,828.54
OUT_08115,99.0
OUT_08116,268.35
OUT_08117,134.32
OUT_08118,811.14
OUT_08119,87.92
OUT_08120,813.58
OUT_08121,86.43
OUT_08122,77.82
OUT_08123,251.58
OUT_08124,70.21
OUT_08125,266.39
OUT_08126,814.77
OUT_08127,796.17
OUT_08128,825.59
OUT_08129,804.77
OUT_08130,83.79
OUT_08131,786.34
OUT_08132,76.41
OUT_08133,100.62
OUT_08134,275.13
OUT_08135,261.09
OUT_08136,92.92
OUT_08137,281.86
OUT_08138,794.26
OUT_08139,254.38
OUT_08140,810.14
OUT_08141,91.17
OUT_08142,117.3
OUT_08143,273.62
OUT_08144,113.25
OUT_08145,780.96
OUT_08146,111.47
OUT_08147,104.81
OUT_08148,261.98
OUT_08149,68.53
OUT_08150,116.74
OUT_08151,277.68
OUT_08152,69.59
OUT_08153,256.74
OUT_08154,267.16
OUT_08155,110.31
OUT_08156,106.45
OUT_08157,95.48
OUT_08158,858.1
OUT_08159,1834.3
OUT_08160,805.41
OUT_08161,86.8
OUT_08162,106.22
OUT_08163,85.72
OUT_08164,113.26
OUT_08165,264.23
OUT_08166,110.99
OUT_08167,284.42
OUT_08168,61.89
OUT_08169,94.41
OUT_08170,96.71
OUT_08171,102.52
OUT_08172,274.52
OUT_08173,254.82
OUT_08174,81.31
OUT_08175,844.01
OUT_08176,97.34
OUT_08177,813.87
OUT_08178,282.59
OUT_08179,821.27
OUT_08180,93.45
OUT_08181,287.67
OUT_08182,252.16
OUT_08183,130.5
OUT_08184,105.8
OUT_08185,109.9
OUT_08186,808.33
OUT_08187,870.27
OUT_08188,262.01
OUT_08189,87.34
OUT_08190,274.87
OUT_08191,85.82
OUT_08192,247.21
OUT_08193,104.97
OUT_08194,113.08
OUT_08195,863.56
OUT_08196,269.29
OUT_08197,96.12
OUT_08198,247.38
OUT_08199,259.79
OUT_08200,83.36
OUT_08201,1845.42
OUT_08202,113.3
OUT_08203,91.86
OUT_08204,166.66
OUT_08205,69.9
OUT_08206,798.61
OUT_08207,100.29
OUT_08208,280.38
OUT_08209,282.58
OUT_08210,69.27
OUT_08211,104.29
OUT_08212,117.55
OUT_08213,104.56
OUT_08214,64.34
OUT_08215,283.96
OUT_08216,836.48
OUT_08217,804.36
OUT_08218,1801.86
OUT_08219,260.81
OUT_08220,145.83
OUT_08221,856.39
OUT_08222,816.85
OUT_08223,92.53
OUT_08224,112.67
OUT_08225,846.5
OUT_08226,1874.74
OUT_08227,812.02
OUT_08228,816.76
OUT_08229,150.7
OUT_08230,255.11
OUT_08231,1818.27
OUT_08232,86.24
OUT_08233,821.02
OUT_08234,818.14
OUT_08235,90.14
OUT_08236,118.92
OUT_08237,833.31
OUT_08238,274.94
OUT_08239,262.21
OUT_08240,99.71
OUT_08241,782.09
OUT_08242,105.82
OUT_08243,838.53
OUT_08244,73.07
OUT_08245,110.05
OUT_08246,88.23
OUT_08247,281.29
OUT_08248,126.83
OUT_08249,122.12
OUT_08250,91.23
OUT_08251,266.94
OUT_08252,93.21
OUT_08253,103.23
OUT_08254,256.25
OUT_08255,271.93
OUT_08256,138.9
OUT_08257,281.8
OUT_08258,262.79
OUT_08259,248.63
OUT_08260,711.39
OUT_08261,823.55
OUT_08262,267.43
OUT_08263,109.27
OUT_08264,252.77
OUT_08265,93.29
OUT_08266,67.14
OUT_08267,267.31
OUT_08268,80.96
OUT_08269,88.93
OUT_08270,257.4
OUT_08271,866.03
OUT_08272,280.95
OUT_08273,850.31
OUT_08274,83.78
OUT_08275,810.08
OUT_08276,90.0
OUT_08277,280.44
OUT_08278,1841.57
OUT_08279,257.29
OUT_08280,891.91
OUT_08281,820.84
OUT_08282,92.8
OUT_08283,88.84
OUT_08284,108.31
OUT_08285,99.79
OUT_08286,273.95
OUT_08287,254.65
OUT_08288,265.62
OUT_08289,91.34
OUT_08290,102.11
OUT_08291,102.42
OUT_08292,867.87
OUT_08293,81.81
OUT_08294,252.67
OUT_08295,102.71
OUT_08296,1847.09
OUT_08297,118.08
OUT_08298,1866.06
OUT_08299,94.77
OUT_08300,277.48
OUT_08301,76.87
OUT_08302,90.98
OUT_08303,274.37
OUT_08304,1810.81
OUT_08305,786.6
OUT_08306,112.57
OUT_08307,849.72
OUT_08308,275.4
OUT_08309,261.47
OUT_08310,286.33
OUT_08311,106.65
OUT_08312,107.27
OUT_08313,861.06
OUT_08314,92.85
OUT_08315,99.98
OUT_08316,109.35
OUT_08317,129.53
OUT_08318,75.18
OUT_08319,257.34
OUT_08320,264.36
OUT_08321,256.16
OUT_08322,114.69
OUT_08323,273.96
OUT_08324,87.53
OUT_08325,252.7
OUT_08326,276.99
OUT_08327,824.51
OUT_08328,264.44
OUT_08329,264.32
OUT_08330,839.05
OUT_08331,828.85
OUT_08332,858.45
OUT_08333,97.19
OUT_08334,94.66
OUT_08335,255.38
OUT_08336,104.35
OUT_08337,103.86
OUT_08338,252.25
OUT_08339,120.57
OUT_08340,259.62
OUT_08341,107.07
OUT_08342,291.07
OUT_08343,121.08
OUT_08344,134.89
OUT_08345,82.36
OUT_08346,257.97
OUT_08347,767.03
OUT_08348,789.05
OUT_08349,74.72
OUT_08350,93.97
OUT_08351,268.04
OUT_08352,117.96
OUT_08353,89.48
OUT_08354,111.4
OUT_08355,826.67
OUT_08356,301.62
OUT_08357,261.08
OUT_08358,254.0
OUT_08359,96.24
OUT_08360,874.45
OUT_08361,294.3
OUT_08362,836.63
OUT_08363,90.81
OUT_08364,106.7
OUT_08365,80.3
OUT_08366,121.44
OUT_08367,62.34
OUT_08368,73.96
OUT_08369,83.61
OUT_08370,96.03
OUT_08371,254.81
OUT_08372,97.45
OUT_08373,74.2
OUT_08374,104.99
OUT_08375,100.61
OUT_08376,89.62
OUT_08377,255.87
OUT_08378,259.34
OUT_08379,105.43
OUT_08380,273.14
OUT_08381,79.35
OUT_08382,818.67
OUT_08383,89.64
OUT_08384,88.32
OUT_08385,116.22
OUT_08386,250.7
OUT_08387,300.13
OUT_08388,282.69
OUT_08389,116.92
OUT_08390,253.6
OUT_08391,88.01
OUT_08392,72.74
OUT_08393,77.75
OUT_08394,80.74
OUT_08395,112.23
OUT_08396,262.51
OUT_08397,75.56
OUT_08398,251.27
OUT_08399,94.14
OUT_08400,875.28
OUT_08401,98.19
OUT_08402,1843.93
OUT_08403,102.24
OUT_08404,86.97
OUT_08405,102.63
OUT_08406,292.78
OUT_08407,101.84
OUT_08408,800.9
OUT_08409,81.69
OUT_08410,105.42
OUT_08411,253.63
OUT_08412,78.64
OUT_08413,269.86
OUT_08414,277.48
OUT_08415,86.07
OUT_08416,66.99
OUT_08417,102.78
OUT_08418,110.11
OUT_08419,101.77
OUT_08420,125.69
OUT_08421,281.91
OUT_08422,284.15
OUT_08423,95.29
OUT_08424,107.59
OUT_08425,107.8
OUT_08426,88.3
OUT_08427,829.42
OUT_08428,113.74
OUT_08429,128.56
OUT_08430,113.59
OUT_08431,96.96
OUT_08432,1813.1
OUT_08433,90.27
OUT_08434,70.68
OUT_08435,97.25
OUT_08436,282.44
OUT_08437,856.8
OUT_08438,846.5
OUT_08439,129.53
OUT_08440,118.42
OUT_08441,85.67
OUT_08442,1851.84
OUT_08443,271.88
OUT_08444,246.55
OUT_08445,85.46
OUT_08446,262.26
OUT_08447,98.13
OUT_08448,265.54
OUT_08449,791.84
OUT_08450,100.22
OUT_08451,276.52
OUT_08452,1808.14
OUT_08453,103.38
OUT_08454,101.57
OUT_08455,866.26
OUT_08456,91.41
OUT_08457,814.74
OUT_08458,831.28
OUT_08459,250.74
OUT_08460,75.7
OUT_08461,253.53
OUT_08462,100.51
OUT_08463,262.76
OUT_08464,801.08
OUT_08465,252.63
OUT_08466,258.94
OUT_08467,90.66
OUT_08468,256.14
OUT_08469,269.75
OUT_08470,257.73
OUT_08471,85.95
OUT_08472,258.27
OUT_08473,271.96
OUT_08474,826.38
OUT_08475,88.35
OUT_08476,143.94
OUT_08477,832.44
OUT_08478,98.76
OUT_08479,245.08
OUT_08480,268.52
OUT_08481,94.95
OUT_08482,284.25
OUT_08483,62.34
OUT_08484,1881.22
OUT_08485,1849.37
OUT_08486,98.45
OUT_08487,95.05
OUT_08488,90.19
OUT_08489,861.33
OUT_08490,265.81
OUT_08491,250.44
OUT_08492,285.19
OUT_08493,805.97
OUT_08494,106.72
OUT_08495,96.31
OUT_08496,852.35
OUT_08497,101.77
OUT_08498,77.75
OUT_08499,86.21
OUT_08500,93.13
OUT_08501,126.06
OUT_08502,795.9
OUT_08503,87.88
OUT_08504,285.48
OUT_08505,112.75
OUT_08506,843.79
OUT_08507,104.43
OUT_08508,260.84
OUT_08509,88.25
OUT_08510,129.24
OUT_08511,77.17
OUT_08512,809.58
OUT_08513,138.21
OUT_08514,119.95
OUT_08515,263.87
OUT_08516,97.75
OUT_08517,776.96
OUT_08518,261.08
OUT_08519,100.24
OUT_08520,98.75
OUT_08521,106.82
OUT_08522,77.46
OUT_08523,257.34
OUT_08524,266.36
OUT_08525,264.17
OUT_08526,1862.12
OUT_08527,133.34
OUT_08528,70.39
OUT_08529,93.65
OUT_08530,309.27
OUT_08531,100.85
OUT_08532,259.73
OUT_08533,100.05
OUT_08534,104.5
OUT_08535,86.97
OUT_08536,93.98
OUT_08537,813.11
OUT_08538,91.28
OUT_08539,252.42
OUT_08540,802.8
OUT_08541,280.87
OUT_08542,81.72
OUT_08543,258.16
OUT_08544,791.2
OUT_08545,118.6
OUT_08546,100.75
OUT_08547,116.73
OUT_08548,91.63
OUT_08549,1861.58
OUT_08550,798.56
OUT_08551,96.28
OUT_08552,788.87
OUT_08553,259.6
OUT_08554,87.91
OUT_08555,851.09
OUT_08556,279.28
OUT_08557,84.99
OUT_08558,105.81
OUT_08559,785.49
OUT_08560,251.42
OUT_08561,289.44
OUT_08562,83.85
OUT_08563,277.25
OUT_08564,798.33
OUT_08565,882.36
OUT_08566,265.81
OUT_08567,92.88
OUT_08568,811.76
OUT_08569,104.51
OUT_08570,95.3
OUT_08571,112.7
OUT_08572,93.25
OUT_08573,297.3
OUT_08574,288.78
OUT_08575,248.66
OUT_08576,87.05
OUT_08577,273.82
OUT_08578,336.89
OUT_08579,101.52
OUT_08580,98.74
OUT_08581,275.27
OUT_08582,267.61
OUT_08583,1839.94
OUT_08584,87.61
OUT_08585,90.35
OUT_08586,121.88
OUT_08587,115.22
OUT_08588,255.8
OUT_08589,91.68
OUT_08590,254.41
OUT_08591,121.52
OUT_08592,252.81
OUT_08593,89.65
OUT_08594,99.34
OUT_08595,272.64
OUT_08596,262.01
OUT_08597,34.6
OUT_08598,93.75
OUT_08599,100.97
OUT_08600,85.85
OUT_08601,106.86
OUT_08602,323.4
OUT_08603,794.58
OUT_08604,72.7
OUT_08605,109.64
OUT_08606,833.81
OUT_08607,116.79
OUT_08608,266.02
OUT_08609,102.38
OUT_08610,84.91
OUT_08611,259.95
OUT_08612,111.87
OUT_08613,283.36
OUT_08614,1879.83
OUT_08615,96.28
OUT_08616,115.18
OUT_08617,103.52
OUT_08618,253.25
OUT_08619,810.45
OUT_08620,112.45
OUT_08621,113.88
OUT_08622,95.16
OUT_08623,264.12
OUT_08624,115.04
OUT_08625,1810.85
OUT_08626,252.74
OUT_08627,97.31
OUT_08628,90.47
OUT_08629,121.59
OUT_08630,824.57
OUT_08631,844.95
OUT_08632,85.27
OUT_08633,111.56
OUT_08634,103.69
OUT_08635,87.88
OUT_08636,1836.96
OUT_08637,108.68
OUT_08638,260.53
OUT_08639,103.26
OUT_08640,257.12
OUT_08641,268.47
OUT_08642,865.11
OUT_08643,233.71
OUT_08644,109.27
OUT_08645,89.37
OUT_08646,88.06
OUT_08647,822.19
OUT_08648,257.7
OUT_08649,105.68
OUT_08650,247.64
OUT_08651,1800.77
OUT_08652,836.01
OUT_08653,783.81
OUT_08654,100.3
OUT_08655,265.68
OUT_08656,251.66
OUT_08657,256.01
OUT_08658,854.55
OUT_08659,74.09
OUT_08660,1888.23
OUT_08661,92.31
OUT_08662,90.48
OUT_08663,95.36
OUT_08664,87.42
OUT_08665,868.42
OUT_08666,1843.78
OUT_08667,88.33
OUT_08668,107.0
OUT_08669,114.14
OUT_08670,820.97
OUT_08671,111.11
OUT_08672,108.2
OUT_08673,842.28
OUT_08674,276.97
OUT_08675,96.54
OUT_08676,1819.65
OUT_08677,86.69
OUT_08678,117.86
OUT_08679,264.84
OUT_08680,286.37
OUT_08681,65.11
OUT_08682,823.03
OUT_08683,109.24
OUT_08684,122.99
OUT_08685,114.04
OUT_08686,298.31
OUT_08687,111.75
OUT_08688,97.13
OUT_08689,78.89
OUT_08690,81.57
OUT_08691,257.11
OUT_08692,259.11
OUT_08693,254.84
OUT_08694,276.84
OUT_08695,864.99
OUT_08696,96.36
OUT_08697,99.39
OUT_08698,255.7
OUT_08699,280.82
OUT_08700,297.66
OUT_08701,253.72
OUT_08702,254.17
OUT_08703,94.63
OUT_08704,807.51
OUT_08705,284.85
OUT_08706,114.89
OUT_08707,94.8
OUT_08708,819.16
OUT_08709,116.91
OUT_08710,102.67
OUT_08711,117.1
OUT_08712,102.97
OUT_08713,123.86
OUT_08714,260.24
OUT_08715,106.87
OUT_08716,1851.23
OUT_08717,263.42
OUT_08718,97.7
OUT_08719,253.75
OUT_08720,91.01
OUT_08721,848.34
OUT_08722,261.03
OUT_08723,300.09
OUT_08724,105.09
OUT_08725,80.23
OUT_08726,103.34
OUT_08727,97.6
OUT_08728,303.41
OUT_08729,111.84
OUT_08730,103.62
OUT_08731,77.99
OUT_08732,110.08
OUT_08733,95.62
OUT_08734,99.64
OUT_08735,253.96
OUT_08736,807.9
OUT_08737,83.36
OUT_08738,225.93
OUT_08739,1815.78
OUT_08740,119.04
OUT_08741,89.07
OUT_08742,88.25
OUT_08743,91.35
OUT_08744,103.2
OUT_08745,285.24
OUT_08746,112.0
OUT_08747,109.84
OUT_08748,109.99
OUT_08749,286.62
OUT_08750,275.3
OUT_08751,251.43
OUT_08752,104.26
OUT_08753,811.29
OUT_08754,97.92
OUT_08755,65.81
OUT_08756,800.4
OUT_08757,82.84
OUT_08758,84.59
OUT_08759,843.4
OUT_08760,90.5
OUT_08761,815.01
OUT_08762,85.07
OUT_08763,278.01
OUT_08764,810.84
OUT_08765,100.77
OUT_08766,109.72
OUT_08767,812.11
OUT_08768,84.39
OUT_08769,88.17
OUT_08770,258.88
OUT_08771,250.78
OUT_08772,262.08
OUT_08773,100.02
OUT_08774,79.96
OUT_08775,255.93
OUT_08776,810.68
OUT_08777,99.36
OUT_08778,95.3
OUT_08779,89.35
OUT_08780,803.12
OUT_08781,279.49
OUT_08782,265.16
OUT_08783,864.2
OUT_08784,246.66
OUT_08785,851.91
OUT_08786,85.23
OUT_08787,290.12
OUT_08788,99.03
OUT_08789,807.91
OUT_08790,99.45
OUT_08791,254.28
OUT_08792,85.77
OUT_08793,90.38
OUT_08794,278.48
OUT_08795,100.29
OUT_08796,117.92
OUT_08797,82.82
OUT_08798,83.7
OUT_08799,99.75
OUT_08800,101.53
OUT_08801,271.71
OUT_08802,107.68
OUT_08803,258.72
OUT_08804,111.76
OUT_08805,1855.1
OUT_08806,93.13
OUT_08807,257.87
OUT_08808,257.59
OUT_08809,95.11
OUT_08810,102.65
OUT_08811,100.56
OUT_08812,107.02
OUT_08813,98.12
OUT_08814,112.03
OUT_08815,773.53
OUT_08816,90.99
OUT_08817,279.97
OUT_08818,264.37
OUT_08819,252.61
OUT_08820,87.89
OUT_08821,284.39
OUT_08822,252.54
OUT_08823,235.45
OUT_08824,111.14
OUT_08825,120.18
OUT_08826,837.23
OUT_08827,1811.65
OUT_08828,102.13
OUT_08829,99.86
OUT_08830,114.32
OUT_08831,1835.6
OUT_08832,106.49
OUT_08833,83.36
OUT_08834,115.36
OUT_08835,1852.35
OUT_08836,84.2
OUT_08837,260.62
OUT_08838,268.64
OUT_08839,100.45
OUT_08840,837.29
OUT_08841,794.82
OUT_08842,117.5
OUT_08843,823.5
OUT_08844,251.0
OUT_08845,251.71
OUT_08846,342.16
OUT_08847,271.59
OUT_08848,262.58
OUT_08849,284.04
OUT_08850,850.81
OUT_08851,114.37
OUT_08852,104.73
OUT_08853,839.14
OUT_08854,93.67
OUT_08855,850.46
OUT_08856,107.33
OUT_08857,249.3
OUT_08858,279.42
OUT_08859,70.08
OUT_08860,751.15
OUT_08861,101.98
OUT_08862,84.64
OUT_08863,74.24
OUT_08864,105.97
OUT_08865,250.4
OUT_08866,77.91
OUT_08867,63.91
OUT_08868,75.31
OUT_08869,278.66
OUT_08870,98.74
OUT_08871,802.67
OUT_08872,1799.41
OUT_08873,125.57
OUT_08874,150.33
OUT_08875,274.37
OUT_08876,89.85
OUT_08877,791.41
OUT_08878,258.78
OUT_08879,273.86
OUT_08880,108.71
OUT_08881,92.76
OUT_08882,96.57
OUT_08883,812.68
OUT_08884,799.9
OUT_08885,110.52
OUT_08886,849.89
OUT_08887,251.12
OUT_08888,63.92
OUT_08889,105.96
OUT_08890,91.08
OUT_08891,840.57
OUT_08892,266.77
OUT_08893,265.3
OUT_08894,107.61
OUT_08895,876.44
OUT_08896,86.8
OUT_08897,269.91
OUT_08898,841.9
OUT_08899,278.44
OUT_08900,104.48
OUT_08901,116.24
OUT_08902,278.25
OUT_08903,78.34
OUT_08904,126.01
OUT_08905,107.13
OUT_08906,276.99
OUT_08907,275.54
OUT_08908,97.83
OUT_08909,112.72
OUT_08910,800.06
OUT_08911,88.76
OUT_08912,253.53
OUT_08913,852.4
OUT_08914,801.67
OUT_08915,110.52
OUT_08916,103.28
OUT_08917,74.08
OUT_08918,259.82
OUT_08919,125.04
OUT_08920,111.64
OUT_08921,849.08
OUT_08922,269.39
OUT_08923,84.45
OUT_08924,282.65
OUT_08925,890.87
OUT_08926,110.76
OUT_08927,260.73
OUT_08928,805.58
OUT_08929,1856.25
OUT_08930,110.57
OUT_08931,86.98
OUT_08932,93.62
OUT_08933,251.32
OUT_08934,251.28
OUT_08935,258.03
OUT_08936,84.66
OUT_08937,143.97
OUT_08938,830.52
OUT_08939,78.0
OUT_08940,83.34
OUT_08941,92.99
OUT_08942,104.37
OUT_08943,107.32
OUT_08944,757.76
OUT_08945,110.01
OUT_08946,808.9
OUT_08947,836.15
OUT_08948,109.09
OUT_08949,247.82
OUT_08950,260.03
OUT_08951,82.36
OUT_08952,87.98
OUT_08953,68.21
OUT_08954,89.87
OUT_08955,87.9
OUT_08956,103.31
OUT_08957,91.82
OUT_08958,859.45
OUT_08959,253.84
OUT_08960,59.37
OUT_08961,101.11
OUT_08962,90.04
OUT_08963,66.77
OUT_08964,814.52
OUT_08965,833.4
OUT_08966,257.22
OUT_08967,96.38
OUT_08968,265.97
OUT_08969,803.55
OUT_08970,274.71
OUT_08971,113.94
OUT_08972,65.08
OUT_08973,93.7
OUT_08974,277.98
OUT_08975,93.8
OUT_08976,115.11
OUT_08977,85.13
OUT_08978,832.88
OUT_08979,869.57
OUT_08980,116.0
OUT_08981,88.22
OUT_08982,135.01
OUT_08983,256.18
OUT_08984,109.42
OUT_08985,101.35
OUT_08986,847.19
OUT_08987,278.21
OUT_08988,82.74
OUT_08989,96.94
OUT_08990,96.4
OUT_08991,262.02
OUT_08992,846.17
OUT_08993,64.8
OUT_08994,265.02
OUT_08995,1828.17
OUT_08996,86.93
OUT_08997,270.57
OUT_08998,258.08
OUT_08999,250.13
OUT_09000,83.6
OUT_09001,90.32
OUT_09002,126.63
OUT_09003,84.43
OUT_09004,104.76
OUT_09005,90.92
OUT_09006,1885.07
OUT_09007,1909.08
OUT_09008,101.58
OUT_09009,89.68
OUT_09010,904.84
OUT_09011,917.45
OUT_09012,1849.13
OUT_09013,114.8
OUT_09014,855.73
OUT_09015,1891.1
OUT_09016,109.71
OUT_09017,87.01
OUT_09018,123.37
OUT_09019,97.19
OUT_09020,99.83
OUT_09021,111.49
OUT_09022,312.28
OUT_09023,104.24
OUT_09024,1881.25
OUT_09025,294.78
OUT_09026,84.82
OUT_09027,119.78
OUT_09028,272.68
OUT_09029,123.4
OUT_09030,91.59
OUT_09031,85.6
OUT_09032,261.74
OUT_09033,97.35
OUT_09034,279.09
OUT_09035,265.6
OUT_09036,1868.6
OUT_09037,93.14
OUT_09038,271.52
OUT_09039,879.74
OUT_09040,119.41
OUT_09041,256.16
OUT_09042,841.58
OUT_09043,856.1
OUT_09044,268.58
OUT_09045,274.58
OUT_09046,84.43
OUT_09047,844.79
OUT_09048,828.26
OUT_09049,101.18
OUT_09050,813.8
OUT_09051,894.23
OUT_09052,108.38
OUT_09053,298.1
OUT_09054,275.76
OUT_09055,126.21
OUT_09056,261.53
OUT_09057,263.22
OUT_09058,803.43
OUT_09059,128.27
OUT_09060,89.98
OUT_09061,137.91
OUT_09062,92.82
OUT_09063,99.46
OUT_09064,863.42
OUT_09065,260.17
OUT_09066,137.06
OUT_09067,106.76
OUT_09068,902.45
OUT_09069,277.1
OUT_09070,884.72
OUT_09071,870.67
OUT_09072,1893.84
OUT_09073,292.05
OUT_09074,864.18
OUT_09075,100.89
OUT_09076,287.51
OUT_09077,101.55
OUT_09078,282.14
OUT_09079,264.6
OUT_09080,96.48
OUT_09081,887.54
OUT_09082,143.42
OUT_09083,252.98
OUT_09084,122.96
OUT_09085,135.74
OUT_09086,91.05
OUT_09087,97.73
OUT_09088,95.2
OUT_09089,829.16
OUT_09090,283.9
OUT_09091,260.82
OUT_09092,81.85
OUT_09093,837.07
OUT_09094,259.42
OUT_09095,306.27
OUT_09096,258.81
OUT_09097,870.25
OUT_09098,104.92
OUT_09099,257.72
OUT_09100,269.36
OUT_09101,276.89
OUT_09102,274.84
OUT_09103,101.45
OUT_09104,870.76
OUT_09105,116.53
OUT_09106,254.52
OUT_09107,73.11
OUT_09108,270.77
OUT_09109,95.74
OUT_09110,791.59
OUT_09111,1888.87
OUT_09112,281.77
OUT_09113,143.32
OUT_09114,274.73
OUT_09115,101.82
OUT_09116,119.36
OUT_09117,265.98
OUT_09118,144.13
OUT_09119,247.7
OUT_09120,856.36
OUT_09121,114.15
OUT_09122,899.28
OUT_09123,253.71
OUT_09124,81.85
OUT_09125,89.67
OUT_09126,108.53
OUT_09127,90.04
OUT_09128,296.53
OUT_09129,86.67
OUT_09130,105.34
OUT_09131,264.47
OUT_09132,85.17
OUT_09133,95.84
OUT_09134,863.43
OUT_09135,92.45
OUT_09136,114.3
OUT_09137,95.42
OUT_09138,105.47
OUT_09139,275.42
OUT_09140,104.58
OUT_09141,100.13
OUT_09142,265.6
OUT_09143,277.63
OUT_09144,100.82
OUT_09145,97.86
OUT_09146,282.07
OUT_09147,96.33
OUT_09148,111.44
OUT_09149,71.0
OUT_09150,109.47
OUT_09151,865.64
OUT_09152,94.57
OUT_09153,95.92
OUT_09154,294.1
OUT_09155,80.86
OUT_09156,123.14
OUT_09157,120.36
OUT_09158,254.29
OUT_09159,284.54
OUT_09160,104.99
OUT_09161,101.45
OUT_09162,105.6
OUT_09163,77.7
OUT_09164,284.37
OUT_09165,256.51
OUT_09166,102.35
OUT_09167,282.15
OUT_09168,136.7
OUT_09169,77.38
OUT_09170,839.03
OUT_09171,100.48
OUT_09172,280.09
OUT_09173,87.21
OUT_09174,288.71
OUT_09175,261.9
OUT_09176,73.58
OUT_09177,114.78
OUT_09178,106.03
OUT_09179,105.59
OUT_09180,259.62
OUT_09181,253.92
OUT_09182,265.14
OUT_09183,798.44
OUT_09184,114.18
OUT_09185,805.9
OUT_09186,894.69
OUT_09187,258.81
OUT_09188,265.68
OUT_09189,80.23
OUT_09190,275.01
OUT_09191,860.89
OUT_09192,288.08
OUT_09193,83.46
OUT_09194,115.77
OUT_09195,93.92
OUT_09196,63.32
OUT_09197,258.95
OUT_09198,865.53
OUT_09199,109.99
OUT_09200,830.01
OUT_09201,256.27
OUT_09202,119.51
OUT_09203,95.07
OUT_09204,270.21
OUT_09205,109.65
OUT_09206,82.84
OUT_09207,895.06
OUT_09208,98.15
OUT_09209,96.87
OUT_09210,292.82
OUT_09211,316.83
OUT_09212,99.38
OUT_09213,271.3
OUT_09214,1887.66
OUT_09215,799.44
OUT_09216,1887.09
OUT_09217,887.94
OUT_09218,103.6
OUT_09219,257.43
OUT_09220,272.47
OUT_09221,1913.0
OUT_09222,75.6
OUT_09223,106.36
OUT_09224,286.38
OUT_09225,86.53
OUT_09226,105.54
OUT_09227,69.98
OUT_09228,102.18
OUT_09229,276.75
OUT_09230,90.54
OUT_09231,85.78
OUT_09232,846.95
OUT_09233,879.26
OUT_09234,100.62
OUT_09235,105.59
OUT_09236,895.61
OUT_09237,105.99
OUT_09238,299.91
OUT_09239,87.34
OUT_09240,89.76
OUT_09241,284.82
OUT_09242,103.43
OUT_09243,842.14
OUT_09244,257.42
OUT_09245,99.93
OUT_09246,117.87
OUT_09247,112.63
OUT_09248,113.98
OUT_09249,106.13
OUT_09250,254.48
OUT_09251,89.62
OUT_09252,75.87
OUT_09253,251.82
OUT_09254,82.11
OUT_09255,263.61
OUT_09256,254.57
OUT_09257,1902.97
OUT_09258,87.2
OUT_09259,861.89
OUT_09260,100.15
OUT_09261,93.44
OUT_09262,808.53
OUT_09263,868.54
OUT_09264,109.33
OUT_09265,864.78
OUT_09266,92.73
OUT_09267,271.52
OUT_09268,98.24
OUT_09269,150.68
OUT_09270,96.21
OUT_09271,268.3
OUT_09272,281.63
OUT_09273,115.9
OUT_09274,1887.52
OUT_09275,1872.29
OUT_09276,102.11
OUT_09277,273.2
OUT_09278,117.4
OUT_09279,130.83
OUT_09280,104.64
OUT_09281,111.97
OUT_09282,105.26
OUT_09283,277.53
OUT_09284,284.63
OUT_09285,85.98
OUT_09286,271.15
OUT_09287,105.87
OUT_09288,834.88
OUT_09289,130.87
OUT_09290,89.45
OUT_09291,287.0
OUT_09292,59.4
OUT_09293,259.95
OUT_09294,250.96
OUT_09295,147.25
OUT_09296,104.59
OUT_09297,814.49
OUT_09298,93.67
OUT_09299,80.01
OUT_09300,82.85
OUT_09301,254.08
OUT_09302,275.27
OUT_09303,1877.13
OUT_09304,930.66
OUT_09305,113.69
OUT_09306,96.45
OUT_09307,900.47
OUT_09308,161.48
OUT_09309,119.23
OUT_09310,1858.8
OUT_09311,128.89
OUT_09312,102.08
OUT_09313,92.58
OUT_09314,283.05
OUT_09315,249.81
OUT_09316,275.36
OUT_09317,938.45
OUT_09318,846.39
OUT_09319,269.73
OUT_09320,854.42
OUT_09321,101.15
OUT_09322,120.61
OUT_09323,1828.0
OUT_09324,263.66
OUT_09325,104.13
OUT_09326,110.69
OUT_09327,106.0
OUT_09328,99.86
OUT_09329,74.88
OUT_09330,97.5
OUT_09331,280.67
OUT_09332,886.95
OUT_09333,103.59
OUT_09334,134.26
OUT_09335,89.82
OUT_09336,937.32
OUT_09337,106.62
OUT_09338,114.19
OUT_09339,85.45
OUT_09340,850.98
OUT_09341,126.02
OUT_09342,877.81
OUT_09343,302.62
OUT_09344,126.77
OUT_09345,106.5
OUT_09346,80.77
OUT_09347,284.13
OUT_09348,104.16
OUT_09349,260.19
OUT_09350,95.46
OUT_09351,257.21
OUT_09352,88.89
OUT_09353,98.94
OUT_09354,858.45
OUT_09355,270.61
OUT_09356,98.83
OUT_09357,803.95
OUT_09358,94.47
OUT_09359,99.03
OUT_09360,98.51
OUT_09361,85.38
OUT_09362,132.19
OUT_09363,105.26
OUT_09364,91.73
OUT_09365,834.67
OUT_09366,92.72
OUT_09367,109.55
OUT_09368,86.54
OUT_09369,1883.51
OUT_09370,253.02
OUT_09371,106.38
OUT_09372,281.37
OUT_09373,252.96
OUT_09374,108.18
OUT_09375,104.23
OUT_09376,121.03
OUT_09377,863.12
OUT_09378,92.64
OUT_09379,263.24
OUT_09380,274.56
OUT_09381,130.16
OUT_09382,250.22
OUT_09383,264.87
OUT_09384,74.73
OUT_09385,286.96
OUT_09386,303.74
OUT_09387,131.91
OUT_09388,280.65
OUT_09389,87.41
OUT_09390,1913.41
OUT_09391,273.5
OUT_09392,87.57
OUT_09393,87.09
OUT_09394,260.52
OUT_09395,131.01
OUT_09396,256.17
OUT_09397,265.28
OUT_09398,292.92
OUT_09399,282.53
OUT_09400,865.83
OUT_09401,280.99
OUT_09402,121.24
OUT_09403,130.44
OUT_09404,262.72
OUT_09405,275.11
OUT_09406,96.94
OUT_09407,876.95
OUT_09408,97.01
OUT_09409,93.27
OUT_09410,893.88
OUT_09411,299.7
OUT_09412,90.98
OUT_09413,106.44
OUT_09414,275.29
OUT_09415,83.39
OUT_09416,136.52
OUT_09417,275.42
OUT_09418,266.64
OUT_09419,88.68
OUT_09420,101.74
OUT_09421,97.74
OUT_09422,1853.73
OUT_09423,275.39
OUT_09424,286.93
OUT_09425,257.26
OUT_09426,114.29
OUT_09427,273.08
OUT_09428,103.69
OUT_09429,267.32
OUT_09430,295.35
OUT_09431,121.27
OUT_09432,94.25
OUT_09433,77.82
OUT_09434,104.31
OUT_09435,77.32
OUT_09436,279.45
OUT_09437,123.18
OUT_09438,107.62
OUT_09439,218.62
OUT_09440,104.39
OUT_09441,97.54
OUT_09442,298.84
OUT_09443,87.55
OUT_09444,94.91
OUT_09445,1890.15
OUT_09446,249.1
OUT_09447,278.28
OUT_09448,845.88
OUT_09449,127.09
OUT_09450,809.32
OUT_09451,93.59
OUT_09452,83.97
OUT_09453,104.98
OUT_09454,103.43
OUT_09455,290.71
OUT_09456,106.63
OUT_09457,89.36
OUT_09458,306.03
OUT_09459,83.8
OUT_09460,96.66
OUT_09461,252.1
OUT_09462,88.72
OUT_09463,861.97
OUT_09464,92.17
OUT_09465,121.66
OUT_09466,254.76
OUT_09467,114.44
OUT_09468,92.3
OUT_09469,827.42
OUT_09470,258.47
OUT_09471,315.21
OUT_09472,129.52
OUT_09473,132.73
OUT_09474,136.68
OUT_09475,95.1
OUT_09476,847.41
OUT_09477,853.61
OUT_09478,70.52
OUT_09479,265.44
OUT_09480,258.87
OUT_09481,286.27
OUT_09482,1867.21
OUT_09483,93.19
OUT_09484,813.17
OUT_09485,120.19
OUT_09486,116.08
OUT_09487,859.98
OUT_09488,106.38
OUT_09489,117.78
OUT_09490,88.54
OUT_09491,858.65
OUT_09492,271.59
OUT_09493,87.08
OUT_09494,101.69
OUT_09495,258.48
OUT_09496,125.82
OUT_09497,105.04
OUT_09498,271.47
OUT_09499,86.33
OUT_09500,116.12
OUT_09501,1855.3
OUT_09502,115.68
OUT_09503,83.88
OUT_09504,116.89
OUT_09505,264.47
OUT_09506,95.17
OUT_09507,294.24
OUT_09508,274.99
OUT_09509,915.74
OUT_09510,260.69
OUT_09511,121.85
OUT_09512,74.22
OUT_09513,85.24
OUT_09514,90.77
OUT_09515,833.53
OUT_09516,89.99
OUT_09517,104.9
OUT_09518,276.44
OUT_09519,840.56
OUT_09520,253.48
OUT_09521,107.12
OUT_09522,94.55
OUT_09523,1859.36
OUT_09524,273.48
OUT_09525,272.48
OUT_09526,83.14
OUT_09527,95.3
OUT_09528,102.07
OUT_09529,254.84
OUT_09530,114.24
OUT_09531,128.71
OUT_09532,122.85
OUT_09533,1889.95
OUT_09534,103.73
OUT_09535,128.07
OUT_09536,100.29
OUT_09537,252.2
OUT_09538,118.17
OUT_09539,122.92
OUT_09540,839.56
OUT_09541,268.18
OUT_09542,250.07
OUT_09543,270.16
OUT_09544,68.76
OUT_09545,267.48
OUT_09546,132.93
OUT_09547,278.98
OUT_09548,840.45
OUT_09549,89.24
OUT_09550,253.83
OUT_09551,276.78
OUT_09552,861.1
OUT_09553,259.19
OUT_09554,119.05
OUT_09555,110.32
OUT_09556,89.63
OUT_09557,89.43
OUT_09558,89.95
OUT_09559,302.6
OUT_09560,85.08
OUT_09561,122.0
OUT_09562,105.17
OUT_09563,100.58
OUT_09564,94.71
OUT_09565,98.81
OUT_09566,130.49
OUT_09567,278.12
OUT_09568,845.96
OUT_09569,315.3
OUT_09570,839.13
OUT_09571,141.28
OUT_09572,250.36
OUT_09573,274.14
OUT_09574,112.51
OUT_09575,71.16
OUT_09576,828.57
OUT_09577,84.64
OUT_09578,254.42
OUT_09579,824.35
OUT_09580,104.95
OUT_09581,884.08
OUT_09582,1903.75
OUT_09583,851.92
OUT_09584,117.71
OUT_09585,876.58
OUT_09586,1861.02
OUT_09587,73.12
OUT_09588,261.09
OUT_09589,253.52
OUT_09590,278.68
OUT_09591,270.05
OUT_09592,1853.16
OUT_09593,126.27
OUT_09594,250.74
OUT_09595,278.52
OUT_09596,102.94
OUT_09597,253.0
OUT_09598,102.19
OUT_09599,94.74
OUT_09600,883.24
OUT_09601,125.88
OUT_09602,87.16
OUT_09603,862.3
OUT_09604,110.62
OUT_09605,284.7
OUT_09606,303.05
OUT_09607,833.39
OUT_09608,1885.35
OUT_09609,109.67
OUT_09610,278.92
OUT_09611,98.49
OUT_09612,95.51
OUT_09613,100.78
OUT_09614,805.43
OUT_09615,268.8
OUT_09616,67.12
OUT_09617,96.13
OUT_09618,265.29
OUT_09619,109.26
OUT_09620,260.73
OUT_09621,88.87
OUT_09622,290.63
OUT_09623,114.35
OUT_09624,96.65
OUT_09625,83.65
OUT_09626,278.27
OUT_09627,264.77
OUT_09628,135.05
OUT_09629,252.39
OUT_09630,103.94
OUT_09631,286.35
OUT_09632,99.11
OUT_09633,268.93
OUT_09634,1818.26
OUT_09635,261.61
OUT_09636,852.83
OUT_09637,902.44
OUT_09638,99.63
OUT_09639,107.72
OUT_09640,112.9
OUT_09641,79.45
OUT_09642,84.98
OUT_09643,269.29
OUT_09644,90.87
OUT_09645,104.65
OUT_09646,87.69
OUT_09647,271.93
OUT_09648,830.47
OUT_09649,275.65
OUT_09650,92.11
OUT_09651,82.54
OUT_09652,113.7
OUT_09653,255.07
OUT_09654,282.76
OUT_09655,71.55
OUT_09656,886.49
OUT_09657,106.32
OUT_09658,80.61
OUT_09659,107.63
OUT_09660,263.58
OUT_09661,250.26
OUT_09662,125.31
OUT_09663,100.73
OUT_09664,108.0
OUT_09665,262.61
OUT_09666,75.13
OUT_09667,260.11
OUT_09668,281.92
OUT_09669,103.56
OUT_09670,256.19
OUT_09671,251.45
OUT_09672,89.64
OUT_09673,264.19
OUT_09674,107.66
OUT_09675,88.5
OUT_09676,309.59
OUT_09677,101.58
OUT_09678,99.38
OUT_09679,98.03
OUT_09680,293.76
OUT_09681,68.75
OUT_09682,859.74
OUT_09683,274.06
OUT_09684,120.6
OUT_09685,95.8
OUT_09686,88.11
OUT_09687,105.71
OUT_09688,270.87
OUT_09689,121.02
OUT_09690,105.52
OUT_09691,102.65
OUT_09692,102.06
OUT_09693,281.86
OUT_09694,844.58
OUT_09695,283.88
OUT_09696,111.75
OUT_09697,254.39
OUT_09698,250.21
OUT_09699,121.62
OUT_09700,93.33
OUT_09701,104.72
OUT_09702,79.09
OUT_09703,98.68
OUT_09704,126.68
OUT_09705,258.56
OUT_09706,53.85
OUT_09707,1916.29
OUT_09708,110.27
OUT_09709,79.81
OUT_09710,1886.21
OUT_09711,282.19
OUT_09712,266.36
OUT_09713,111.02
OUT_09714,102.08
OUT_09715,1855.41
OUT_09716,829.13
OUT_09717,838.92
OUT_09718,780.56
OUT_09719,866.53
OUT_09720,84.27
OUT_09721,252.78
OUT_09722,89.9
OUT_09723,298.5
OUT_09724,89.52
OUT_09725,101.15
OUT_09726,98.01
OUT_09727,1855.12
OUT_09728,113.29
OUT_09729,111.5
OUT_09730,117.97
OUT_09731,1888.84
OUT_09732,80.87
OUT_09733,69.68
OUT_09734,94.23
OUT_09735,112.47
OUT_09736,265.94
OUT_09737,91.19
OUT_09738,89.97
OUT_09739,107.92
OUT_09740,90.5
OUT_09741,85.06
OUT_09742,275.64
OUT_09743,109.79
OUT_09744,102.06
OUT_09745,112.46
OUT_09746,100.55
OUT_09747,85.85
OUT_09748,852.02
OUT_09749,100.63
OUT_09750,1884.25
OUT_09751,100.15
OUT_09752,110.45
OUT_09753,115.78
OUT_09754,285.68
OUT_09755,849.96
OUT_09756,260.22
OUT_09757,129.99
OUT_09758,304.48
OUT_09759,117.18
OUT_09760,91.83
OUT_09761,104.02
OUT_09762,893.59
OUT_09763,878.49
OUT_09764,321.76
OUT_09765,104.35
OUT_09766,255.44
OUT_09767,110.19
OUT_09768,897.82
OUT_09769,99.65
OUT_09770,251.5
OUT_09771,128.53
OUT_09772,842.23
OUT_09773,287.59
OUT_09774,873.55
OUT_09775,82.82
OUT_09776,101.72
OUT_09777,248.01
OUT_09778,1864.13
OUT_09779,298.32
OUT_09780,1879.03
OUT_09781,116.71
OUT_09782,255.28
OUT_09783,920.32
OUT_09784,274.0
OUT_09785,83.6
OUT_09786,287.29
OUT_09787,880.3
OUT_09788,864.1
OUT_09789,105.01
OUT_09790,110.52
OUT_09791,99.39
OUT_09792,892.86
OUT_09793,104.66
OUT_09794,111.07
OUT_09795,836.52
OUT_09796,103.26
OUT_09797,114.41
OUT_09798,276.03
OUT_09799,266.1
OUT_09800,92.58
OUT_09801,77.12
OUT_09802,274.05
OUT_09803,109.98
OUT_09804,100.1
OUT_09805,104.33
OUT_09806,751.2
OUT_09807,294.47
OUT_09808,869.82
OUT_09809,132.17
OUT_09810,114.13
OUT_09811,846.5
OUT_09812,1867.45
OUT_09813,807.19
OUT_09814,101.8
OUT_09815,283.66
OUT_09816,113.9
OUT_09817,1858.28
OUT_09818,60.64
OUT_09819,123.5
OUT_09820,111.66
OUT_09821,105.09
OUT_09822,80.44
OUT_09823,263.35
OUT_09824,87.6
OUT_09825,100.92
OUT_09826,112.08
OUT_09827,267.46
OUT_09828,286.99
OUT_09829,822.7
OUT_09830,259.91
OUT_09831,143.36
OUT_09832,71.24
OUT_09833,82.61
OUT_09834,97.8
OUT_09835,256.84
OUT_09836,103.8
OUT_09837,1916.31
OUT_09838,100.1
OUT_09839,131.29
OUT_09840,869.18
OUT_09841,101.27
OUT_09842,107.81
OUT_09843,84.4
OUT_09844,98.37
OUT_09845,106.03
OUT_09846,88.46
OUT_09847,275.48
OUT_09848,302.17
OUT_09849,153.17
OUT_09850,94.26
OUT_09851,260.29
OUT_09852,275.84
OUT_09853,102.07
OUT_09854,94.48
OUT_09855,94.59
OUT_09856,120.68
OUT_09857,275.03
OUT_09858,103.91
OUT_09859,884.59
OUT_09860,95.9
OUT_09861,868.41
OUT_09862,333.51
OUT_09863,256.22
OUT_09864,116.58
OUT_09865,103.66
OUT_09866,96.44
OUT_09867,265.25
OUT_09868,887.12
OUT_09869,64.52
OUT_09870,249.29
OUT_09871,250.53
OUT_09872,113.08
OUT_09873,90.27
OUT_09874,879.63
OUT_09875,104.02
OUT_09876,253.13
OUT_09877,894.4
OUT_09878,85.77
OUT_09879,145.37
OUT_09880,110.55
OUT_09881,275.64
OUT_09882,304.93
OUT_09883,252.92
OUT_09884,88.38
OUT_09885,112.17
OUT_09886,85.05
OUT_09887,290.83
OUT_09888,106.7
OUT_09889,97.42
OUT_09890,252.65
OUT_09891,108.05
OUT_09892,87.32
OUT_09893,253.35
OUT_09894,132.96
OUT_09895,95.68
OUT_09896,270.78
OUT_09897,110.6
OUT_09898,115.13
OUT_09899,83.3
OUT_09900,284.99
OUT_09901,85.06
OUT_09902,114.82
OUT_09903,1859.03
OUT_09904,78.81
OUT_09905,104.72
OUT_09906,128.82
OUT_09907,274.02
OUT_09908,259.68
OUT_09909,81.43
OUT_09910,89.41
OUT_09911,813.12
OUT_09912,867.9
OUT_09913,270.83
OUT_09914,901.89
OUT_09915,264.85
OUT_09916,266.85
OUT_09917,249.0
OUT_09918,81.38
OUT_09919,95.45
OUT_09920,82.34
OUT_09921,92.87
OUT_09922,1854.22
OUT_09923,90.38
OUT_09924,267.57
OUT_09925,277.77
OUT_09926,93.37
OUT_09927,265.49
OUT_09928,103.81
OUT_09929,247.84
OUT_09930,284.8
OUT_09931,92.95
OUT_09932,278.03
OUT_09933,1885.53
OUT_09934,843.23
OUT_09935,863.91
OUT_09936,101.68
OUT_09937,871.91
OUT_09938,92.25
OUT_09939,279.08
OUT_09940,90.94
OUT_09941,129.63
OUT_09942,100.84
OUT_09943,255.22
OUT_09944,90.11
OUT_09945,61.36
OUT_09946,859.92
OUT_09947,256.73
OUT_09948,84.67
OUT_09949,116.08
OUT_09950,101.49
OUT_09951,117.96
OUT_09952,847.67
OUT_09953,268.49
OUT_09954,99.24
OUT_09955,102.59
OUT_09956,273.55
OUT_09957,259.53
OUT_09958,93.36
OUT_09959,278.68
OUT_09960,108.66
OUT_09961,882.7
OUT_09962,85.66
OUT_09963,833.71
OUT_09964,274.06
OUT_09965,92.16
OUT_09966,899.94
OUT_09967,97.08
OUT_09968,266.95
OUT_09969,105.33
OUT_09970,84.3
OUT_09971,90.91
OUT_09972,305.2
OUT_09973,74.65
OUT_09974,117.35
OUT_09975,116.23
OUT_09976,75.47
OUT_09977,836.7
OUT_09978,264.14
OUT_09979,865.63
OUT_09980,94.82
OUT_09981,111.48
OUT_09982,1893.29
OUT_09983,107.75
OUT_09984,258.11
OUT_09985,315.35
OUT_09986,257.47
OUT_09987,825.44
OUT_09988,264.03
OUT_09989,874.3
OUT_09990,252.07
OUT_09991,86.63
OUT_09992,112.49
OUT_09993,109.24
OUT_09994,108.91
OUT_09995,99.39
OUT_09996,258.39
OUT_09997,270.42
OUT_09998,278.58
OUT_09999,114.67
OUT_10000,263.17
OUT_10001,105.68
OUT_10002,273.99
OUT_10003,256.01
OUT_10004,98.84
OUT_10005,118.61
OUT_10006,821.47
OUT_10007,1940.23
OUT_10008,120.55
OUT_10009,263.81
OUT_10010,103.18
OUT_10011,833.11
OUT_10012,94.34
OUT_10013,145.22
OUT_10014,107.53
OUT_10015,81.15
OUT_10016,120.84
OUT_10017,289.38
OUT_10018,114.96
OUT_10019,269.52
OUT_10020,85.42
OUT_10021,271.12
OUT_10022,260.07
OUT_10023,1856.72
OUT_10024,126.36
OUT_10025,259.85
OUT_10026,305.6
OUT_10027,139.46
OUT_10028,91.67
OUT_10029,115.33
OUT_10030,252.05
OUT_10031,85.91
OUT_10032,109.91
OUT_10033,103.6
OUT_10034,874.59
OUT_10035,91.49
OUT_10036,276.0
OUT_10037,275.42
OUT_10038,295.5
OUT_10039,94.4
OUT_10040,289.38
OUT_10041,922.16
OUT_10042,861.11
OUT_10043,253.93
OUT_10044,109.29
OUT_10045,94.07
OUT_10046,299.79
OUT_10047,110.7
OUT_10048,855.53
OUT_10049,110.61
OUT_10050,106.62
OUT_10051,1902.1
OUT_10052,117.35
OUT_10053,132.56
OUT_10054,120.56
OUT_10055,888.39
OUT_10056,87.68
OUT_10057,308.5
OUT_10058,840.9
OUT_10059,98.09
OUT_10060,865.32
OUT_10061,119.09
OUT_10062,108.22
OUT_10063,278.23
OUT_10064,293.19
OUT_10065,113.84
OUT_10066,102.53
OUT_10067,263.16
OUT_10068,300.38
OUT_10069,256.17
OUT_10070,85.76
OUT_10071,103.42
OUT_10072,97.77
OUT_10073,93.3
OUT_10074,270.19
OUT_10075,77.42
OUT_10076,869.06
OUT_10077,81.63
OUT_10078,266.86
OUT_10079,88.59
OUT_10080,82.28
OUT_10081,99.22
OUT_10082,293.05
OUT_10083,270.3
OUT_10084,95.81
OUT_10085,116.98
OUT_10086,258.14
OUT_10087,107.74
OUT_10088,873.06
OUT_10089,275.82
OUT_10090,810.94
OUT_10091,263.11
OUT_10092,126.56
OUT_10093,107.5
OUT_10094,123.71
OUT_10095,296.0
OUT_10096,830.11
OUT_10097,124.07
OUT_10098,93.36
OUT_10099,99.02
OUT_10100,150.99
OUT_10101,276.85
OUT_10102,106.65
OUT_10103,288.82
OUT_10104,880.42
OUT_10105,1835.66
OUT_10106,101.09
OUT_10107,867.35
OUT_10108,861.22
OUT_10109,100.35
OUT_10110,262.15
OUT_10111,285.16
OUT_10112,111.36
OUT_10113,96.66
OUT_10114,279.57
OUT_10115,127.21
OUT_10116,1852.9
OUT_10117,104.87
OUT_10118,102.99
OUT_10119,279.2
OUT_10120,261.63
OUT_10121,300.57
OUT_10122,91.11
OUT_10123,273.43
OUT_10124,874.18
OUT_10125,92.99
OUT_10126,100.93
OUT_10127,279.64
OUT_10128,264.53
OUT_10129,96.15
OUT_10130,868.9
OUT_10131,1886.73
OUT_10132,288.79
OUT_10133,260.23
OUT_10134,887.99
OUT_10135,111.44
OUT_10136,100.12
OUT_10137,91.43
OUT_10138,94.8
OUT_10139,283.38
OUT_10140,902.05
OUT_10141,260.79
OUT_10142,1900.98
OUT_10143,96.0
OUT_10144,265.56
OUT_10145,285.63
OUT_10146,252.86
OUT_10147,86.25
OUT_10148,263.44
OUT_10149,274.68
OUT_10150,84.4
OUT_10151,96.67
OUT_10152,80.43
OUT_10153,253.24
OUT_10154,270.94
OUT_10155,284.39
OUT_10156,97.1
OUT_10157,841.06
OUT_10158,102.22
OUT_10159,897.54
OUT_10160,262.0
OUT_10161,247.55
OUT_10162,97.62
OUT_10163,263.43
OUT_10164,836.7
OUT_10165,830.09
OUT_10166,120.21
OUT_10167,898.24
OUT_10168,831.88
OUT_10169,107.25
OUT_10170,101.88
OUT_10171,269.5
OUT_10172,100.75
OUT_10173,264.88
OUT_10174,1872.42
OUT_10175,269.87
OUT_10176,104.39
OUT_10177,313.21
OUT_10178,817.24
OUT_10179,140.12
OUT_10180,263.65
OUT_10181,845.76
OUT_10182,277.16
OUT_10183,853.2
OUT_10184,832.72
OUT_10185,832.7
OUT_10186,92.43
OUT_10187,288.17
OUT_10188,279.13
OUT_10189,109.04
OUT_10190,837.27
OUT_10191,85.95
OUT_10192,252.56
OUT_10193,835.99
OUT_10194,121.48
OUT_10195,261.81
OUT_10196,836.94
OUT_10197,135.44
OUT_10198,120.88
OUT_10199,283.96
OUT_10200,103.59
OUT_10201,109.52
OUT_10202,295.9
OUT_10203,84.14
OUT_10204,251.16
OUT_10205,87.3
OUT_10206,876.72
OUT_10207,276.9
OUT_10208,882.47
OUT_10209,252.99
OUT_10210,284.47
OUT_10211,259.02
OUT_10212,266.19
OUT_10213,1879.65
OUT_10214,257.86
OUT_10215,1906.09
OUT_10216,92.71
OUT_10217,301.91
OUT_10218,888.22
OUT_10219,95.27
OUT_10220,137.08
OUT_10221,90.85
OUT_10222,298.14
OUT_10223,113.49
OUT_10224,97.06
OUT_10225,126.25
OUT_10226,291.41
OUT_10227,858.7
OUT_10228,90.42
OUT_10229,890.66
OUT_10230,101.4
OUT_10231,822.06
OUT_10232,106.55
OUT_10233,256.63
OUT_10234,263.84
OUT_10235,868.75
OUT_10236,111.83
OUT_10237,267.78
OUT_10238,290.04
OUT_10239,287.02
OUT_10240,83.64
OUT_10241,107.59
OUT_10242,251.62
OUT_10243,850.84
OUT_10244,1898.5
OUT_10245,112.6
OUT_10246,282.66
OUT_10247,267.76
OUT_10248,897.35
OUT_10249,279.67
OUT_10250,846.28
OUT_10251,108.29
OUT_10252,138.07
OUT_10253,267.85
OUT_10254,838.25
OUT_10255,78.13
OUT_10256,283.27
OUT_10257,88.89
OUT_10258,77.83
OUT_10259,848.26
OUT_10260,920.08
OUT_10261,108.41
OUT_10262,897.85
OUT_10263,278.73
OUT_10264,88.76
OUT_10265,280.55
OUT_10266,252.59
OUT_10267,290.05
OUT_10268,855.3
OUT_10269,136.82
OUT_10270,89.54
OUT_10271,93.3
OUT_10272,82.65
OUT_10273,110.28
OUT_10274,891.28
OUT_10275,256.6
OUT_10276,115.87
OUT_10277,65.16
OUT_10278,93.47
OUT_10279,259.07
OUT_10280,91.86
OUT_10281,149.13
OUT_10282,876.77
OUT_10283,898.03
OUT_10284,282.38
OUT_10285,76.96
OUT_10286,271.08
OUT_10287,98.92
OUT_10288,274.76
OUT_10289,93.82
OUT_10290,108.65
OUT_10291,858.95
OUT_10292,268.21
OUT_10293,97.45
OUT_10294,1856.74
OUT_10295,77.33
OUT_10296,278.03
OUT_10297,276.78
OUT_10298,271.7
OUT_10299,1884.2
OUT_10300,94.56
OUT_10301,274.38
OUT_10302,833.27
OUT_10303,849.65
OUT_10304,295.57
OUT_10305,99.06
OUT_10306,98.03
OUT_10307,95.48
OUT_10308,889.82
OUT_10309,91.67
OUT_10310,865.96
OUT_10311,266.9
OUT_10312,320.12
OUT_10313,119.23
OUT_10314,266.21
OUT_10315,130.53
OUT_10316,860.79
OUT_10317,278.28
OUT_10318,260.89
OUT_10319,261.26
OUT_10320,104.91
OUT_10321,87.62
OUT_10322,92.08
OUT_10323,287.77
OUT_10324,78.58
OUT_10325,268.02
OUT_10326,109.52
OUT_10327,851.7
OUT_10328,264.39
OUT_10329,81.25
OUT_10330,102.99
OUT_10331,95.85
OUT_10332,88.86
OUT_10333,65.06
OUT_10334,877.41
OUT_10335,833.24
OUT_10336,273.91
OUT_10337,91.26
OUT_10338,97.72
OUT_10339,113.17
OUT_10340,326.73
OUT_10341,101.86
OUT_10342,250.31
OUT_10343,1910.2
OUT_10344,97.33
OUT_10345,295.61
OUT_10346,865.39
OUT_10347,115.8
OUT_10348,96.31
OUT_10349,912.25
OUT_10350,837.29
OUT_10351,104.97
OUT_10352,789.76
OUT_10353,54.9
OUT_10354,78.51
OUT_10355,889.86
OUT_10356,111.29
OUT_10357,90.9
OUT_10358,253.4
OUT_10359,104.35
OUT_10360,257.64
OUT_10361,245.94
OUT_10362,300.42
OUT_10363,244.87
OUT_10364,285.11
OUT_10365,266.35
OUT_10366,260.79
OUT_10367,106.65
OUT_10368,110.83
OUT_10369,119.75
OUT_10370,265.0
OUT_10371,89.89
OUT_10372,866.41
OUT_10373,131.51
OUT_10374,866.01
OUT_10375,862.41
OUT_10376,96.98
OUT_10377,107.44
OUT_10378,73.05
OUT_10379,100.31
OUT_10380,290.29
OUT_10381,842.77
OUT_10382,844.24
OUT_10383,111.97
OUT_10384,117.82
OUT_10385,276.67
OUT_10386,110.3
OUT_10387,263.84
OUT_10388,269.08
OUT_10389,125.02
OUT_10390,261.21
OUT_10391,1927.06
OUT_10392,99.78
OUT_10393,125.41
OUT_10394,236.36
OUT_10395,119.2
OUT_10396,851.18
OUT_10397,1906.31
OUT_10398,140.93
OUT_10399,859.21
OUT_10400,261.79
OUT_10401,305.36
OUT_10402,259.21
OUT_10403,265.45
OUT_10404,117.35
OUT_10405,87.96
OUT_10406,106.5
OUT_10407,854.48
OUT_10408,124.38
OUT_10409,92.36
OUT_10410,124.1
OUT_10411,106.28
OUT_10412,818.72
OUT_10413,94.21
OUT_10414,89.26
OUT_10415,255.89
OUT_10416,125.68
OUT_10417,115.58
OUT_10418,288.14
OUT_10419,108.46
OUT_10420,98.77
OUT_10421,101.71
OUT_10422,81.0
OUT_10423,868.65
OUT_10424,96.0
OUT_10425,130.7
OUT_10426,97.97
OUT_10427,60.29
OUT_10428,836.68
OUT_10429,258.09
OUT_10430,130.38
OUT_10431,833.39
OUT_10432,804.7
OUT_10433,910.04
OUT_10434,867.21
OUT_10435,85.03
OUT_10436,103.18
OUT_10437,91.32
OUT_10438,858.29
OUT_10439,96.11
OUT_10440,269.5
OUT_10441,265.99
OUT_10442,118.71
OUT_10443,123.13
OUT_10444,289.09
OUT_10445,263.14
OUT_10446,286.24
OUT_10447,287.42
OUT_10448,833.6
OUT_10449,266.63
OUT_10450,269.79
OUT_10451,134.1
OUT_10452,105.36
OUT_10453,116.96
OUT_10454,85.76
OUT_10455,89.88
OUT_10456,827.46
OUT_10457,896.08
OUT_10458,260.13
OUT_10459,862.5
OUT_10460,277.23
OUT_10461,160.67
OUT_10462,123.7
OUT_10463,89.67
OUT_10464,110.49
OUT_10465,113.55
OUT_10466,86.96
OUT_10467,284.31
OUT_10468,299.64
OUT_10469,277.8
OUT_10470,112.58
OUT_10471,108.27
OUT_10472,262.19
OUT_10473,297.79
OUT_10474,142.01
OUT_10475,70.11
OUT_10476,286.22
OUT_10477,98.51
OUT_10478,117.21
OUT_10479,817.68
OUT_10480,83.45
OUT_10481,93.89
OUT_10482,862.67
OUT_10483,262.55
OUT_10484,261.02
OUT_10485,107.1
OUT_10486,101.42
OUT_10487,117.28
OUT_10488,97.44
OUT_10489,850.89
OUT_10490,299.88
OUT_10491,93.44
OUT_10492,104.1
OUT_10493,875.85
OUT_10494,861.96
OUT_10495,94.65
OUT_10496,278.51
OUT_10497,81.01
OUT_10498,289.7
OUT_10499,108.05
OUT_10500,92.78
OUT_10501,840.93
OUT_10502,103.4
OUT_10503,878.43
OUT_10504,1863.94
OUT_10505,855.9
OUT_10506,118.32
OUT_10507,1878.9
OUT_10508,1869.28
OUT_10509,253.97
OUT_10510,878.68
OUT_10511,103.41
OUT_10512,109.01
OUT_10513,107.99
OUT_10514,276.37
OUT_10515,90.5
OUT_10516,767.8
OUT_10517,94.32
OUT_10518,91.69
OUT_10519,81.48
OUT_10520,864.53
OUT_10521,921.85
OUT_10522,886.3
OUT_10523,103.31
OUT_10524,294.98
OUT_10525,282.89
OUT_10526,114.6
OUT_10527,121.48
OUT_10528,306.5
OUT_10529,256.85
OUT_10530,844.79
OUT_10531,88.05
OUT_10532,93.24
OUT_10533,869.89
OUT_10534,80.74
OUT_10535,295.47
OUT_10536,93.29
OUT_10537,271.89
OUT_10538,108.53
OUT_10539,110.0
OUT_10540,126.09
OUT_10541,896.46
OUT_10542,277.75
OUT_10543,284.67
OUT_10544,254.07
OUT_10545,1890.51
OUT_10546,108.68
OUT_10547,260.89
OUT_10548,79.98
OUT_10549,276.2
OUT_10550,847.78
OUT_10551,100.57
OUT_10552,88.9
OUT_10553,282.8
OUT_10554,264.59
OUT_10555,98.54
OUT_10556,85.41
OUT_10557,281.77
OUT_10558,89.11
OUT_10559,95.19
OUT_10560,112.3
OUT_10561,77.0
OUT_10562,80.5
OUT_10563,98.65
OUT_10564,877.54
OUT_10565,282.83
OUT_10566,287.0
OUT_10567,303.93
OUT_10568,121.59
OUT_10569,857.5
OUT_10570,286.49
OUT_10571,257.64
OUT_10572,253.7
OUT_10573,158.07
OUT_10574,273.16
OUT_10575,107.52
OUT_10576,271.97
OUT_10577,94.96
OUT_10578,110.4
OUT_10579,251.14
OUT_10580,270.05
OUT_10581,264.6
OUT_10582,76.67
OUT_10583,877.02
OUT_10584,90.9
OUT_10585,118.87
OUT_10586,292.03
OUT_10587,293.28
OUT_10588,111.84
OUT_10589,261.78
OUT_10590,104.14
OUT_10591,103.41
OUT_10592,286.13
OUT_10593,819.7
OUT_10594,293.89
OUT_10595,105.29
OUT_10596,120.96
OUT_10597,298.18
OUT_10598,865.59
OUT_10599,113.29
OUT_10600,845.54
OUT_10601,280.69
OUT_10602,99.99
OUT_10603,130.73
OUT_10604,256.85
OUT_10605,100.62
OUT_10606,115.94
OUT_10607,118.38
OUT_10608,251.16
OUT_10609,106.62
OUT_10610,287.28
OUT_10611,256.85
OUT_10612,104.74
OUT_10613,279.47
OUT_10614,291.19
OUT_10615,103.5
OUT_10616,281.11
OUT_10617,838.6
OUT_10618,117.2
OUT_10619,84.86
OUT_10620,106.98
OUT_10621,256.38
OUT_10622,272.05
OUT_10623,106.51
OUT_10624,267.61
OUT_10625,101.29
OUT_10626,276.78
OUT_10627,111.17
OUT_10628,97.87
OUT_10629,129.43
OUT_10630,859.51
OUT_10631,79.66
OUT_10632,870.06
OUT_10633,812.07
OUT_10634,101.35
OUT_10635,107.09
OUT_10636,876.39
OUT_10637,118.99
OUT_10638,107.17
OUT_10639,250.05
OUT_10640,158.82
OUT_10641,269.27
OUT_10642,1904.95
OUT_10643,98.18
OUT_10644,883.29
OUT_10645,285.99
OUT_10646,101.38
OUT_10647,94.81
OUT_10648,275.76
OUT_10649,86.74
OUT_10650,119.98
OUT_10651,85.73
OUT_10652,262.4
OUT_10653,1853.64
OUT_10654,119.72
OUT_10655,84.45
OUT_10656,118.89
OUT_10657,1917.24
OUT_10658,106.09
OUT_10659,280.93
OUT_10660,1906.62
OUT_10661,87.52
OUT_10662,98.35
OUT_10663,265.14
OUT_10664,303.03
OUT_10665,281.37
OUT_10666,268.42
OUT_10667,313.76
OUT_10668,99.7
OUT_10669,1897.45
OUT_10670,891.55
OUT_10671,254.67
OUT_10672,281.35
OUT_10673,99.33
OUT_10674,261.21
OUT_10675,103.33
OUT_10676,284.97
OUT_10677,148.34
OUT_10678,111.15
OUT_10679,265.66
OUT_10680,92.52
OUT_10681,98.0
OUT_10682,105.43
OUT_10683,868.84
OUT_10684,98.32
OUT_10685,250.91
OUT_10686,261.44
OUT_10687,135.87
OUT_10688,262.55
OUT_10689,305.34
OUT_10690,112.86
OUT_10691,290.68
OUT_10692,260.44
OUT_10693,102.69
OUT_10694,268.69
OUT_10695,153.24
OUT_10696,844.3
OUT_10697,69.5
OUT_10698,109.49
OUT_10699,1882.81
OUT_10700,101.19
OUT_10701,92.5
OUT_10702,99.67
OUT_10703,120.79
OUT_10704,151.78
OUT_10705,1876.56
OUT_10706,93.51
OUT_10707,88.52
OUT_10708,1877.17
OUT_10709,270.91
OUT_10710,1868.59
OUT_10711,872.5
OUT_10712,129.87
OUT_10713,114.0
OUT_10714,281.94
OUT_10715,281.88
OUT_10716,287.42
OUT_10717,857.27
OUT_10718,75.89
OUT_10719,1912.39
OUT_10720,262.74
OUT_10721,272.25
OUT_10722,289.76
OUT_10723,258.81
OUT_10724,101.71
OUT_10725,106.96
OUT_10726,110.25
OUT_10727,255.09
OUT_10728,1849.62
OUT_10729,98.49
OUT_10730,1872.26
OUT_10731,103.31
OUT_10732,163.1
OUT_10733,110.07
OUT_10734,325.07
OUT_10735,269.02
OUT_10736,92.29
OUT_10737,269.52
OUT_10738,107.84
OUT_10739,89.24
OUT_10740,91.05
OUT_10741,99.56
OUT_10742,110.16
OUT_10743,110.37
OUT_10744,104.31
OUT_10745,116.58
OUT_10746,83.72
OUT_10747,847.55
OUT_10748,120.86
OUT_10749,104.99
OUT_10750,116.5
OUT_10751,80.13
OUT_10752,252.66
OUT_10753,120.17
OUT_10754,111.43
OUT_10755,129.34
OUT_10756,107.14
OUT_10757,94.72
OUT_10758,1842.29
OUT_10759,110.25
OUT_10760,896.71
OUT_10761,256.87
OUT_10762,259.92
OUT_10763,275.79
OUT_10764,263.25
OUT_10765,101.95
OUT_10766,77.73
OUT_10767,99.32
OUT_10768,263.98
OUT_10769,94.49
OUT_10770,885.69
OUT_10771,91.53
OUT_10772,119.05
OUT_10773,263.28
OUT_10774,96.22
OUT_10775,262.28
OUT_10776,863.61
OUT_10777,105.86
OUT_10778,100.53
OUT_10779,852.37
OUT_10780,271.56
OUT_10781,1884.41
OUT_10782,277.17
OUT_10783,314.33
OUT_10784,91.46
OUT_10785,78.55
OUT_10786,100.02
OUT_10787,94.31
OUT_10788,828.7
OUT_10789,87.5
OUT_10790,279.46
OUT_10791,101.24
OUT_10792,254.86
OUT_10793,795.42
OUT_10794,1911.05
OUT_10795,125.36
OUT_10796,272.32
OUT_10797,131.41
OUT_10798,1868.17
OUT_10799,108.07
OUT_10800,115.48
OUT_10801,857.91
OUT_10802,111.83
OUT_10803,838.55
OUT_10804,1892.3
OUT_10805,867.27
OUT_10806,114.05
OUT_10807,106.29
OUT_10808,107.7
OUT_10809,79.76
OUT_10810,297.61
OUT_10811,92.66
OUT_10812,117.01
OUT_10813,87.03
OUT_10814,131.76
OUT_10815,287.52
OUT_10816,281.21
OUT_10817,261.36
OUT_10818,1877.38
OUT_10819,250.65
OUT_10820,90.67
OUT_10821,289.96
OUT_10822,119.36
OUT_10823,151.34
OUT_10824,101.55
OUT_10825,266.85
OUT_10826,882.73
OUT_10827,825.41
OUT_10828,1888.03
OUT_10829,105.72
OUT_10830,80.13
OUT_10831,84.97
OUT_10832,99.24
OUT_10833,275.46
OUT_10834,1897.8
OUT_10835,106.45
OUT_10836,114.36
OUT_10837,83.82
OUT_10838,250.59
OUT_10839,254.4
OUT_10840,114.33
OUT_10841,902.41
OUT_10842,283.27
OUT_10843,96.36
OUT_10844,284.42
OUT_10845,872.54
OUT_10846,105.81
OUT_10847,127.11
OUT_10848,103.79
OUT_10849,1850.75
OUT_10850,114.67
OUT_10851,70.24
OUT_10852,261.49
OUT_10853,105.48
OUT_10854,930.19
OUT_10855,94.55
OUT_10856,109.22
OUT_10857,269.85
OUT_10858,93.06
OUT_10859,912.12
OUT_10860,109.24
OUT_10861,305.88
OUT_10862,95.16
OUT_10863,121.47
OUT_10864,249.85
OUT_10865,283.33
OUT_10866,84.54
OUT_10867,277.01
OUT_10868,116.71
OUT_10869,99.57
OUT_10870,112.61
OUT_10871,269.52
OUT_10872,882.01
OUT_10873,111.33
OUT_10874,104.2
OUT_10875,831.76
OUT_10876,896.56
OUT_10877,253.83
OUT_10878,97.95
OUT_10879,284.14
OUT_10880,293.43
OUT_10881,100.08
OUT_10882,835.62
OUT_10883,879.37
OUT_10884,129.7
OUT_10885,107.14
OUT_10886,99.28
OUT_10887,869.66
OUT_10888,82.52
OUT_10889,86.42
OUT_10890,271.36
OUT_10891,863.71
OUT_10892,76.36
OUT_10893,80.03
OUT_10894,848.42
OUT_10895,110.82
OUT_10896,126.04
OUT_10897,123.5
OUT_10898,102.05
OUT_10899,93.14
OUT_10900,97.11
OUT_10901,113.1
OUT_10902,813.36
OUT_10903,857.34
OUT_10904,131.36
OUT_10905,152.87
OUT_10906,102.16
OUT_10907,94.24
OUT_10908,92.91
OUT_10909,126.14
OUT_10910,796.77
OUT_10911,94.43
OUT_10912,122.04
OUT_10913,282.67
OUT_10914,860.01
OUT_10915,102.31
OUT_10916,259.02
OUT_10917,260.38
OUT_10918,128.78
OUT_10919,107.76
OUT_10920,94.9
OUT_10921,860.18
OUT_10922,294.69
OUT_10923,865.63
OUT_10924,863.4
OUT_10925,1865.07
OUT_10926,105.67
OUT_10927,110.93
OUT_10928,89.56
OUT_10929,866.01
OUT_10930,862.96
OUT_10931,132.56
OUT_10932,811.95
OUT_10933,264.88
OUT_10934,164.81
OUT_10935,873.16
OUT_10936,124.74
OUT_10937,103.35
OUT_10938,891.72
OUT_10939,286.22
OUT_10940,875.47
OUT_10941,853.56
OUT_10942,85.97
OUT_10943,808.68
OUT_10944,113.81
OUT_10945,68.32
OUT_10946,71.95
OUT_10947,157.0
OUT_10948,75.56
OUT_10949,63.78
OUT_10950,112.2
OUT_10951,130.36
OUT_10952,869.98
OUT_10953,253.15
OUT_10954,1862.58
OUT_10955,91.28
OUT_10956,93.17
OUT_10957,800.36
OUT_10958,104.09
OUT_10959,860.25
OUT_10960,250.52
OUT_10961,120.07
OUT_10962,1944.55
OUT_10963,1849.02
OUT_10964,1887.78
OUT_10965,84.42
OUT_10966,1881.37
OUT_10967,825.98
OUT_10968,888.86
OUT_10969,103.22
OUT_10970,269.72
OUT_10971,93.87
OUT_10972,130.23
OUT_10973,90.91
OUT_10974,258.32
OUT_10975,320.68
OUT_10976,123.82
OUT_10977,105.3
OUT_10978,103.69
OUT_10979,78.51
OUT_10980,831.56
OUT_10981,103.69
OUT_10982,253.79
OUT_10983,282.03
OUT_10984,97.86
OUT_10985,254.56
OUT_10986,109.24
OUT_10987,257.41
OUT_10988,272.41
OUT_10989,867.09
OUT_10990,828.71
OUT_10991,108.74
OUT_10992,119.58
OUT_10993,841.99
OUT_10994,80.19
OUT_10995,104.94
OUT_10996,1847.26
OUT_10997,1874.36
OUT_10998,108.28
OUT_10999,848.87
OUT_11000,81.76
OUT_11001,288.6
OUT_11002,108.45
OUT_11003,1910.1
OUT_11004,102.3
OUT_11005,283.37
OUT_11006,279.18
OUT_11007,93.84
OUT_11008,894.96
OUT_11009,275.45
OUT_11010,275.66
OUT_11011,147.0
OUT_11012,77.95
OUT_11013,253.28
OUT_11014,67.22
OUT_11015,881.55
OUT_11016,80.39
OUT_11017,887.51
OUT_11018,103.38
OUT_11019,95.9
OUT_11020,87.93
OUT_11021,950.63
OUT_11022,105.72
OUT_11023,116.26
OUT_11024,112.53
OUT_11025,266.37
OUT_11026,102.89
OUT_11027,265.11
OUT_11028,299.05
OUT_11029,1865.39
OUT_11030,94.61
OUT_11031,102.55
OUT_11032,104.03
OUT_11033,251.54
OUT_11034,265.53
OUT_11035,105.38
OUT_11036,268.68
OUT_11037,90.79
OUT_11038,254.89
OUT_11039,806.69
OUT_11040,114.15
OUT_11041,108.94
OUT_11042,286.25
OUT_11043,874.56
OUT_11044,163.22
OUT_11045,285.54
OUT_11046,254.05
OUT_11047,114.97
OUT_11048,264.93
OUT_11049,254.51
OUT_11050,256.52
OUT_11051,301.51
OUT_11052,868.08
OUT_11053,95.01
OUT_11054,309.32
OUT_11055,264.92
OUT_11056,1880.83
OUT_11057,254.98
OUT_11058,91.21
OUT_11059,86.34
OUT_11060,288.8
OUT_11061,109.98
OUT_11062,135.63
OUT_11063,873.11
OUT_11064,261.91
OUT_11065,99.52
OUT_11066,115.5
OUT_11067,94.51
OUT_11068,857.27
OUT_11069,827.94
OUT_11070,253.52
OUT_11071,93.6
OUT_11072,87.21
OUT_11073,121.49
OUT_11074,112.4
OUT_11075,101.24
OUT_11076,289.47
OUT_11077,861.13
OUT_11078,122.99
OUT_11079,76.33
OUT_11080,134.3
OUT_11081,287.36
OUT_11082,109.84
OUT_11083,260.55
OUT_11084,264.93
OUT_11085,105.47
OUT_11086,93.36
OUT_11087,102.79
OUT_11088,90.77
OUT_11089,267.88
OUT_11090,860.98
OUT_11091,109.2
OUT_11092,274.09
OUT_11093,112.15
OUT_11094,1855.84
OUT_11095,91.34
OUT_11096,101.78
OUT_11097,279.2
OUT_11098,864.3
OUT_11099,92.04
OUT_11100,105.45
OUT_11101,852.2
OUT_11102,103.7
OUT_11103,120.77
OUT_11104,86.95
OUT_11105,834.7
OUT_11106,830.11
OUT_11107,263.33
OUT_11108,1851.74
OUT_11109,262.64
OUT_11110,256.03
OUT_11111,95.56
OUT_11112,860.72
OUT_11113,274.13
OUT_11114,264.95
OUT_11115,66.54
OUT_11116,131.67
OUT_11117,321.99
OUT_11118,99.96
OUT_11119,253.22
OUT_11120,851.25
OUT_11121,86.66
OUT_11122,93.95
OUT_11123,805.36
OUT_11124,892.2
OUT_11125,256.6
OUT_11126,128.05
OUT_11127,105.38
OUT_11128,1871.18
OUT_11129,84.79
OUT_11130,117.56
OUT_11131,859.23
OUT_11132,269.87
OUT_11133,257.08
OUT_11134,93.83
OUT_11135,127.33
OUT_11136,102.35
OUT_11137,110.04
OUT_11138,275.98
OUT_11139,266.69
OUT_11140,854.21
OUT_11141,264.18
OUT_11142,96.15
OUT_11143,1859.05
OUT_11144,90.54
OUT_11145,262.52
OUT_11146,99.19
OUT_11147,118.31
OUT_11148,111.04
OUT_11149,124.71
OUT_11150,862.99
OUT_11151,278.02
OUT_11152,845.47
OUT_11153,252.99
OUT_11154,108.36
OUT_11155,127.85
OUT_11156,90.89
OUT_11157,252.68
OUT_11158,288.94
OUT_11159,102.18
OUT_11160,272.07
OUT_11161,79.5
OUT_11162,109.38
OUT_11163,257.44
OUT_11164,112.14
OUT_11165,1872.48
OUT_11166,131.83
OUT_11167,275.26
OUT_11168,1867.76
OUT_11169,119.49
OUT_11170,97.58
OUT_11171,103.33
OUT_11172,281.11
OUT_11173,127.76
OUT_11174,78.08
OUT_11175,253.58
OUT_11176,262.93
OUT_11177,877.22
OUT_11178,105.95
OUT_11179,269.51
OUT_11180,93.3
OUT_11181,94.9
OUT_11182,836.77
OUT_11183,296.03
OUT_11184,119.84
OUT_11185,85.0
OUT_11186,249.92
OUT_11187,901.13
OUT_11188,97.69
OUT_11189,258.64
OUT_11190,114.18
OUT_11191,100.05
OUT_11192,294.44
OUT_11193,88.66
OUT_11194,101.02
OUT_11195,271.18
OUT_11196,88.74
OUT_11197,251.47
OUT_11198,275.38
OUT_11199,833.81
OUT_11200,103.88
OUT_11201,280.71
OUT_11202,88.19
OUT_11203,98.55
OUT_11204,1843.1
OUT_11205,92.49
OUT_11206,115.47
OUT_11207,119.36
OUT_11208,875.7
OUT_11209,44.44
OUT_11210,111.52
OUT_11211,122.89
OUT_11212,319.62
OUT_11213,261.04
OUT_11214,1864.49
OUT_11215,117.02
OUT_11216,116.87
OUT_11217,1921.52
OUT_11218,256.54
OUT_11219,870.37
OUT_11220,96.84
OUT_11221,81.46
OUT_11222,1874.49
OUT_11223,103.62
OUT_11224,91.95
OUT_11225,1877.9
OUT_11226,109.88
OUT_11227,89.43
OUT_11228,109.65
OUT_11229,255.51
OUT_11230,82.34
OUT_11231,254.44
OUT_11232,1871.39
OUT_11233,853.25
OUT_11234,96.58
OUT_11235,88.11
OUT_11236,251.31
OUT_11237,94.92
OUT_11238,95.35
OUT_11239,841.58
OUT_11240,291.7
OUT_11241,83.33
OUT_11242,85.58
OUT_11243,146.41
OUT_11244,121.13
OUT_11245,255.26
OUT_11246,89.41
OUT_11247,101.95
OUT_11248,87.06
OUT_11249,282.59
OUT_11250,291.35
OUT_11251,1914.02
OUT_11252,106.33
OUT_11253,878.18
OUT_11254,312.27
OUT_11255,262.77
OUT_11256,262.12
OUT_11257,82.16
OUT_11258,113.45
OUT_11259,157.31
OUT_11260,833.76
OUT_11261,1848.27
OUT_11262,119.38
OUT_11263,84.37
OUT_11264,93.85
OUT_11265,858.42
OUT_11266,91.67
OUT_11267,110.52
OUT_11268,262.04
OUT_11269,1893.69
OUT_11270,104.11
OUT_11271,122.37
OUT_11272,93.91
OUT_11273,282.47
OUT_11274,80.49
OUT_11275,107.29
OUT_11276,269.8
OUT_11277,143.62
OUT_11278,87.81
OUT_11279,108.91
OUT_11280,913.31
OUT_11281,134.4
OUT_11282,114.82
OUT_11283,131.12
OUT_11284,117.43
OUT_11285,102.51
OUT_11286,269.57
OUT_11287,95.25
OUT_11288,887.77
OUT_11289,69.26
OUT_11290,260.4
OUT_11291,867.55
OUT_11292,101.18
OUT_11293,265.38
OUT_11294,134.27
OUT_11295,104.58
OUT_11296,878.3
OUT_11297,269.4
OUT_11298,276.01
OUT_11299,93.98
OUT_11300,102.81
OUT_11301,99.7
OUT_11302,89.11
OUT_11303,883.25
OUT_11304,77.96
OUT_11305,1905.02
OUT_11306,255.9
OUT_11307,1857.89
OUT_11308,248.47
OUT_11309,876.22
OUT_11310,284.27
OUT_11311,162.75
OUT_11312,89.58
OUT_11313,113.98
OUT_11314,777.95
OUT_11315,314.12
OUT_11316,1905.97
OUT_11317,870.48
OUT_11318,893.97
OUT_11319,83.37
OUT_11320,73.59
OUT_11321,247.33
OUT_11322,843.58
OUT_11323,273.53
OUT_11324,119.46
OUT_11325,118.43
OUT_11326,274.97
OUT_11327,95.7
OUT_11328,827.66
OUT_11329,85.28
OUT_11330,853.88
OUT_11331,263.83
OUT_11332,137.15
OUT_11333,270.6
OUT_11334,95.61
OUT_11335,86.47
OUT_11336,287.69
OUT_11337,258.93
OUT_11338,267.21
OUT_11339,103.8
OUT_11340,257.29
OUT_11341,119.91
OUT_11342,274.61
OUT_11343,103.75
OUT_11344,78.97
OUT_11345,107.34
OUT_11346,252.78
OUT_11347,271.13
OUT_11348,91.25
OUT_11349,102.69
OUT_11350,300.01
OUT_11351,72.01
OUT_11352,276.47
OUT_11353,113.46
OUT_11354,837.24
OUT_11355,92.16
OUT_11356,115.43
OUT_11357,283.93
OUT_11358,115.84
OUT_11359,1847.99
OUT_11360,281.53
OUT_11361,261.21
OUT_11362,252.05
OUT_11363,97.43
OUT_11364,97.12
OUT_11365,301.24
OUT_11366,98.9
OUT_11367,131.22
OUT_11368,1884.67
OUT_11369,140.55
OUT_11370,107.69
OUT_11371,271.47
OUT_11372,880.91
OUT_11373,255.17
OUT_11374,97.75
OUT_11375,276.02
OUT_11376,269.74
OUT_11377,78.34
OUT_11378,285.49
OUT_11379,95.58
OUT_11380,108.15
OUT_11381,278.27
OUT_11382,94.97
OUT_11383,283.43
OUT_11384,266.01
OUT_11385,261.44
OUT_11386,297.57
OUT_11387,92.03
OUT_11388,263.98
OUT_11389,88.02
OUT_11390,84.85
OUT_11391,76.67
OUT_11392,873.2
OUT_11393,85.96
OUT_11394,854.18
OUT_11395,272.47
OUT_11396,263.93
OUT_11397,844.93
OUT_11398,259.39
OUT_11399,83.26
OUT_11400,101.05
OUT_11401,281.35
OUT_11402,87.89
OUT_11403,1872.43
OUT_11404,73.46
OUT_11405,114.6
OUT_11406,870.61
OUT_11407,112.79
OUT_11408,102.72
OUT_11409,248.68
OUT_11410,271.77
OUT_11411,85.91
OUT_11412,51.65
OUT_11413,848.21
OUT_11414,119.59
OUT_11415,102.85
OUT_11416,886.0
OUT_11417,108.31
OUT_11418,80.09
OUT_11419,100.51
OUT_11420,266.67
OUT_11421,859.16
OUT_11422,254.1
OUT_11423,294.21
OUT_11424,254.4
OUT_11425,121.21
OUT_11426,1897.26
OUT_11427,306.17
OUT_11428,254.95
OUT_11429,96.82
OUT_11430,82.58
OUT_11431,252.81
OUT_11432,297.59
OUT_11433,106.99
OUT_11434,853.59
OUT_11435,109.7
OUT_11436,110.94
OUT_11437,878.83
OUT_11438,849.67
OUT_11439,265.53
OUT_11440,94.23
OUT_11441,137.99
OUT_11442,72.65
OUT_11443,132.27
OUT_11444,78.81
OUT_11445,107.61
OUT_11446,281.49
OUT_11447,833.48
OUT_11448,72.49
OUT_11449,254.47
OUT_11450,52.59
OUT_11451,100.84
OUT_11452,125.78
OUT_11453,266.81
OUT_11454,271.47
OUT_11455,272.96
OUT_11456,93.35
OUT_11457,282.39
OUT_11458,1883.61
OUT_11459,106.14
OUT_11460,1899.09
OUT_11461,124.73
OUT_11462,129.91
OUT_11463,96.13
OUT_11464,260.61
OUT_11465,1896.01
OUT_11466,119.31
OUT_11467,90.5
OUT_11468,250.79
OUT_11469,144.85
OUT_11470,87.0
OUT_11471,273.2
OUT_11472,121.3
OUT_11473,271.3
OUT_11474,77.97
OUT_11475,868.15
OUT_11476,114.75
OUT_11477,81.71
OUT_11478,107.86
OUT_11479,286.83
OUT_11480,120.64
OUT_11481,81.5
OUT_11482,235.61
OUT_11483,260.5
OUT_11484,272.06
OUT_11485,81.0
OUT_11486,278.25
OUT_11487,259.44
OUT_11488,277.4
OUT_11489,283.24
OUT_11490,293.76
OUT_11491,262.76
OUT_11492,264.59
OUT_11493,282.66
OUT_11494,84.74
OUT_11495,257.03
OUT_11496,86.65
OUT_11497,1909.97
OUT_11498,81.43
OUT_11499,124.09
OUT_11500,796.42
OUT_11501,88.87
OUT_11502,830.51
OUT_11503,263.83
OUT_11504,898.74
OUT_11505,107.54
OUT_11506,283.85
OUT_11507,69.38
OUT_11508,278.17
OUT_11509,78.0
OUT_11510,268.17
OUT_11511,289.77
OUT_11512,814.47
OUT_11513,278.98
OUT_11514,76.89
OUT_11515,876.95
OUT_11516,124.64
OUT_11517,297.66
OUT_11518,112.26
OUT_11519,53.0
OUT_11520,259.63
OUT_11521,89.17
OUT_11522,284.45
OUT_11523,1894.39
OUT_11524,73.01
OUT_11525,101.98
OUT_11526,85.18
OUT_11527,110.59
OUT_11528,118.85
OUT_11529,102.59
OUT_11530,99.31
OUT_11531,249.18
OUT_11532,879.83
OUT_11533,125.32
OUT_11534,846.61
OUT_11535,261.06
OUT_11536,280.07
OUT_11537,95.74
OUT_11538,101.81
OUT_11539,281.01
OUT_11540,869.59
OUT_11541,290.64
OUT_11542,80.74
OUT_11543,102.89
OUT_11544,100.61
OUT_11545,875.94
OUT_11546,113.24
OUT_11547,857.1
OUT_11548,106.12
OUT_11549,289.97
OUT_11550,105.71
OUT_11551,90.13
OUT_11552,118.59
OUT_11553,103.63
OUT_11554,111.55
OUT_11555,110.21
OUT_11556,122.8
OUT_11557,256.11
OUT_11558,99.06
OUT_11559,892.97
OUT_11560,258.61
OUT_11561,79.18
OUT_11562,111.32
OUT_11563,859.4
OUT_11564,90.77
OUT_11565,264.73
OUT_11566,105.41
OUT_11567,849.77
OUT_11568,100.42
OUT_11569,935.91
OUT_11570,62.32
OUT_11571,282.98
OUT_11572,111.31
OUT_11573,281.55
OUT_11574,269.36
OUT_11575,101.93
OUT_11576,290.83
OUT_11577,125.09
OUT_11578,283.16
OUT_11579,115.51
OUT_11580,80.85
OUT_11581,97.08
OUT_11582,115.57
OUT_11583,285.42
OUT_11584,880.7
OUT_11585,288.47
OUT_11586,94.28
OUT_11587,256.13
OUT_11588,1876.18
OUT_11589,277.78
OUT_11590,1847.93
OUT_11591,83.48
OUT_11592,93.63
OUT_11593,138.23
OUT_11594,114.74
OUT_11595,51.0
OUT_11596,102.12
OUT_11597,93.26
OUT_11598,266.55
OUT_11599,812.68
OUT_11600,81.89
OUT_11601,1857.72
OUT_11602,99.05
OUT_11603,159.23
OUT_11604,86.17
OUT_11605,1886.17
OUT_11606,258.33
OUT_11607,297.18
OUT_11608,88.38
OUT_11609,99.3
OUT_11610,87.8
OUT_11611,869.3
OUT_11612,108.57
OUT_11613,827.7
OUT_11614,74.04
OUT_11615,237.07
OUT_11616,294.25
OUT_11617,258.64
OUT_11618,275.56
OUT_11619,1888.72
OUT_11620,121.69
OUT_11621,97.71
OUT_11622,917.54
OUT_11623,119.96
OUT_11624,86.47
OUT_11625,97.64
OUT_11626,82.21
OUT_11627,106.51
OUT_11628,269.23
OUT_11629,68.52
OUT_11630,838.46
OUT_11631,264.64
OUT_11632,261.16
OUT_11633,861.58
OUT_11634,74.48
OUT_11635,97.59
OUT_11636,1879.81
OUT_11637,848.86
OUT_11638,114.56
OUT_11639,132.28
OUT_11640,290.12
OUT_11641,126.16
OUT_11642,885.83
OUT_11643,1872.37
OUT_11644,1875.8
OUT_11645,110.63
OUT_11646,888.38
OUT_11647,111.45
OUT_11648,255.58
OUT_11649,80.07
OUT_11650,133.9
OUT_11651,82.43
OUT_11652,883.58
OUT_11653,108.79
OUT_11654,103.5
OUT_11655,93.69
OUT_11656,93.78
OUT_11657,85.86
OUT_11658,101.28
OUT_11659,84.95
OUT_11660,121.09
OUT_11661,88.81
OUT_11662,829.97
OUT_11663,88.65
OUT_11664,124.93
OUT_11665,1846.51
OUT_11666,829.08
OUT_11667,255.26
OUT_11668,261.18
OUT_11669,129.02
OUT_11670,101.23
OUT_11671,132.81
OUT_11672,879.11
OUT_11673,249.36
OUT_11674,908.6
OUT_11675,90.92
OUT_11676,262.2
OUT_11677,99.49
OUT_11678,99.86
OUT_11679,83.36
OUT_11680,826.04
OUT_11681,282.2
OUT_11682,66.44
OUT_11683,851.86
OUT_11684,78.68
OUT_11685,70.64
OUT_11686,869.8
OUT_11687,112.39
OUT_11688,906.14
OUT_11689,259.09
OUT_11690,95.63
OUT_11691,129.35
OUT_11692,914.92
OUT_11693,270.26
OUT_11694,100.05
OUT_11695,92.08
OUT_11696,819.76
OUT_11697,1910.91
OUT_11698,115.06
OUT_11699,269.67
OUT_11700,138.64
OUT_11701,143.91
OUT_11702,274.34
OUT_11703,89.82
OUT_11704,869.89
OUT_11705,103.87
OUT_11706,111.91
OUT_11707,261.52
OUT_11708,97.77
OUT_11709,90.32
OUT_11710,106.8
OUT_11711,263.8
OUT_11712,136.92
OUT_11713,282.14
OUT_11714,72.71
OUT_11715,296.66
OUT_11716,265.82
OUT_11717,807.99
OUT_11718,268.78
OUT_11719,259.12
OUT_11720,1885.03
OUT_11721,255.83
OUT_11722,89.33
OUT_11723,101.86
OUT_11724,95.51
OUT_11725,118.49
OUT_11726,104.61
OUT_11727,259.21
OUT_11728,89.22
OUT_11729,105.12
OUT_11730,104.56
OUT_11731,105.73
OUT_11732,101.24
OUT_11733,891.34
OUT_11734,100.67
OUT_11735,116.05
OUT_11736,92.49
OUT_11737,94.81
OUT_11738,114.7
OUT_11739,74.12
OUT_11740,114.46
OUT_11741,110.87
OUT_11742,271.22
OUT_11743,258.55
OUT_11744,97.29
OUT_11745,113.3
OUT_11746,884.12
OUT_11747,253.26
OUT_11748,102.13
OUT_11749,267.54
OUT_11750,261.73
OUT_11751,80.04
OUT_11752,103.84
OUT_11753,264.79
OUT_11754,73.77
OUT_11755,884.88
OUT_11756,131.1
OUT_11757,890.86
OUT_11758,93.68
OUT_11759,80.07
OUT_11760,68.75
OUT_11761,281.23
OUT_11762,850.17
OUT_11763,288.06
OUT_11764,272.63
OUT_11765,91.29
OUT_11766,100.01
OUT_11767,1886.68
OUT_11768,103.6
OUT_11769,860.51
OUT_11770,1918.83
OUT_11771,275.25
OUT_11772,297.73
OUT_11773,88.45
OUT_11774,60.74
OUT_11775,278.13
OUT_11776,101.7
OUT_11777,74.1
OUT_11778,139.24
OUT_11779,93.51
OUT_11780,907.64
OUT_11781,92.46
OUT_11782,116.53
OUT_11783,254.74
OUT_11784,260.74
OUT_11785,72.79
OUT_11786,118.57
OUT_11787,98.93
OUT_11788,1861.73
OUT_11789,859.37
OUT_11790,261.14
OUT_11791,830.42
OUT_11792,287.62
OUT_11793,103.6
OUT_11794,121.64
OUT_11795,108.76
OUT_11796,257.3
OUT_11797,871.84
OUT_11798,285.19
OUT_11799,273.79
OUT_11800,248.65
OUT_11801,281.43
OUT_11802,97.61
OUT_11803,93.62
OUT_11804,1858.99
OUT_11805,90.92
OUT_11806,80.78
OUT_11807,269.39
OUT_11808,275.07
OUT_11809,125.49
OUT_11810,89.22
OUT_11811,119.52
OUT_11812,133.24
OUT_11813,302.19
OUT_11814,287.76
OUT_11815,78.66
OUT_11816,853.7
OUT_11817,271.92
OUT_11818,80.42
OUT_11819,853.12
OUT_11820,874.21
OUT_11821,105.25
OUT_11822,89.31
OUT_11823,896.83
OUT_11824,286.97
OUT_11825,276.34
OUT_11826,127.63
OUT_11827,107.0
OUT_11828,107.3
OUT_11829,82.45
OUT_11830,81.81
OUT_11831,107.24
OUT_11832,86.1
OUT_11833,289.94
OUT_11834,274.78
OUT_11835,88.94
OUT_11836,124.2
OUT_11837,280.19
OUT_11838,255.42
OUT_11839,104.09
OUT_11840,95.52
OUT_11841,105.44
OUT_11842,270.78
OUT_11843,1869.52
OUT_11844,61.03
OUT_11845,843.23
OUT_11846,130.7
OUT_11847,252.28
OUT_11848,869.9
OUT_11849,92.03
OUT_11850,91.02
OUT_11851,106.22
OUT_11852,860.53
OUT_11853,1902.37
OUT_11854,93.35
OUT_11855,268.67
OUT_11856,256.2
OUT_11857,928.5
OUT_11858,259.65
OUT_11859,869.92
OUT_11860,111.03
OUT_11861,258.61
OUT_11862,271.65
OUT_11863,84.05
OUT_11864,107.98
OUT_11865,120.42
OUT_11866,267.37
OUT_11867,96.89
OUT_11868,834.0
OUT_11869,98.87
OUT_11870,288.82
OUT_11871,100.89
OUT_11872,253.82
OUT_11873,85.65
OUT_11874,102.37
OUT_11875,280.12
OUT_11876,271.7
OUT_11877,110.44
OUT_11878,98.16
OUT_11879,259.19
OUT_11880,152.41
OUT_11881,266.73
OUT_11882,251.51
OUT_11883,883.76
OUT_11884,124.16
OUT_11885,273.94
OUT_11886,283.85
OUT_11887,111.4
OUT_11888,107.68
OUT_11889,266.28
OUT_11890,91.72
OUT_11891,118.51
OUT_11892,119.78
OUT_11893,120.67
OUT_11894,832.82
OUT_11895,92.73
OUT_11896,78.12
OUT_11897,819.04
OUT_11898,841.76
OUT_11899,97.37
OUT_11900,821.19
OUT_11901,85.43
OUT_11902,100.48
OUT_11903,102.34
OUT_11904,109.92
OUT_11905,121.62
OUT_11906,105.27
OUT_11907,132.8
OUT_11908,112.33
OUT_11909,841.3
OUT_11910,283.92
OUT_11911,863.48
OUT_11912,271.07
OUT_11913,131.71
OUT_11914,276.04
OUT_11915,124.41
OUT_11916,93.5
OUT_11917,86.31
OUT_11918,84.8
OUT_11919,101.03
OUT_11920,853.56
OUT_11921,110.34
OUT_11922,888.49
OUT_11923,77.69
OUT_11924,125.18
OUT_11925,73.17
OUT_11926,97.41
OUT_11927,87.36
OUT_11928,109.68
OUT_11929,866.24
OUT_11930,95.15
OUT_11931,78.59
OUT_11932,112.01
OUT_11933,99.52
OUT_11934,288.47
OUT_11935,113.71
OUT_11936,93.21
OUT_11937,93.83
OUT_11938,93.68
OUT_11939,257.75
OUT_11940,304.34
OUT_11941,95.43
OUT_11942,320.47
OUT_11943,869.61
OUT_11944,802.75
OUT_11945,113.69
OUT_11946,73.63
OUT_11947,254.04
OUT_11948,66.97
OUT_11949,1887.28
OUT_11950,1878.7
OUT_11951,884.79
OUT_11952,87.97
OUT_11953,109.98
OUT_11954,253.0
OUT_11955,96.52
OUT_11956,124.91
OUT_11957,99.46
OUT_11958,881.4
OUT_11959,104.72
OUT_11960,841.94
OUT_11961,871.26
OUT_11962,268.75
OUT_11963,873.55
OUT_11964,96.43
OUT_11965,251.21
OUT_11966,97.08
OUT_11967,100.71
OUT_11968,837.62
OUT_11969,870.16
OUT_11970,856.42
OUT_11971,88.69
OUT_11972,264.03
OUT_11973,101.56
OUT_11974,125.86
OUT_11975,254.37
OUT_11976,873.3
OUT_11977,110.83
OUT_11978,260.1
OUT_11979,104.8
OUT_11980,95.05
OUT_11981,1911.55
OUT_11982,117.85
OUT_11983,257.25
OUT_11984,93.7
OUT_11985,106.75
OUT_11986,264.59
OUT_11987,265.94
OUT_11988,263.15
OUT_11989,288.46
OUT_11990,91.28
OUT_11991,277.0
OUT_11992,267.08
OUT_11993,265.22
OUT_11994,102.58
OUT_11995,268.81
OUT_11996,266.38
OUT_11997,96.51
OUT_11998,292.73
OUT_11999,104.19
OUT_12000,256.13
OUT_12001,128.61
OUT_12002,275.41
OUT_12003,252.43
OUT_12004,1883.74
OUT_12005,102.59
OUT_12006,258.03
OUT_12007,302.4
OUT_12008,852.82
OUT_12009,84.58
OUT_12010,136.71
OUT_12011,111.25
OUT_12012,869.42
OUT_12013,263.52
OUT_12014,110.02
OUT_12015,1870.2
OUT_12016,76.72
OUT_12017,116.52
OUT_12018,85.17
OUT_12019,124.85
OUT_12020,110.75
OUT_12021,253.34
OUT_12022,274.59
OUT_12023,84.73
OUT_12024,101.12
OUT_12025,89.58
OUT_12026,1872.78
OUT_12027,94.79
OUT_12028,283.44
OUT_12029,95.98
OUT_12030,872.69
OUT_12031,112.33
OUT_12032,255.82
OUT_12033,252.22
OUT_12034,96.71
OUT_12035,293.88
OUT_12036,849.7
OUT_12037,109.2
OUT_12038,102.71
OUT_12039,112.92
OUT_12040,107.24
OUT_12041,292.53
OUT_12042,251.32
OUT_12043,249.77
OUT_12044,137.31
OUT_12045,274.57
OUT_12046,130.01
OUT_12047,104.41
OUT_12048,99.89
OUT_12049,869.91
OUT_12050,112.97
OUT_12051,98.36
OUT_12052,116.21
OUT_12053,75.77
OUT_12054,260.5
OUT_12055,895.04
OUT_12056,87.82
OUT_12057,87.32
OUT_12058,858.36
OUT_12059,70.08
OUT_12060,1876.32
OUT_12061,109.29
OUT_12062,286.82
OUT_12063,259.45
OUT_12064,251.19
OUT_12065,101.15
OUT_12066,89.4
OUT_12067,97.01
OUT_12068,96.89
OUT_12069,94.04
OUT_12070,283.8
OUT_12071,844.11
OUT_12072,104.35
OUT_12073,111.0
OUT_12074,867.22
OUT_12075,82.57
OUT_12076,115.3
OUT_12077,97.5
OUT_12078,135.26
OUT_12079,90.08
OUT_12080,99.01
OUT_12081,867.54
OUT_12082,263.38
OUT_12083,845.3
OUT_12084,262.94
OUT_12085,111.64
OUT_12086,100.67
OUT_12087,104.44
OUT_12088,101.01
OUT_12089,126.03
OUT_12090,268.39
OUT_12091,847.45
OUT_12092,44.68
OUT_12093,115.32
OUT_12094,102.48
OUT_12095,248.86
OUT_12096,259.04
OUT_12097,106.01
OUT_12098,277.5
OUT_12099,74.1
OUT_12100,88.16
OUT_12101,108.01
OUT_12102,89.32
OUT_12103,122.96
OUT_12104,132.68
OUT_12105,96.98
OUT_12106,98.75
OUT_12107,95.01
OUT_12108,1883.79
OUT_12109,275.05
OUT_12110,276.61
OUT_12111,133.4
OUT_12112,112.05
OUT_12113,839.77
OUT_12114,106.2
OUT_12115,862.78
OUT_12116,253.87
OUT_12117,87.04
OUT_12118,270.79
OUT_12119,95.67
OUT_12120,249.7
OUT_12121,299.68
OUT_12122,96.6
OUT_12123,296.44
OUT_12124,277.4
OUT_12125,265.55
OUT_12126,111.95
OUT_12127,114.25
OUT_12128,308.65
OUT_12129,86.06
OUT_12130,95.86
OUT_12131,1881.79
OUT_12132,88.11
OUT_12133,89.38
OUT_12134,293.15
OUT_12135,101.09
OUT_12136,274.5
OUT_12137,284.59
OUT_12138,908.27
OUT_12139,861.88
OUT_12140,107.81
OUT_12141,1883.17
OUT_12142,1877.0
OUT_12143,85.17
OUT_12144,119.61
OUT_12145,870.32
OUT_12146,125.37
OUT_12147,87.08
OUT_12148,817.09
OUT_12149,128.57
OUT_12150,116.35
OUT_12151,62.8
OUT_12152,881.09
OUT_12153,305.03
OUT_12154,265.69
OUT_12155,77.91
OUT_12156,111.36
OUT_12157,261.66
OUT_12158,112.85
OUT_12159,1882.13
OUT_12160,303.77
OUT_12161,97.7
OUT_12162,1876.02
OUT_12163,101.42
OUT_12164,112.0
OUT_12165,103.29
OUT_12166,86.32
OUT_12167,49.54
OUT_12168,91.21
OUT_12169,92.64
OUT_12170,261.14
OUT_12171,91.21
OUT_12172,281.09
OUT_12173,256.49
OUT_12174,255.65
OUT_12175,90.92
OUT_12176,237.66
OUT_12177,83.67
OUT_12178,92.29
OUT_12179,108.36
OUT_12180,93.15
OUT_12181,90.83
OUT_12182,267.04
OUT_12183,119.44
OUT_12184,299.51
OUT_12185,281.3
OUT_12186,109.75
OUT_12187,271.33
OUT_12188,106.05
OUT_12189,260.62
OUT_12190,91.93
OUT_12191,116.81
OUT_12192,108.43
OUT_12193,110.16
OUT_12194,299.71
OUT_12195,89.85
OUT_12196,134.34
OUT_12197,307.36
OUT_12198,280.04
OUT_12199,97.62
OUT_12200,867.12
OUT_12201,143.78
OUT_12202,106.43
OUT_12203,851.8
OUT_12204,115.11
OUT_12205,1854.38
OUT_12206,1875.59
OUT_12207,324.77
OUT_12208,291.1
OUT_12209,103.03
OUT_12210,88.03
OUT_12211,100.57
OUT_12212,80.94
OUT_12213,81.79
OUT_12214,270.35
OUT_12215,855.71
OUT_12216,243.25
OUT_12217,100.0
OUT_12218,142.21
OUT_12219,118.75
OUT_12220,871.19
OUT_12221,119.71
OUT_12222,94.86
OUT_12223,271.19
OUT_12224,860.77
OUT_12225,109.92
OUT_12226,78.98
OUT_12227,86.66
OUT_12228,122.86
OUT_12229,102.51
OUT_12230,95.3
OUT_12231,108.17
OUT_12232,123.68
OUT_12233,111.6
OUT_12234,92.78
OUT_12235,268.47
OUT_12236,87.29
OUT_12237,856.03
OUT_12238,90.23
OUT_12239,252.23
OUT_12240,62.95
OUT_12241,93.27
OUT_12242,899.31
OUT_12243,92.83
OUT_12244,260.8
OUT_12245,69.64
OUT_12246,92.86
OUT_12247,90.95
OUT_12248,280.88
OUT_12249,1872.35
OUT_12250,930.42
OUT_12251,76.28
OUT_12252,89.34
OUT_12253,251.08
OUT_12254,112.44
OUT_12255,852.72
OUT_12256,833.9
OUT_12257,109.48
OUT_12258,1867.69
OUT_12259,258.33
OUT_12260,92.3
OUT_12261,103.72
OUT_12262,297.27
OUT_12263,1885.65
OUT_12264,1848.07
OUT_12265,267.39
OUT_12266,125.44
OUT_12267,303.05
OUT_12268,1912.59
OUT_12269,85.15
OUT_12270,277.91
OUT_12271,92.2
OUT_12272,273.34
OUT_12273,253.45
OUT_12274,84.42
OUT_12275,258.57
OUT_12276,93.12
OUT_12277,1886.61
OUT_12278,100.31
OUT_12279,268.76
OUT_12280,259.98
OUT_12281,279.3
OUT_12282,274.71
OUT_12283,876.81
OUT_12284,101.12
OUT_12285,274.26
OUT_12286,121.2
OUT_12287,90.85
OUT_12288,86.93
OUT_12289,134.82
OUT_12290,90.99
OUT_12291,895.79
OUT_12292,287.49
OUT_12293,127.62
OUT_12294,256.12
OUT_12295,839.13
OUT_12296,107.5
OUT_12297,260.94
OUT_12298,280.64
OUT_12299,89.25
OUT_12300,88.39
OUT_12301,855.27
OUT_12302,115.99
OUT_12303,101.45
OUT_12304,97.1
OUT_12305,117.5
OUT_12306,1857.94
OUT_12307,110.57
OUT_12308,265.96
OUT_12309,99.41
OUT_12310,288.32
OUT_12311,318.96
OUT_12312,266.92
OUT_12313,104.81
OUT_12314,278.27
OUT_12315,103.46
OUT_12316,92.66
OUT_12317,100.28
OUT_12318,79.6
OUT_12319,68.29
OUT_12320,91.49
OUT_12321,106.76
OUT_12322,88.36
OUT_12323,88.15
OUT_12324,261.1
OUT_12325,270.62
OUT_12326,87.21
OUT_12327,854.37
OUT_12328,253.83
OUT_12329,121.25
OUT_12330,98.46
OUT_12331,870.56
OUT_12332,284.22
OUT_12333,259.55
OUT_12334,1858.24
OUT_12335,277.74
OUT_12336,87.8
OUT_12337,108.21
OUT_12338,274.12
OUT_12339,107.86
OUT_12340,262.19
OUT_12341,91.47
OUT_12342,86.95
OUT_12343,879.71
OUT_12344,253.76
OUT_12345,1884.76
OUT_12346,877.53
OUT_12347,265.02
OUT_12348,1854.91
OUT_12349,285.57
OUT_12350,102.61
OUT_12351,95.02
OUT_12352,91.79
OUT_12353,83.67
OUT_12354,94.13
OUT_12355,265.21
OUT_12356,148.45
OUT_12357,76.22
OUT_12358,89.98
OUT_12359,131.99
OUT_12360,853.27
OUT_12361,88.18
OUT_12362,68.69
OUT_12363,86.92
OUT_12364,86.19
OUT_12365,140.72
OUT_12366,127.32
OUT_12367,260.71
OUT_12368,1860.1
OUT_12369,846.25
OUT_12370,293.28
OUT_12371,843.14
OUT_12372,1861.83
OUT_12373,254.33
OUT_12374,271.63
OUT_12375,284.94
OUT_12376,837.95
OUT_12377,95.95
OUT_12378,277.02
OUT_12379,90.85
OUT_12380,105.46
OUT_12381,805.2
OUT_12382,62.5
OUT_12383,77.84
OUT_12384,848.43
OUT_12385,96.78
OUT_12386,101.86
OUT_12387,273.15
OUT_12388,829.1
OUT_12389,260.95
OUT_12390,120.43
OUT_12391,268.93
OUT_12392,107.15
OUT_12393,264.41
OUT_12394,860.76
OUT_12395,81.89
OUT_12396,832.22
OUT_12397,95.09
OUT_12398,1875.41
OUT_12399,292.71
OUT_12400,1901.32
OUT_12401,898.17
OUT_12402,291.01
OUT_12403,97.58
OUT_12404,105.32
OUT_12405,102.8
OUT_12406,273.11
OUT_12407,98.75
OUT_12408,116.73
OUT_12409,256.17
OUT_12410,288.98
OUT_12411,70.1
OUT_12412,256.57
OUT_12413,308.3
OUT_12414,878.71
OUT_12415,273.5
OUT_12416,304.06
OUT_12417,876.07
OUT_12418,262.03
OUT_12419,110.63
OUT_12420,266.46
OUT_12421,283.07
OUT_12422,133.67
OUT_12423,266.8
OUT_12424,836.49
OUT_12425,1865.81
OUT_12426,90.17
OUT_12427,98.83
OUT_12428,90.67
OUT_12429,271.97
OUT_12430,263.51
OUT_12431,133.18
OUT_12432,110.32
OUT_12433,109.3
OUT_12434,272.0
OUT_12435,258.62
OUT_12436,894.19
OUT_12437,77.0
OUT_12438,85.5
OUT_12439,111.98
OUT_12440,872.43
OUT_12441,97.56
OUT_12442,286.07
OUT_12443,133.15
OUT_12444,856.81
OUT_12445,1871.75
OUT_12446,325.5
OUT_12447,98.27
OUT_12448,289.26
OUT_12449,107.87
OUT_12450,260.57
OUT_12451,91.11
OUT_12452,108.52
OUT_12453,99.03
OUT_12454,100.45
OUT_12455,86.96
OUT_12456,812.85
OUT_12457,106.01
OUT_12458,110.81
OUT_12459,275.82
OUT_12460,860.24
OUT_12461,92.36
OUT_12462,98.21
OUT_12463,870.84
OUT_12464,285.08
OUT_12465,92.88
OUT_12466,148.98
OUT_12467,104.68
OUT_12468,117.14
OUT_12469,876.57
OUT_12470,287.48
OUT_12471,82.61
OUT_12472,105.66
OUT_12473,263.63
OUT_12474,95.47
OUT_12475,100.1
OUT_12476,264.85
OUT_12477,127.43
OUT_12478,78.57
OUT_12479,288.6
OUT_12480,880.43
OUT_12481,72.18
OUT_12482,874.98
OUT_12483,803.52
OUT_12484,1894.07
OUT_12485,904.85
OUT_12486,114.09
OUT_12487,65.07
OUT_12488,843.26
OUT_12489,106.77
OUT_12490,114.41
OUT_12491,101.16
OUT_12492,1877.22
OUT_12493,136.06
OUT_12494,1893.98
OUT_12495,288.82
OUT_12496,285.27
OUT_12497,96.28
OUT_12498,256.65
OUT_12499,92.28
OUT_12500,103.86
OUT_12501,262.03
OUT_12502,890.39
OUT_12503,259.55
OUT_12504,96.61
OUT_12505,154.79
OUT_12506,142.86
OUT_12507,860.7
OUT_12508,274.5
OUT_12509,884.17
OUT_12510,130.25
OUT_12511,101.78
OUT_12512,259.56
OUT_12513,263.94
OUT_12514,1885.3
OUT_12515,259.44
OUT_12516,88.27
OUT_12517,103.82
OUT_12518,856.55
OUT_12519,103.84
OUT_12520,93.13
OUT_12521,102.62
OUT_12522,845.86
OUT_12523,261.77
OUT_12524,96.5
OUT_12525,87.53
OUT_12526,97.41
OUT_12527,80.24
OUT_12528,83.74
OUT_12529,883.91
OUT_12530,892.41
OUT_12531,901.55
OUT_12532,95.84
OUT_12533,89.79
OUT_12534,114.23
OUT_12535,102.8
OUT_12536,886.03
OUT_12537,117.65
OUT_12538,263.58
OUT_12539,106.13
OUT_12540,112.73
OUT_12541,85.54
OUT_12542,307.49
OUT_12543,134.47
OUT_12544,285.06
OUT_12545,92.79
OUT_12546,85.03
OUT_12547,117.31
OUT_12548,102.03
OUT_12549,110.07
OUT_12550,96.74
OUT_12551,98.05
OUT_12552,836.49
OUT_12553,261.58
OUT_12554,107.81
OUT_12555,77.23
OUT_12556,85.28
OUT_12557,108.8
OUT_12558,104.54
OUT_12559,104.35
OUT_12560,113.63
OUT_12561,1869.12
OUT_12562,890.08
OUT_12563,827.79
OUT_12564,270.31
OUT_12565,110.53
OUT_12566,108.42
OUT_12567,130.11
OUT_12568,126.08
OUT_12569,849.95
OUT_12570,286.86
OUT_12571,105.43
OUT_12572,849.69
OUT_12573,131.46
OUT_12574,85.65
OUT_12575,265.01
OUT_12576,102.74
OUT_12577,81.94
OUT_12578,271.45
OUT_12579,273.85
OUT_12580,894.87
OUT_12581,888.33
OUT_12582,868.68
OUT_12583,101.67
OUT_12584,73.06
OUT_12585,103.1
OUT_12586,110.63
OUT_12587,881.71
OUT_12588,1852.72
OUT_12589,119.11
OUT_12590,83.95
OUT_12591,269.64
OUT_12592,1907.6
OUT_12593,288.59
OUT_12594,866.04
OUT_12595,281.51
OUT_12596,852.7
OUT_12597,104.89
OUT_12598,867.3
OUT_12599,99.66
OUT_12600,293.44
OUT_12601,114.95
OUT_12602,104.17
OUT_12603,912.5
OUT_12604,292.02
OUT_12605,271.47
OUT_12606,255.48
OUT_12607,257.19
OUT_12608,98.71
OUT_12609,122.53
OUT_12610,113.3
OUT_12611,279.97
OUT_12612,114.44
OUT_12613,116.35
OUT_12614,139.49
OUT_12615,284.24
OUT_12616,115.58
OUT_12617,90.09
OUT_12618,275.78
OUT_12619,143.91
OUT_12620,115.3
OUT_12621,796.88
OUT_12622,96.65
OUT_12623,862.08
OUT_12624,1834.04
OUT_12625,1871.61
OUT_12626,112.48
OUT_12627,83.19
OUT_12628,285.51
OUT_12629,893.44
OUT_12630,283.57
OUT_12631,93.71
OUT_12632,842.87
OUT_12633,98.17
OUT_12634,103.74
OUT_12635,264.76
OUT_12636,139.02
OUT_12637,96.39
OUT_12638,1886.27
OUT_12639,87.56
OUT_12640,93.74
OUT_12641,908.3
OUT_12642,1851.36
OUT_12643,265.2
OUT_12644,286.77
OUT_12645,120.26
OUT_12646,96.09
OUT_12647,92.15
OUT_12648,97.9
OUT_12649,116.93
OUT_12650,109.57
OUT_12651,71.83
OUT_12652,269.01
OUT_12653,271.59
OUT_12654,855.17
OUT_12655,97.2
OUT_12656,99.59
OUT_12657,96.46
OUT_12658,1882.77
OUT_12659,110.02
OUT_12660,264.88
OUT_12661,112.63
OUT_12662,100.31
OUT_12663,113.04
OUT_12664,254.33
OUT_12665,142.3
OUT_12666,849.37
OUT_12667,95.44
OUT_12668,270.94
OUT_12669,108.7
OUT_12670,253.8
OUT_12671,113.45
OUT_12672,850.49
OUT_12673,126.69
OUT_12674,126.85
OUT_12675,1894.71
OUT_12676,95.55
OUT_12677,293.82
OUT_12678,251.43
OUT_12679,126.07
OUT_12680,82.11
OUT_12681,94.41
OUT_12682,836.2
OUT_12683,1876.47
OUT_12684,107.73
OUT_12685,96.58
OUT_12686,94.07
OUT_12687,88.99
OUT_12688,102.75
OUT_12689,297.45
OUT_12690,272.42
OUT_12691,1887.03
OUT_12692,259.4
OUT_12693,271.24
OUT_12694,123.32
OUT_12695,91.66
OUT_12696,111.15
OUT_12697,867.4
OUT_12698,256.26
OUT_12699,106.09
OUT_12700,91.32
OUT_12701,107.13
OUT_12702,860.87
OUT_12703,96.38
OUT_12704,847.49
OUT_12705,878.86
OUT_12706,281.71
OUT_12707,258.15
OUT_12708,107.15
OUT_12709,273.81
OUT_12710,87.31
OUT_12711,72.85
OUT_12712,258.21
OUT_12713,122.91
OUT_12714,257.09
OUT_12715,89.76
OUT_12716,294.7
OUT_12717,252.77
OUT_12718,81.33
OUT_12719,273.71
OUT_12720,124.88
OUT_12721,103.56
OUT_12722,286.98
OUT_12723,109.92
OUT_12724,118.3
OUT_12725,67.32
OUT_12726,82.98
OUT_12727,107.61
OUT_12728,1908.7
OUT_12729,279.32
OUT_12730,851.39
OUT_12731,268.62
OUT_12732,88.83
OUT_12733,114.88
OUT_12734,833.82
OUT_12735,276.92
OUT_12736,78.91
OUT_12737,117.7
OUT_12738,112.26
OUT_12739,88.49
OUT_12740,880.48
OUT_12741,114.46
OUT_12742,1917.81
OUT_12743,319.89
OUT_12744,270.01
OUT_12745,869.77
OUT_12746,97.11
OUT_12747,98.32
OUT_12748,138.88
OUT_12749,100.08
OUT_12750,270.16
OUT_12751,102.46
OUT_12752,106.2
OUT_12753,276.7
OUT_12754,849.89
OUT_12755,289.92
OUT_12756,90.43
OUT_12757,90.08
OUT_12758,98.64
OUT_12759,123.2
OUT_12760,76.48
OUT_12761,87.43
OUT_12762,119.05
OUT_12763,290.04
OUT_12764,87.11
OUT_12765,96.59
OUT_12766,169.27
OUT_12767,97.43
OUT_12768,96.47
OUT_12769,870.2
OUT_12770,130.51
OUT_12771,92.19
OUT_12772,83.56
OUT_12773,85.64
OUT_12774,119.63
OUT_12775,110.81
OUT_12776,116.37
OUT_12777,276.13
OUT_12778,79.67
OUT_12779,102.98
OUT_12780,94.47
OUT_12781,107.45
OUT_12782,260.93
OUT_12783,835.24
OUT_12784,260.73
OUT_12785,285.69
OUT_12786,97.47
OUT_12787,125.21
OUT_12788,265.25
OUT_12789,294.49
OUT_12790,272.17
OUT_12791,98.08
OUT_12792,265.3
OUT_12793,270.46
OUT_12794,104.77
OUT_12795,65.22
OUT_12796,111.58
OUT_12797,105.6
OUT_12798,99.78
OUT_12799,115.0
OUT_12800,107.04
OUT_12801,263.62
OUT_12802,101.14
OUT_12803,96.35
OUT_12804,867.23
OUT_12805,116.59
OUT_12806,277.41
OUT_12807,899.28
OUT_12808,143.17
OUT_12809,247.23
OUT_12810,272.32
OUT_12811,266.41
OUT_12812,81.86
OUT_12813,283.5
OUT_12814,304.33
OUT_12815,821.82
OUT_12816,277.65
OUT_12817,256.34
OUT_12818,125.28
OUT_12819,96.85
OUT_12820,785.68
OUT_12821,254.41
OUT_12822,139.96
OUT_12823,73.31
OUT_12824,111.45
OUT_12825,111.21
OUT_12826,88.64
OUT_12827,91.72
OUT_12828,96.44
OUT_12829,95.12
OUT_12830,100.72
OUT_12831,104.11
OUT_12832,250.36
OUT_12833,292.9
OUT_12834,1898.83
OUT_12835,107.57
OUT_12836,271.87
OUT_12837,122.82
OUT_12838,78.11
OUT_12839,94.22
OUT_12840,105.74
OUT_12841,91.83
OUT_12842,810.29
OUT_12843,270.01
OUT_12844,288.7
OUT_12845,283.0
OUT_12846,92.14
OUT_12847,99.29
OUT_12848,1857.38
OUT_12849,269.47
OUT_12850,97.3
OUT_12851,254.31
OUT_12852,103.78
OUT_12853,130.28
OUT_12854,139.97
OUT_12855,1875.56
OUT_12856,92.12
OUT_12857,851.95
OUT_12858,91.82
OUT_12859,101.1
OUT_12860,140.66
OUT_12861,269.77
OUT_12862,272.02
OUT_12863,885.19
OUT_12864,111.22
OUT_12865,1911.07
OUT_12866,108.82
OUT_12867,294.23
OUT_12868,98.28
OUT_12869,73.85
OUT_12870,110.5
OUT_12871,113.88
OUT_12872,111.59
OUT_12873,1867.68
OUT_12874,1928.39
OUT_12875,860.42
OUT_12876,247.73
OUT_12877,112.92
OUT_12878,93.39
OUT_12879,292.35
OUT_12880,103.27
OUT_12881,275.45
OUT_12882,1880.2
OUT_12883,291.61
OUT_12884,95.09
OUT_12885,267.52
OUT_12886,288.62
OUT_12887,91.47
OUT_12888,129.22
OUT_12889,265.47
OUT_12890,1912.44
OUT_12891,267.11
OUT_12892,257.0
OUT_12893,118.12
OUT_12894,105.69
OUT_12895,81.28
OUT_12896,284.25
OUT_12897,137.93
OUT_12898,101.22
OUT_12899,100.87
OUT_12900,873.47
OUT_12901,87.72
OUT_12902,84.93
OUT_12903,115.67
OUT_12904,259.24
OUT_12905,904.86
OUT_12906,881.58
OUT_12907,848.56
OUT_12908,126.73
OUT_12909,261.39
OUT_12910,101.39
OUT_12911,832.25
OUT_12912,89.65
OUT_12913,246.82
OUT_12914,91.27
OUT_12915,271.78
OUT_12916,146.45
OUT_12917,104.77
OUT_12918,251.44
OUT_12919,92.6
OUT_12920,109.76
OUT_12921,284.22
OUT_12922,108.46
OUT_12923,836.72
OUT_12924,309.17
OUT_12925,284.21
OUT_12926,829.14
OUT_12927,118.89
OUT_12928,90.4
OUT_12929,75.65
OUT_12930,317.0
OUT_12931,132.94
OUT_12932,1900.6
OUT_12933,277.18
OUT_12934,279.46
OUT_12935,852.74
OUT_12936,143.44
OUT_12937,110.98
OUT_12938,98.67
OUT_12939,1881.35
OUT_12940,87.67
OUT_12941,843.56
OUT_12942,288.95
OUT_12943,120.21
OUT_12944,291.73
OUT_12945,270.14
OUT_12946,255.84
OUT_12947,112.83
OUT_12948,90.84
OUT_12949,854.15
OUT_12950,276.11
OUT_12951,310.33
OUT_12952,99.46
OUT_12953,865.21
OUT_12954,89.31
OUT_12955,68.29
OUT_12956,104.04
OUT_12957,85.67
OUT_12958,304.18
OUT_12959,114.36
OUT_12960,267.9
OUT_12961,861.76
OUT_12962,80.45
OUT_12963,268.86
OUT_12964,117.25
OUT_12965,881.47
OUT_12966,109.92
OUT_12967,116.11
OUT_12968,100.49
OUT_12969,1871.52
OUT_12970,272.1
OUT_12971,818.95
OUT_12972,255.44
OUT_12973,80.72
OUT_12974,1884.62
OUT_12975,114.95
OUT_12976,855.65
OUT_12977,867.87
OUT_12978,1860.18
OUT_12979,284.38
OUT_12980,98.63
OUT_12981,100.46
OUT_12982,293.61
OUT_12983,101.62
OUT_12984,120.5
OUT_12985,829.79
OUT_12986,878.44
OUT_12987,1853.67
OUT_12988,100.17
OUT_12989,129.11
OUT_12990,284.81
OUT_12991,841.83
OUT_12992,255.45
OUT_12993,887.41
OUT_12994,265.7
OUT_12995,89.81
OUT_12996,295.74
OUT_12997,259.83
OUT_12998,103.35
OUT_12999,102.26
OUT_13000,283.71
OUT_13001,96.77
OUT_13002,88.38
OUT_13003,98.69
OUT_13004,280.82
OUT_13005,89.7
OUT_13006,91.36
OUT_13007,95.49
OUT_13008,1872.51
OUT_13009,58.52
OUT_13010,783.06
OUT_13011,97.12
OUT_13012,109.79
OUT_13013,108.04
OUT_13014,103.49
OUT_13015,288.76
OUT_13016,95.98
OUT_13017,863.29
OUT_13018,256.98
OUT_13019,864.24
OUT_13020,264.09
OUT_13021,99.67
OUT_13022,80.24
OUT_13023,1894.57
OUT_13024,112.65
OUT_13025,84.07
OUT_13026,800.56
OUT_13027,274.97
OUT_13028,115.57
OUT_13029,255.09
OUT_13030,91.07
OUT_13031,67.33
OUT_13032,845.87
OUT_13033,92.96
OUT_13034,106.89
OUT_13035,1791.73
OUT_13036,239.57
OUT_13037,94.35
OUT_13038,88.14
OUT_13039,271.71
OUT_13040,86.75
OUT_13041,89.14
OUT_13042,95.92
OUT_13043,88.7
OUT_13044,276.13
OUT_13045,98.76
OUT_13046,97.97
OUT_13047,99.07
OUT_13048,96.9
OUT_13049,114.69
OUT_13050,90.08
OUT_13051,98.93
OUT_13052,843.65
OUT_13053,254.96
OUT_13054,85.51
OUT_13055,1801.92
OUT_13056,282.79
OUT_13057,818.51
OUT_13058,107.31
OUT_13059,76.66
OUT_13060,98.66
OUT_13061,85.18
OUT_13062,79.65
OUT_13063,827.16
OUT_13064,115.91
OUT_13065,107.59
OUT_13066,284.15
OUT_13067,102.88
OUT_13068,76.62
OUT_13069,56.21
OUT_13070,90.7
OUT_13071,98.45
OUT_13072,814.87
OUT_13073,94.71
OUT_13074,99.67
OUT_13075,263.06
OUT_13076,256.69
OUT_13077,84.62
OUT_13078,90.83
OUT_13079,98.13
OUT_13080,75.59
OUT_13081,100.85
OUT_13082,112.53
OUT_13083,105.22
OUT_13084,106.94
OUT_13085,96.94
OUT_13086,79.81
OUT_13087,105.38
OUT_13088,841.02
OUT_13089,105.84
OUT_13090,79.28
OUT_13091,278.38
OUT_13092,275.01
OUT_13093,257.98
OUT_13094,103.36
OUT_13095,279.68
OUT_13096,262.28
OUT_13097,825.95
OUT_13098,111.46
OUT_13099,131.6
OUT_13100,96.98
OUT_13101,264.55
OUT_13102,65.77
OUT_13103,82.07
OUT_13104,259.93
OUT_13105,785.37
OUT_13106,83.68
OUT_13107,91.8
OUT_13108,96.37
OUT_13109,261.91
OUT_13110,117.51
OUT_13111,266.91
OUT_13112,102.5
OUT_13113,1881.51
OUT_13114,101.2
OUT_13115,123.61
OUT_13116,273.28
OUT_13117,96.46
OUT_13118,1818.27
OUT_13119,287.61
OUT_13120,255.17
OUT_13121,100.75
OUT_13122,102.58
OUT_13123,56.65
OUT_13124,80.13
OUT_13125,256.06
OUT_13126,92.51
OUT_13127,89.18
OUT_13128,787.44
OUT_13129,265.26
OUT_13130,256.64
OUT_13131,112.63
OUT_13132,83.86
OUT_13133,85.89
OUT_13134,92.29
OUT_13135,841.86
OUT_13136,96.58
OUT_13137,87.41
OUT_13138,83.28
OUT_13139,115.84
OUT_13140,1826.07
OUT_13141,277.66
OUT_13142,124.0
OUT_13143,90.38
OUT_13144,818.29
OUT_13145,113.31
OUT_13146,99.04
OUT_13147,121.35
OUT_13148,263.0
OUT_13149,863.92
OUT_13150,248.01
OUT_13151,470.29
OUT_13152,249.03
OUT_13153,256.16
OUT_13154,87.58
OUT_13155,106.95
OUT_13156,114.56
OUT_13157,263.16
OUT_13158,841.95
OUT_13159,95.67
OUT_13160,93.89
OUT_13161,76.45
OUT_13162,100.96
OUT_13163,85.43
OUT_13164,109.97
OUT_13165,284.03
OUT_13166,104.25
OUT_13167,262.93
OUT_13168,835.84
OUT_13169,72.65
OUT_13170,286.98
OUT_13171,251.8
OUT_13172,256.06
OUT_13173,831.16
OUT_13174,99.94
OUT_13175,85.98
OUT_13176,78.65
OUT_13177,281.16
OUT_13178,75.36
OUT_13179,81.25
OUT_13180,258.82
OUT_13181,83.32
OUT_13182,89.84
OUT_13183,128.89
OUT_13184,251.19
OUT_13185,268.66
OUT_13186,250.63
OUT_13187,112.28
OUT_13188,274.87
OUT_13189,269.21
OUT_13190,103.39
OUT_13191,84.12
OUT_13192,89.15
OUT_13193,102.31
OUT_13194,279.28
OUT_13195,91.24
OUT_13196,95.35
OUT_13197,98.04
OUT_13198,259.75
OUT_13199,85.16
OUT_13200,82.25
OUT_13201,249.98
OUT_13202,97.72
OUT_13203,290.56
OUT_13204,92.69
OUT_13205,161.63
OUT_13206,823.21
OUT_13207,91.54
OUT_13208,104.0
OUT_13209,80.24
OUT_13210,284.92
OUT_13211,128.88
OUT_13212,84.69
OUT_13213,250.65
OUT_13214,92.15
OUT_13215,108.19
OUT_13216,89.1
OUT_13217,82.16
OUT_13218,89.07
OUT_13219,109.12
OUT_13220,852.56
OUT_13221,101.93
OUT_13222,107.98
OUT_13223,279.69
OUT_13224,104.02
OUT_13225,104.02
OUT_13226,85.85
OUT_13227,264.64
OUT_13228,909.37
OUT_13229,117.39
OUT_13230,1876.77
OUT_13231,857.59
OUT_13232,1815.97
OUT_13233,130.02
OUT_13234,1821.42
OUT_13235,96.04
OUT_13236,108.52
OUT_13237,1835.09
OUT_13238,811.15
OUT_13239,105.38
OUT_13240,1857.67
OUT_13241,295.32
OUT_13242,107.01
OUT_13243,248.96
OUT_13244,87.99
OUT_13245,83.29
OUT_13246,258.92
OUT_13247,83.02
OUT_13248,115.19
OUT_13249,99.76
OUT_13250,116.68
OUT_13251,91.96
OUT_13252,862.5
OUT_13253,98.39
OUT_13254,1805.67
OUT_13255,100.08
OUT_13256,839.93
OUT_13257,90.08
OUT_13258,258.52
OUT_13259,94.41
OUT_13260,112.92
OUT_13261,112.17
OUT_13262,97.68
OUT_13263,75.97
OUT_13264,267.68
OUT_13265,102.81
OUT_13266,1873.47
OUT_13267,89.95
OUT_13268,121.4
OUT_13269,885.05
OUT_13270,814.09
OUT_13271,891.42
OUT_13272,821.92
OUT_13273,98.36
OUT_13274,97.1
OUT_13275,87.78
OUT_13276,114.89
OUT_13277,277.08
OUT_13278,120.74
OUT_13279,246.05
OUT_13280,257.29
OUT_13281,838.9
OUT_13282,84.88
OUT_13283,64.45
OUT_13284,861.17
OUT_13285,853.23
OUT_13286,266.28
OUT_13287,109.3
OUT_13288,793.64
OUT_13289,861.04
OUT_13290,85.52
OUT_13291,87.29
OUT_13292,253.83
OUT_13293,255.51
OUT_13294,254.72
OUT_13295,79.42
OUT_13296,1811.37
OUT_13297,271.62
OUT_13298,255.21
OUT_13299,95.16
OUT_13300,111.47
OUT_13301,115.2
OUT_13302,263.83
OUT_13303,269.63
OUT_13304,99.97
OUT_13305,96.69
OUT_13306,123.04
OUT_13307,86.4
OUT_13308,74.45
OUT_13309,248.8
OUT_13310,108.77
OUT_13311,276.86
OUT_13312,97.73
OUT_13313,124.68
OUT_13314,1855.66
OUT_13315,95.84
OUT_13316,95.44
OUT_13317,88.63
OUT_13318,780.7
OUT_13319,895.64
OUT_13320,835.19
OUT_13321,111.99
OUT_13322,79.12
OUT_13323,89.16
OUT_13324,251.49
OUT_13325,73.86
OUT_13326,102.24
OUT_13327,107.54
OUT_13328,103.38
OUT_13329,108.95
OUT_13330,85.43
OUT_13331,71.49
OUT_13332,123.08
OUT_13333,1832.65
OUT_13334,275.89
OUT_13335,1855.44
OUT_13336,117.12
OUT_13337,72.22
OUT_13338,809.45
OUT_13339,809.85
OUT_13340,104.24
OUT_13341,84.82
OUT_13342,108.5
OUT_13343,813.95
OUT_13344,85.03
OUT_13345,123.12
OUT_13346,112.87
OUT_13347,1805.31
OUT_13348,112.09
OUT_13349,121.79
OUT_13350,853.1
OUT_13351,253.94
OUT_13352,278.34
OUT_13353,266.45
OUT_13354,126.79
OUT_13355,257.81
OUT_13356,74.0
OUT_13357,90.72
OUT_13358,94.32
OUT_13359,107.98
OUT_13360,258.01
OUT_13361,85.21
OUT_13362,85.6
OUT_13363,90.62
OUT_13364,280.42
OUT_13365,108.4
OUT_13366,253.87
OUT_13367,106.34
OUT_13368,257.58
OUT_13369,263.15
OUT_13370,908.6
OUT_13371,80.91
OUT_13372,109.14
OUT_13373,83.81
OUT_13374,83.48
OUT_13375,68.37
OUT_13376,280.21
OUT_13377,288.51
OUT_13378,94.73
OUT_13379,1832.8
OUT_13380,256.74
OUT_13381,102.04
OUT_13382,94.93
OUT_13383,94.64
OUT_13384,266.87
OUT_13385,256.66
OUT_13386,80.55
OUT_13387,251.81
OUT_13388,268.0
OUT_13389,284.73
OUT_13390,857.25
OUT_13391,256.36
OUT_13392,851.12
OUT_13393,84.08
OUT_13394,117.43
OUT_13395,815.66
OUT_13396,109.52
OUT_13397,109.7
OUT_13398,84.51
OUT_13399,101.42
OUT_13400,100.27
OUT_13401,229.59
OUT_13402,310.6
OUT_13403,1810.04
OUT_13404,100.17
OUT_13405,297.3
OUT_13406,111.62
OUT_13407,75.41
OUT_13408,91.25
OUT_13409,276.83
OUT_13410,884.65
OUT_13411,106.68
OUT_13412,1809.66
OUT_13413,255.41
OUT_13414,828.52
OUT_13415,90.83
OUT_13416,274.35
OUT_13417,804.73
OUT_13418,103.89
OUT_13419,97.39
OUT_13420,70.04
OUT_13421,102.8
OUT_13422,98.14
OUT_13423,108.8
OUT_13424,107.24
OUT_13425,90.09
OUT_13426,93.47
OUT_13427,105.15
OUT_13428,91.25
OUT_13429,95.94
OUT_13430,836.93
OUT_13431,104.52
OUT_13432,99.83
OUT_13433,97.13
OUT_13434,125.09
OUT_13435,94.25
OUT_13436,97.3
OUT_13437,100.06
OUT_13438,91.88
OUT_13439,81.12
OUT_13440,842.71
OUT_13441,99.47
OUT_13442,829.52
OUT_13443,258.98
OUT_13444,89.18
OUT_13445,109.03
OUT_13446,839.22
OUT_13447,283.44
OUT_13448,839.52
OUT_13449,96.01
OUT_13450,277.08
OUT_13451,73.76
OUT_13452,100.85
OUT_13453,838.13
OUT_13454,111.27
OUT_13455,259.59
OUT_13456,113.64
OUT_13457,253.78
OUT_13458,846.71
OUT_13459,103.23
OUT_13460,99.28
OUT_13461,90.83
OUT_13462,271.51
OUT_13463,145.11
OUT_13464,263.61
OUT_13465,106.3
OUT_13466,70.16
OUT_13467,125.4
OUT_13468,848.7
OUT_13469,842.35
OUT_13470,255.99
OUT_13471,95.95
OUT_13472,251.82
OUT_13473,101.78
OUT_13474,82.81
OUT_13475,93.9
OUT_13476,232.78
OUT_13477,801.78
OUT_13478,254.37
OUT_13479,58.34
OUT_13480,108.98
OUT_13481,1872.11
OUT_13482,263.55
OUT_13483,77.76
OUT_13484,284.28
OUT_13485,801.63
OUT_13486,114.09
OUT_13487,81.41
OUT_13488,269.61
OUT_13489,254.45
OUT_13490,291.82
OUT_13491,95.02
OUT_13492,97.36
OUT_13493,87.08
OUT_13494,118.26
OUT_13495,100.27
OUT_13496,793.7
OUT_13497,130.91
OUT_13498,270.29
OUT_13499,269.5
OUT_13500,260.72
OUT_13501,259.17
OUT_13502,106.99
OUT_13503,116.14
OUT_13504,815.51
OUT_13505,861.22
OUT_13506,847.43
OUT_13507,262.41
OUT_13508,131.85
OUT_13509,272.21
OUT_13510,115.06
OUT_13511,91.26
OUT_13512,106.75
OUT_13513,108.0
OUT_13514,1887.45
OUT_13515,263.13
OUT_13516,817.11
OUT_13517,249.85
OUT_13518,83.77
OUT_13519,84.13
OUT_13520,831.29
OUT_13521,98.5
OUT_13522,889.63
OUT_13523,123.96
OUT_13524,266.09
OUT_13525,100.4
OUT_13526,869.41
OUT_13527,861.35
OUT_13528,117.57
OUT_13529,93.87
OUT_13530,811.1
OUT_13531,265.93
OUT_13532,92.32
OUT_13533,263.99
OUT_13534,1834.11
OUT_13535,91.17
OUT_13536,842.63
OUT_13537,95.23
OUT_13538,97.71
OUT_13539,274.68
OUT_13540,1878.97
OUT_13541,100.99
OUT_13542,119.31
OUT_13543,282.37
OUT_13544,248.06
OUT_13545,248.36
OUT_13546,261.08
OUT_13547,251.47
OUT_13548,108.91
OUT_13549,266.39
OUT_13550,109.33
OUT_13551,253.4
OUT_13552,129.99
OUT_13553,127.25
OUT_13554,282.27
OUT_13555,99.38
OUT_13556,878.94
OUT_13557,107.43
OUT_13558,88.55
OUT_13559,100.62
OUT_13560,1807.95
OUT_13561,109.54
OUT_13562,803.4
OUT_13563,814.47
OUT_13564,105.74
OUT_13565,107.38
OUT_13566,87.58
OUT_13567,65.34
OUT_13568,273.81
OUT_13569,87.42
OUT_13570,140.27
OUT_13571,105.96
OUT_13572,89.86
OUT_13573,92.33
OUT_13574,858.69
OUT_13575,885.97
OUT_13576,84.56
OUT_13577,100.57
OUT_13578,111.96
OUT_13579,778.08
OUT_13580,250.45
OUT_13581,99.73
OUT_13582,257.08
OUT_13583,89.54
OUT_13584,105.49
OUT_13585,99.31
OUT_13586,79.94
OUT_13587,127.42
OUT_13588,83.75
OUT_13589,104.25
OUT_13590,252.83
OUT_13591,76.21
OUT_13592,277.09
OUT_13593,100.89
OUT_13594,108.94
OUT_13595,791.44
OUT_13596,769.1
OUT_13597,80.43
OUT_13598,106.32
OUT_13599,1798.87
OUT_13600,109.48
OUT_13601,92.51
OUT_13602,267.26
OUT_13603,821.45
OUT_13604,85.09
OUT_13605,264.8
OUT_13606,114.41
OUT_13607,265.31
OUT_13608,256.22
OUT_13609,104.07
OUT_13610,116.63
OUT_13611,798.17
OUT_13612,107.29
OUT_13613,1813.48
OUT_13614,298.66
OUT_13615,104.71
OUT_13616,66.64
OUT_13617,264.45
OUT_13618,1863.28
OUT_13619,256.25
OUT_13620,857.13
OUT_13621,93.52
OUT_13622,250.06
OUT_13623,273.37
OUT_13624,255.13
OUT_13625,262.27
OUT_13626,276.27
OUT_13627,265.27
OUT_13628,70.95
OUT_13629,95.24
OUT_13630,91.14
OUT_13631,261.03
OUT_13632,91.05
OUT_13633,285.35
OUT_13634,849.88
OUT_13635,87.57
OUT_13636,96.4
OUT_13637,91.97
OUT_13638,264.09
OUT_13639,1865.86
OUT_13640,261.7
OUT_13641,269.37
OUT_13642,849.85
OUT_13643,120.89
OUT_13644,867.59
OUT_13645,791.78
OUT_13646,67.15
OUT_13647,1852.31
OUT_13648,1833.74
OUT_13649,811.91
OUT_13650,79.5
OUT_13651,308.8
OUT_13652,111.8
OUT_13653,30.86
OUT_13654,256.15
OUT_13655,77.54
OUT_13656,125.35
OUT_13657,260.09
OUT_13658,94.97
OUT_13659,113.65
OUT_13660,277.33
OUT_13661,106.05
OUT_13662,261.55
OUT_13663,263.6
OUT_13664,781.94
OUT_13665,1857.99
OUT_13666,97.64
OUT_13667,92.65
OUT_13668,255.25
OUT_13669,105.88
OUT_13670,806.92
OUT_13671,226.48
OUT_13672,256.81
OUT_13673,91.46
OUT_13674,84.34
OUT_13675,113.45
OUT_13676,92.99
OUT_13677,899.99
OUT_13678,832.5
OUT_13679,93.71
OUT_13680,108.32
OUT_13681,84.98
OUT_13682,93.67
OUT_13683,263.15
OUT_13684,248.23
OUT_13685,97.69
OUT_13686,73.77
OUT_13687,282.51
OUT_13688,94.65
OUT_13689,105.08
OUT_13690,117.98
OUT_13691,255.42
OUT_13692,112.57
OUT_13693,266.99
OUT_13694,1899.75
OUT_13695,110.46
OUT_13696,263.69
OUT_13697,273.38
OUT_13698,98.24
OUT_13699,261.35
OUT_13700,93.55
OUT_13701,104.35
OUT_13702,264.36
OUT_13703,98.7
OUT_13704,90.52
OUT_13705,132.69
OUT_13706,87.06
OUT_13707,80.8
OUT_13708,91.46
OUT_13709,85.47
OUT_13710,95.91
OUT_13711,113.36
OUT_13712,108.69
OUT_13713,106.43
OUT_13714,86.59
OUT_13715,873.8
OUT_13716,851.12
OUT_13717,252.41
OUT_13718,803.89
OUT_13719,294.61
OUT_13720,86.9
OUT_13721,279.95
OUT_13722,252.32
OUT_13723,282.61
OUT_13724,100.61
OUT_13725,104.09
OUT_13726,252.7
OUT_13727,107.58
OUT_13728,89.23
OUT_13729,99.06
OUT_13730,95.91
OUT_13731,89.39
OUT_13732,246.71
OUT_13733,106.94
OUT_13734,853.95
OUT_13735,81.8
OUT_13736,821.94
OUT_13737,877.0
OUT_13738,132.42
OUT_13739,113.63
OUT_13740,95.86
OUT_13741,99.59
OUT_13742,836.75
OUT_13743,103.03
OUT_13744,123.19
OUT_13745,85.41
OUT_13746,86.83
OUT_13747,254.6
OUT_13748,95.81
OUT_13749,103.04
OUT_13750,273.1
OUT_13751,149.83
OUT_13752,271.89
OUT_13753,1847.67
OUT_13754,86.41
OUT_13755,263.32
OUT_13756,109.62
OUT_13757,835.08
OUT_13758,794.61
OUT_13759,136.78
OUT_13760,287.77
OUT_13761,884.85
OUT_13762,847.98
OUT_13763,784.02
OUT_13764,87.14
OUT_13765,78.19
OUT_13766,97.35
OUT_13767,254.26
OUT_13768,286.49
OUT_13769,116.43
OUT_13770,88.69
OUT_13771,114.74
OUT_13772,103.39
OUT_13773,251.39
OUT_13774,103.55
OUT_13775,112.38
OUT_13776,277.56
OUT_13777,248.78
OUT_13778,110.84
OUT_13779,104.83
OUT_13780,789.66
OUT_13781,90.3
OUT_13782,124.51
OUT_13783,106.24
OUT_13784,104.59
OUT_13785,93.61
OUT_13786,260.66
OUT_13787,102.41
OUT_13788,79.27
OUT_13789,254.02
OUT_13790,268.85
OUT_13791,879.61
OUT_13792,87.33
OUT_13793,265.51
OUT_13794,105.05
OUT_13795,94.02
OUT_13796,252.21
OUT_13797,98.56
OUT_13798,79.12
OUT_13799,93.02
OUT_13800,792.74
OUT_13801,1853.09
OUT_13802,809.9
OUT_13803,95.71
OUT_13804,97.9
OUT_13805,102.87
OUT_13806,254.7
OUT_13807,280.52
OUT_13808,1812.52
OUT_13809,88.61
OUT_13810,102.41
OUT_13811,260.54
OUT_13812,790.8
OUT_13813,1858.44
OUT_13814,131.49
OUT_13815,836.95
OUT_13816,110.35
OUT_13817,256.53
OUT_13818,260.49
OUT_13819,250.8
OUT_13820,76.29
OUT_13821,855.61
OUT_13822,96.43
OUT_13823,256.05
OUT_13824,102.64
OUT_13825,90.65
OUT_13826,248.17
OUT_13827,247.15
OUT_13828,1880.02
OUT_13829,260.86
OUT_13830,112.28
OUT_13831,257.44
OUT_13832,104.88
OUT_13833,280.69
OUT_13834,275.29
OUT_13835,275.61
OUT_13836,82.78
OUT_13837,89.75
OUT_13838,91.3
OUT_13839,285.67
OUT_13840,282.32
OUT_13841,83.82
OUT_13842,118.44
OUT_13843,273.6
OUT_13844,87.28
OUT_13845,67.26
OUT_13846,99.34
OUT_13847,251.86
OUT_13848,79.82
OUT_13849,110.97
OUT_13850,103.01
OUT_13851,841.99
OUT_13852,106.83
OUT_13853,102.83
OUT_13854,93.85
OUT_13855,107.88
OUT_13856,96.72
OUT_13857,883.96
OUT_13858,792.54
OUT_13859,130.97
OUT_13860,77.63
OUT_13861,99.2
OUT_13862,106.75
OUT_13863,112.6
OUT_13864,108.92
OUT_13865,118.31
OUT_13866,106.06
OUT_13867,78.7
OUT_13868,89.72
OUT_13869,95.35
OUT_13870,85.88
OUT_13871,255.12
OUT_13872,108.57
OUT_13873,260.07
OUT_13874,110.83
OUT_13875,853.99
OUT_13876,292.21
OUT_13877,814.23
OUT_13878,273.44
OUT_13879,286.25
OUT_13880,1859.15
OUT_13881,248.93
OUT_13882,111.68
OUT_13883,1862.22
OUT_13884,808.79
OUT_13885,93.61
OUT_13886,91.8
OUT_13887,94.43
OUT_13888,91.27
OUT_13889,99.25
OUT_13890,95.52
OUT_13891,254.47
OUT_13892,81.72
OUT_13893,110.89
OUT_13894,262.99
OUT_13895,126.36
OUT_13896,275.74
OUT_13897,263.31
OUT_13898,69.49
OUT_13899,150.83
OUT_13900,251.6
OUT_13901,64.99
OUT_13902,259.1
OUT_13903,99.37
OUT_13904,809.89
OUT_13905,1832.37
OUT_13906,106.39
OUT_13907,255.1
OUT_13908,1866.91
OUT_13909,151.48
OUT_13910,97.61
OUT_13911,99.84
OUT_13912,810.67
OUT_13913,261.87
OUT_13914,284.88
OUT_13915,274.06
OUT_13916,255.73
OUT_13917,267.43
OUT_13918,255.42
OUT_13919,265.28
OUT_13920,106.55
OUT_13921,1846.82
OUT_13922,100.12
OUT_13923,114.31
OUT_13924,252.44
OUT_13925,812.86
OUT_13926,259.94
OUT_13927,121.86
OUT_13928,89.96
OUT_13929,78.05
OUT_13930,114.92
OUT_13931,289.74
OUT_13932,255.06
OUT_13933,266.05
OUT_13934,126.45
OUT_13935,286.86
OUT_13936,95.78
OUT_13937,843.39
OUT_13938,266.44
OUT_13939,80.96
OUT_13940,269.35
OUT_13941,97.21
OUT_13942,105.98
OUT_13943,843.4
OUT_13944,795.43
OUT_13945,93.98
OUT_13946,292.91
OUT_13947,275.71
OUT_13948,101.65
OUT_13949,75.59
OUT_13950,807.77
OUT_13951,254.45
OUT_13952,95.41
OUT_13953,275.34
OUT_13954,1821.71
OUT_13955,136.31
OUT_13956,828.96
OUT_13957,104.22
OUT_13958,274.81
OUT_13959,260.44
OUT_13960,99.68
OUT_13961,257.38
OUT_13962,85.5
OUT_13963,870.39
OUT_13964,98.95
OUT_13965,257.83
OUT_13966,87.07
OUT_13967,90.89
OUT_13968,119.66
OUT_13969,264.33
OUT_13970,861.88
OUT_13971,89.98
OUT_13972,831.21
OUT_13973,251.32
OUT_13974,102.5
OUT_13975,805.44
OUT_13976,99.95
OUT_13977,814.62
OUT_13978,116.03
OUT_13979,262.08
OUT_13980,264.91
OUT_13981,1830.46
OUT_13982,1879.47
OUT_13983,85.96
OUT_13984,113.02
OUT_13985,131.01
OUT_13986,1845.06
OUT_13987,113.88
OUT_13988,254.71
OUT_13989,86.93
OUT_13990,96.1
OUT_13991,275.26
OUT_13992,885.52
OUT_13993,76.34
OUT_13994,263.38
OUT_13995,97.82
OUT_13996,1869.82
OUT_13997,89.01
OUT_13998,1852.13
OUT_13999,85.83
OUT_14000,97.36
OUT_14001,86.72
OUT_14002,103.32
OUT_14003,96.58
OUT_14004,125.91
OUT_14005,253.11
OUT_14006,89.57
OUT_14007,244.16
OUT_14008,270.78
OUT_14009,263.84
OUT_14010,94.31
OUT_14011,260.43
OUT_14012,96.29
OUT_14013,100.19
OUT_14014,872.31
OUT_14015,857.02
OUT_14016,81.57
OUT_14017,258.15
OUT_14018,138.69
OUT_14019,246.53
OUT_14020,94.38
OUT_14021,254.3
OUT_14022,108.0
OUT_14023,1844.31
OUT_14024,815.74
OUT_14025,822.23
OUT_14026,84.89
OUT_14027,110.71
OUT_14028,95.51
OUT_14029,850.13
OUT_14030,828.09
OUT_14031,251.54
OUT_14032,844.42
OUT_14033,848.72
OUT_14034,1861.69
OUT_14035,94.97
OUT_14036,805.15
OUT_14037,850.9
OUT_14038,97.47
OUT_14039,263.12
OUT_14040,264.37
OUT_14041,92.94
OUT_14042,78.4
OUT_14043,103.18
OUT_14044,79.35
OUT_14045,258.35
OUT_14046,77.2
OUT_14047,278.39
OUT_14048,87.54
OUT_14049,89.84
OUT_14050,1869.99
OUT_14051,260.77
OUT_14052,101.9
OUT_14053,92.68
OUT_14054,93.94
OUT_14055,70.8
OUT_14056,250.74
OUT_14057,847.5
OUT_14058,285.87
OUT_14059,104.53
OUT_14060,255.69
OUT_14061,283.76
OUT_14062,850.25
OUT_14063,1822.08
OUT_14064,94.46
OUT_14065,804.77
OUT_14066,83.56
OUT_14067,96.9
OUT_14068,258.79
OUT_14069,97.7
OUT_14070,272.39
OUT_14071,122.14
OUT_14072,254.28
OUT_14073,83.76
OUT_14074,806.1
OUT_14075,132.21
OUT_14076,812.8
OUT_14077,97.38
OUT_14078,255.91
OUT_14079,107.52
OUT_14080,265.6
OUT_14081,76.66
OUT_14082,798.25
OUT_14083,105.53
OUT_14084,89.03
OUT_14085,251.0
OUT_14086,849.26
OUT_14087,94.6
OUT_14088,290.01
OUT_14089,889.04
OUT_14090,804.13
OUT_14091,98.75
OUT_14092,110.46
OUT_14093,1832.69
OUT_14094,156.48
OUT_14095,300.65
OUT_14096,82.75
OUT_14097,96.84
OUT_14098,266.32
OUT_14099,265.2
OUT_14100,93.55
OUT_14101,92.07
OUT_14102,282.04
OUT_14103,95.99
OUT_14104,101.53
OUT_14105,71.83
OUT_14106,260.65
OUT_14107,110.09
OUT_14108,81.71
OUT_14109,896.94
OUT_14110,257.94
OUT_14111,809.66
OUT_14112,92.52
OUT_14113,90.43
OUT_14114,841.7
OUT_14115,114.91
OUT_14116,111.18
OUT_14117,255.42
OUT_14118,1849.9
OUT_14119,260.63
OUT_14120,112.94
OUT_14121,91.92
OUT_14122,109.8
OUT_14123,90.33
OUT_14124,96.09
OUT_14125,89.53
OUT_14126,262.78
OUT_14127,806.63
OUT_14128,80.11
OUT_14129,67.37
OUT_14130,65.19
OUT_14131,842.64
OUT_14132,298.31
OUT_14133,811.17
OUT_14134,112.8
OUT_14135,260.34
OUT_14136,99.19
OUT_14137,102.3
OUT_14138,100.77
OUT_14139,1832.47
OUT_14140,107.72
OUT_14141,89.7
OUT_14142,286.92
OUT_14143,82.66
OUT_14144,264.38
OUT_14145,252.91
OUT_14146,279.2
OUT_14147,256.08
OUT_14148,104.22
OUT_14149,111.99
OUT_14150,85.43
OUT_14151,87.81
OUT_14152,235.26
OUT_14153,94.79
OUT_14154,282.3
OUT_14155,109.13
OUT_14156,271.31
OUT_14157,107.01
OUT_14158,111.92
OUT_14159,254.36
OUT_14160,97.99
OUT_14161,93.17
OUT_14162,277.51
OUT_14163,96.46
OUT_14164,265.71
OUT_14165,252.06
OUT_14166,252.85
OUT_14167,90.47
OUT_14168,120.22
OUT_14169,255.11
OUT_14170,255.45
OUT_14171,103.72
OUT_14172,274.41
OUT_14173,260.07
OUT_14174,134.59
OUT_14175,845.81
OUT_14176,129.34
OUT_14177,96.36
OUT_14178,118.32
OUT_14179,262.86
OUT_14180,117.06
OUT_14181,99.11
OUT_14182,296.48
OUT_14183,132.72
OUT_14184,84.24
OUT_14185,120.17
OUT_14186,799.48
OUT_14187,123.41
OUT_14188,88.71
OUT_14189,285.43
OUT_14190,59.51
OUT_14191,788.14
OUT_14192,832.44
OUT_14193,98.24
OUT_14194,89.32
OUT_14195,822.27
OUT_14196,76.72
OUT_14197,756.35
OUT_14198,97.13
OUT_14199,96.73
OUT_14200,1865.43
OUT_14201,93.77
OUT_14202,83.92
OUT_14203,255.26
OUT_14204,114.99
OUT_14205,95.84
OUT_14206,91.55
OUT_14207,264.79
OUT_14208,1860.05
OUT_14209,261.79
OUT_14210,270.73
OUT_14211,94.16
OUT_14212,269.29
OUT_14213,102.41
OUT_14214,110.59
OUT_14215,261.4
OUT_14216,87.22
OUT_14217,1849.05
OUT_14218,88.94
OUT_14219,114.22
OUT_14220,88.84
OUT_14221,261.03
OUT_14222,1860.4
OUT_14223,83.1
OUT_14224,108.67
OUT_14225,793.14
OUT_14226,807.41
OUT_14227,86.01
OUT_14228,267.66
OUT_14229,286.97
OUT_14230,104.01
OUT_14231,867.71
OUT_14232,79.43
OUT_14233,275.13
OUT_14234,91.85
OUT_14235,96.8
OUT_14236,261.39
OUT_14237,262.11
OUT_14238,267.58
OUT_14239,98.42
OUT_14240,1833.91
OUT_14241,829.51
OUT_14242,790.27
OUT_14243,269.93
OUT_14244,113.8
OUT_14245,87.91
OUT_14246,104.55
OUT_14247,256.22
OUT_14248,273.63
OUT_14249,259.23
OUT_14250,102.1
OUT_14251,861.61
OUT_14252,282.12
OUT_14253,254.08
OUT_14254,118.81
OUT_14255,84.62
OUT_14256,119.58
OUT_14257,295.81
OUT_14258,255.99
OUT_14259,94.6
OUT_14260,264.31
OUT_14261,101.0
OUT_14262,796.23
OUT_14263,259.3
OUT_14264,76.76
OUT_14265,251.94
OUT_14266,270.56
OUT_14267,256.0
OUT_14268,255.8
OUT_14269,264.57
OUT_14270,86.99
OUT_14271,271.61
OUT_14272,275.72
OUT_14273,266.32
OUT_14274,1837.59
OUT_14275,276.52
OUT_14276,99.63
OUT_14277,259.59
OUT_14278,121.7
OUT_14279,126.09
OUT_14280,822.83
OUT_14281,1805.68
OUT_14282,833.95
OUT_14283,279.78
OUT_14284,67.67
OUT_14285,80.3
OUT_14286,109.47
OUT_14287,295.89
OUT_14288,86.15
OUT_14289,86.97
OUT_14290,254.29
OUT_14291,264.45
OUT_14292,813.67
OUT_14293,99.77
OUT_14294,1866.94
OUT_14295,91.41
OUT_14296,119.02
OUT_14297,787.69
OUT_14298,249.32
OUT_14299,252.13
OUT_14300,802.74
OUT_14301,79.75
OUT_14302,91.58
OUT_14303,250.27
OUT_14304,98.21
OUT_14305,846.52
OUT_14306,110.04
OUT_14307,100.88
OUT_14308,90.06
OUT_14309,94.42
OUT_14310,254.92
OUT_14311,88.13
OUT_14312,110.96
OUT_14313,89.32
OUT_14314,274.06
OUT_14315,102.18
OUT_14316,255.9
OUT_14317,101.36
OUT_14318,872.45
OUT_14319,250.8
OUT_14320,86.33
OUT_14321,84.88
OUT_14322,273.31
OUT_14323,808.25
OUT_14324,106.87
OUT_14325,104.46
OUT_14326,293.87
OUT_14327,112.24
OUT_14328,868.92
OUT_14329,94.56
OUT_14330,71.99
OUT_14331,125.68
OUT_14332,255.19
OUT_14333,77.18
OUT_14334,873.63
OUT_14335,121.24
OUT_14336,864.88
OUT_14337,1833.57
OUT_14338,330.75
OUT_14339,106.77
OUT_14340,308.27
OUT_14341,256.53
OUT_14342,284.84
OUT_14343,263.54
OUT_14344,94.92
OUT_14345,112.33
OUT_14346,806.57
OUT_14347,91.1
OUT_14348,136.4
OUT_14349,270.59
OUT_14350,848.13
OUT_14351,805.78
OUT_14352,847.14
OUT_14353,125.19
OUT_14354,65.71
OUT_14355,809.15
OUT_14356,259.89
OUT_14357,835.43
OUT_14358,94.26
OUT_14359,860.29
OUT_14360,71.53
OUT_14361,840.31
OUT_14362,119.19
OUT_14363,254.85
OUT_14364,853.36
OUT_14365,266.78
OUT_14366,76.22
OUT_14367,1841.9
OUT_14368,253.65
OUT_14369,102.01
OUT_14370,263.09
OUT_14371,95.54
OUT_14372,90.87
OUT_14373,870.53
OUT_14374,857.54
OUT_14375,260.51
OUT_14376,827.22
OUT_14377,99.58
OUT_14378,96.02
OUT_14379,278.86
OUT_14380,283.66
OUT_14381,280.0
OUT_14382,81.99
OUT_14383,272.4
OUT_14384,843.87
OUT_14385,84.07
OUT_14386,234.53
OUT_14387,108.52
OUT_14388,259.79
OUT_14389,277.31
OUT_14390,268.32
OUT_14391,796.37
OUT_14392,119.89
OUT_14393,260.03
OUT_14394,89.66
OUT_14395,112.77
OUT_14396,287.47
OUT_14397,91.49
OUT_14398,252.09
OUT_14399,101.87
OUT_14400,77.27
OUT_14401,73.18
OUT_14402,106.86
OUT_14403,116.71
OUT_14404,71.16
OUT_14405,98.36
OUT_14406,79.09
OUT_14407,103.36
OUT_14408,278.6
OUT_14409,89.95
OUT_14410,81.02
OUT_14411,90.97
OUT_14412,101.63
OUT_14413,97.87
OUT_14414,271.19
OUT_14415,889.0
OUT_14416,71.58
OUT_14417,119.07
OUT_14418,93.35
OUT_14419,70.12
OUT_14420,93.17
OUT_14421,133.4
OUT_14422,110.52
OUT_14423,767.34
OUT_14424,254.22
OUT_14425,129.17
OUT_14426,122.03
OUT_14427,79.01
OUT_14428,77.68
OUT_14429,791.11
OUT_14430,257.25
OUT_14431,94.67
OUT_14432,90.76
OUT_14433,832.02
OUT_14434,98.52
OUT_14435,250.31
OUT_14436,1848.32
OUT_14437,65.71
OUT_14438,848.02
OUT_14439,101.12
OUT_14440,248.35
OUT_14441,868.51
OUT_14442,841.33
OUT_14443,128.47
OUT_14444,263.05
OUT_14445,97.39
OUT_14446,117.23
OUT_14447,106.63
OUT_14448,82.16
OUT_14449,94.43
OUT_14450,805.08
OUT_14451,285.41
OUT_14452,106.42
OUT_14453,1813.4
OUT_14454,248.01
OUT_14455,94.14
OUT_14456,103.2
OUT_14457,287.85
OUT_14458,282.77
OUT_14459,296.48
OUT_14460,105.16
OUT_14461,255.85
OUT_14462,250.39
OUT_14463,280.98
OUT_14464,103.34
OUT_14465,92.44
OUT_14466,112.71
OUT_14467,897.53
OUT_14468,1878.82
OUT_14469,271.11
OUT_14470,275.33
OUT_14471,287.15
OUT_14472,267.57
OUT_14473,95.93
OUT_14474,91.45
OUT_14475,120.16
OUT_14476,763.16
OUT_14477,102.49
OUT_14478,94.79
OUT_14479,262.65
OUT_14480,116.13
OUT_14481,87.89
OUT_14482,897.77
OUT_14483,277.74
OUT_14484,75.73
OUT_14485,807.5
OUT_14486,120.52
OUT_14487,94.88
OUT_14488,273.99
OUT_14489,90.75
OUT_14490,253.75
OUT_14491,91.72
OUT_14492,84.69
OUT_14493,1818.47
OUT_14494,255.58
OUT_14495,255.52
OUT_14496,101.58
OUT_14497,93.27
OUT_14498,95.56
OUT_14499,65.45
OUT_14500,93.3
OUT_14501,105.84
OUT_14502,791.79
OUT_14503,114.85
OUT_14504,92.27
OUT_14505,867.07
OUT_14506,133.63
OUT_14507,123.96
OUT_14508,1846.17
OUT_14509,106.66
OUT_14510,273.16
OUT_14511,90.71
OUT_14512,106.93
OUT_14513,806.15
OUT_14514,1859.47
OUT_14515,276.44
OUT_14516,255.71
OUT_14517,92.49
OUT_14518,252.09
OUT_14519,846.34
OUT_14520,257.69
OUT_14521,259.66
OUT_14522,250.08
OUT_14523,111.44
OUT_14524,824.52
OUT_14525,1867.35
OUT_14526,800.53
OUT_14527,71.86
OUT_14528,91.78
OUT_14529,268.8
OUT_14530,255.71
OUT_14531,284.71
OUT_14532,85.26
OUT_14533,87.2
OUT_14534,96.06
OUT_14535,277.22
OUT_14536,813.32
OUT_14537,275.57
OUT_14538,283.0
OUT_14539,88.26
OUT_14540,249.57
OUT_14541,88.28
OUT_14542,93.12
OUT_14543,115.02
OUT_14544,103.65
OUT_14545,80.6
OUT_14546,170.88
OUT_14547,1854.29
OUT_14548,92.95
OUT_14549,87.79
OUT_14550,80.97
OUT_14551,1835.17
OUT_14552,93.48
OUT_14553,815.7
OUT_14554,88.05
OUT_14555,267.95
OUT_14556,857.99
OUT_14557,263.73
OUT_14558,803.87
OUT_14559,88.45
OUT_14560,131.32
OUT_14561,278.4
OUT_14562,97.75
OUT_14563,77.64
OUT_14564,257.7
OUT_14565,104.6
OUT_14566,835.75
OUT_14567,95.31
OUT_14568,260.72
OUT_14569,96.42
OUT_14570,67.8
OUT_14571,277.71
OUT_14572,248.8
OUT_14573,262.0
OUT_14574,82.7
OUT_14575,112.07
OUT_14576,311.37
OUT_14577,816.21
OUT_14578,110.95
OUT_14579,115.34
OUT_14580,103.36
OUT_14581,143.34
OUT_14582,101.32
OUT_14583,103.3
OUT_14584,821.09
OUT_14585,124.46
OUT_14586,1857.4
OUT_14587,95.06
OUT_14588,767.53
OUT_14589,266.24
OUT_14590,275.16
OUT_14591,118.77
OUT_14592,111.03
OUT_14593,102.03
OUT_14594,249.66
OUT_14595,122.74
OUT_14596,115.76
OUT_14597,65.3
OUT_14598,113.46
OUT_14599,86.28
OUT_14600,804.91
OUT_14601,820.91
OUT_14602,1850.79
OUT_14603,278.06
OUT_14604,89.57
OUT_14605,85.59
OUT_14606,255.61
OUT_14607,249.43
OUT_14608,844.82
OUT_14609,97.9
OUT_14610,122.09
OUT_14611,265.04
OUT_14612,832.29
OUT_14613,252.24
OUT_14614,259.8
OUT_14615,1821.55
OUT_14616,107.9
OUT_14617,91.45
OUT_14618,107.52
OUT_14619,829.9
OUT_14620,106.26
OUT_14621,89.7
OUT_14622,263.72
OUT_14623,259.36
OUT_14624,75.81
OUT_14625,77.14
OUT_14626,253.56
OUT_14627,93.92
OUT_14628,262.78
OUT_14629,284.99
OUT_14630,1801.93
OUT_14631,852.03
OUT_14632,90.45
OUT_14633,109.6
OUT_14634,85.12
OUT_14635,821.2
OUT_14636,250.88
OUT_14637,93.52
OUT_14638,290.44
OUT_14639,255.86
OUT_14640,93.84
OUT_14641,263.45
OUT_14642,78.09
OUT_14643,80.95
OUT_14644,289.88
OUT_14645,828.4
OUT_14646,100.67
OUT_14647,83.72
OUT_14648,84.1
OUT_14649,253.3
OUT_14650,82.53
OUT_14651,268.36
OUT_14652,107.27
OUT_14653,120.2
OUT_14654,94.41
OUT_14655,82.52
OUT_14656,123.03
OUT_14657,102.25
OUT_14658,70.58
OUT_14659,109.03
OUT_14660,77.47
OUT_14661,85.08
OUT_14662,817.98
OUT_14663,1836.88
OUT_14664,860.33
OUT_14665,94.97
OUT_14666,89.84
OUT_14667,106.46
OUT_14668,92.42
OUT_14669,76.7
OUT_14670,289.22
OUT_14671,1862.93
OUT_14672,849.81
OUT_14673,272.46
OUT_14674,250.18
OUT_14675,90.22
OUT_14676,138.34
OUT_14677,76.41
OUT_14678,96.0
OUT_14679,274.87
OUT_14680,254.14
OUT_14681,849.89
OUT_14682,103.94
OUT_14683,799.17
OUT_14684,114.54
OUT_14685,250.92
OUT_14686,287.01
OUT_14687,268.8
OUT_14688,270.62
OUT_14689,93.1
OUT_14690,259.36
OUT_14691,76.54
OUT_14692,101.86
OUT_14693,258.97
OUT_14694,819.48
OUT_14695,100.7
OUT_14696,99.26
OUT_14697,88.33
OUT_14698,817.61
OUT_14699,819.73
OUT_14700,111.83
OUT_14701,90.75
OUT_14702,113.81
OUT_14703,89.41
OUT_14704,101.24
OUT_14705,269.47
OUT_14706,92.24
OUT_14707,97.83
OUT_14708,801.3
OUT_14709,824.57
OUT_14710,249.78
OUT_14711,105.79
OUT_14712,829.78
OUT_14713,101.14
OUT_14714,251.96
OUT_14715,86.13
OUT_14716,107.13
OUT_14717,81.03
OUT_14718,109.11
OUT_14719,259.65
OUT_14720,1844.97
OUT_14721,276.32
OUT_14722,262.33
OUT_14723,274.89
OUT_14724,264.91
OUT_14725,793.56
OUT_14726,249.03
OUT_14727,109.1
OUT_14728,254.18
OUT_14729,98.47
OUT_14730,299.55
OUT_14731,88.24
OUT_14732,55.44
OUT_14733,126.49
OUT_14734,70.04
OUT_14735,268.06
OUT_14736,258.64
OUT_14737,97.05
OUT_14738,266.57
OUT_14739,255.66
OUT_14740,90.52
OUT_14741,779.56
OUT_14742,89.9
OUT_14743,840.85
OUT_14744,87.44
OUT_14745,249.75
OUT_14746,115.61
OUT_14747,103.9
OUT_14748,83.82
OUT_14749,769.81
OUT_14750,279.53
OUT_14751,309.14
OUT_14752,819.51
OUT_14753,268.5
OUT_14754,847.43
OUT_14755,256.27
OUT_14756,250.81
OUT_14757,853.11
OUT_14758,252.97
OUT_14759,287.85
OUT_14760,859.11
OUT_14761,110.77
OUT_14762,268.91
OUT_14763,94.53
OUT_14764,92.28
OUT_14765,288.7
OUT_14766,299.3
OUT_14767,846.29
OUT_14768,249.47
OUT_14769,117.63
OUT_14770,270.84
OUT_14771,1803.15
OUT_14772,101.19
OUT_14773,821.78
OUT_14774,828.63
OUT_14775,96.12
OUT_14776,95.15
OUT_14777,302.85
OUT_14778,824.05
OUT_14779,91.0
OUT_14780,99.42
OUT_14781,119.29
OUT_14782,820.48
OUT_14783,286.5
OUT_14784,83.49
OUT_14785,72.32
OUT_14786,86.51
OUT_14787,788.94
OUT_14788,106.42
OUT_14789,124.68
OUT_14790,130.19
OUT_14791,257.35
OUT_14792,108.56
OUT_14793,89.2
OUT_14794,113.32
OUT_14795,93.21
OUT_14796,103.05
OUT_14797,91.64
OUT_14798,276.02
OUT_14799,859.22
OUT_14800,799.34
OUT_14801,100.0
OUT_14802,283.69
OUT_14803,265.36
OUT_14804,119.35
OUT_14805,90.76
OUT_14806,133.55
OUT_14807,62.76
OUT_14808,75.87
OUT_14809,1836.63
OUT_14810,276.55
OUT_14811,233.62
OUT_14812,101.82
OUT_14813,83.04
OUT_14814,271.88
OUT_14815,118.4
OUT_14816,90.09
OUT_14817,116.92
OUT_14818,862.78
OUT_14819,101.15
OUT_14820,916.79
OUT_14821,115.44
OUT_14822,1875.73
OUT_14823,842.95
OUT_14824,76.22
OUT_14825,270.84
OUT_14826,70.66
OUT_14827,46.16
OUT_14828,104.94
OUT_14829,93.18
OUT_14830,1863.88
OUT_14831,94.53
OUT_14832,82.76
OUT_14833,1837.37
OUT_14834,852.58
OUT_14835,86.59
OUT_14836,275.29
OUT_14837,76.63
OUT_14838,113.59
OUT_14839,282.68
OUT_14840,99.76
OUT_14841,91.45
OUT_14842,283.37
OUT_14843,271.66
OUT_14844,93.65
OUT_14845,100.38
OUT_14846,872.16
OUT_14847,296.99
OUT_14848,134.28
OUT_14849,91.01
OUT_14850,94.52
OUT_14851,69.32
OUT_14852,95.05
OUT_14853,290.94
OUT_14854,87.07
OUT_14855,129.09
OUT_14856,887.52
OUT_14857,260.35
OUT_14858,258.85
OUT_14859,862.09
OUT_14860,65.84
OUT_14861,90.52
OUT_14862,286.79
OUT_14863,260.52
OUT_14864,808.31
OUT_14865,279.48
OUT_14866,103.45
OUT_14867,79.43
OUT_14868,815.56
OUT_14869,833.37
OUT_14870,265.81
OUT_14871,250.76
OUT_14872,1851.09
OUT_14873,137.9
OUT_14874,1863.65
OUT_14875,1888.56
OUT_14876,790.21
OUT_14877,93.59
OUT_14878,256.18
OUT_14879,93.01
OUT_14880,106.41
OUT_14881,789.91
OUT_14882,766.48
OUT_14883,267.01
OUT_14884,832.25
OUT_14885,789.18
OUT_14886,111.64
OUT_14887,253.77
OUT_14888,106.99
OUT_14889,257.91
OUT_14890,80.62
OUT_14891,81.67
OUT_14892,75.9
OUT_14893,107.83
OUT_14894,278.82
OUT_14895,86.28
OUT_14896,82.42
OUT_14897,274.63
OUT_14898,109.46
OUT_14899,126.15
OUT_14900,96.59
OUT_14901,302.65
OUT_14902,223.41
OUT_14903,109.56
OUT_14904,269.71
OUT_14905,269.83
OUT_14906,99.7
OUT_14907,144.84
OUT_14908,267.42
OUT_14909,97.83
OUT_14910,127.57
OUT_14911,833.22
OUT_14912,109.25
OUT_14913,277.52
OUT_14914,899.96
OUT_14915,108.51
OUT_14916,259.09
OUT_14917,90.18
OUT_14918,87.06
OUT_14919,89.05
OUT_14920,91.77
OUT_14921,123.36
OUT_14922,1881.92
OUT_14923,317.94
OUT_14924,272.08
OUT_14925,250.37
OUT_14926,252.73
OUT_14927,249.71
OUT_14928,855.07
OUT_14929,258.93
OUT_14930,835.02
OUT_14931,97.56
OUT_14932,104.53
OUT_14933,95.99
OUT_14934,273.77
OUT_14935,261.67
OUT_14936,262.28
OUT_14937,831.51
OUT_14938,251.91
OUT_14939,110.87
OUT_14940,822.83
OUT_14941,790.64
OUT_14942,95.8
OUT_14943,104.41
OUT_14944,88.35
OUT_14945,95.61
OUT_14946,831.19
OUT_14947,856.34
OUT_14948,119.85
OUT_14949,87.98
OUT_14950,109.26
OUT_14951,129.58
OUT_14952,92.36
OUT_14953,257.74
OUT_14954,264.71
OUT_14955,132.93
OUT_14956,258.89
OUT_14957,87.37
OUT_14958,786.28
OUT_14959,1846.43
OUT_14960,251.42
OUT_14961,88.55
OUT_14962,252.37
OUT_14963,258.99
OUT_14964,80.77
OUT_14965,252.57
OUT_14966,108.4
OUT_14967,257.3
OUT_14968,263.05
OUT_14969,95.84
OUT_14970,117.42
OUT_14971,275.81
OUT_14972,240.66
OUT_14973,97.25
OUT_14974,809.2
OUT_14975,113.84
OUT_14976,281.81
OUT_14977,259.02
OUT_14978,98.25
OUT_14979,102.83
OUT_14980,134.09
OUT_14981,824.69
OUT_14982,268.43
OUT_14983,252.37
OUT_14984,110.53
OUT_14985,75.98
OUT_14986,871.78
OUT_14987,283.41
OUT_14988,287.99
OUT_14989,258.96
OUT_14990,249.99
OUT_14991,827.76
OUT_14992,837.0
OUT_14993,842.66
OUT_14994,869.64
OUT_14995,95.66
OUT_14996,88.4
OUT_14997,111.44
OUT_14998,256.87
OUT_14999,100.97
OUT_15000,88.76
OUT_15001,279.86
OUT_15002,105.2
OUT_15003,132.3
OUT_15004,258.73
OUT_15005,1823.61
OUT_15006,255.77
OUT_15007,1866.26
OUT_15008,259.38
OUT_15009,78.57
OUT_15010,103.9
OUT_15011,97.39
OUT_15012,257.09
OUT_15013,254.93
OUT_15014,105.04
OUT_15015,83.29
OUT_15016,126.3
OUT_15017,109.44
OUT_15018,82.37
OUT_15019,257.35
OUT_15020,820.08
OUT_15021,99.34
OUT_15022,257.12
OUT_15023,100.69
OUT_15024,267.96
OUT_15025,840.92
OUT_15026,114.72
OUT_15027,276.08
OUT_15028,286.33
OUT_15029,92.5
OUT_15030,91.58
OUT_15031,98.89
OUT_15032,130.0
OUT_15033,263.28
OUT_15034,78.92
OUT_15035,265.65
OUT_15036,89.39
OUT_15037,76.45
OUT_15038,257.41
OUT_15039,276.57
OUT_15040,102.98
OUT_15041,816.98
OUT_15042,850.42
OUT_15043,251.61
OUT_15044,86.56
OUT_15045,139.17
OUT_15046,812.29
OUT_15047,1870.78
OUT_15048,79.4
OUT_15049,837.97
OUT_15050,87.66
OUT_15051,860.49
OUT_15052,834.08
OUT_15053,789.13
OUT_15054,250.35
OUT_15055,1873.25
OUT_15056,102.48
OUT_15057,1816.38
OUT_15058,90.85
OUT_15059,106.15
OUT_15060,104.28
OUT_15061,863.88
OUT_15062,257.81
OUT_15063,811.92
OUT_15064,90.97
OUT_15065,828.6
OUT_15066,110.75
OUT_15067,260.71
OUT_15068,95.52
OUT_15069,81.37
OUT_15070,280.87
OUT_15071,97.61
OUT_15072,249.98
OUT_15073,89.49
OUT_15074,81.17
OUT_15075,108.0
OUT_15076,817.63
OUT_15077,147.54
OUT_15078,866.87
OUT_15079,83.84
OUT_15080,108.6
OUT_15081,859.96
OUT_15082,886.97
OUT_15083,854.54
OUT_15084,100.74
OUT_15085,295.59
OUT_15086,80.84
OUT_15087,84.98
OUT_15088,74.02
OUT_15089,1862.47
OUT_15090,75.84
OUT_15091,815.49
OUT_15092,245.91
OUT_15093,814.82
OUT_15094,112.05
OUT_15095,83.54
OUT_15096,292.38
OUT_15097,112.15
OUT_15098,867.6
OUT_15099,92.97
OUT_15100,309.07
OUT_15101,253.28
OUT_15102,99.85
OUT_15103,824.59
OUT_15104,267.94
OUT_15105,93.8
OUT_15106,93.65
OUT_15107,79.35
OUT_15108,778.18
OUT_15109,88.5
OUT_15110,89.08
OUT_15111,263.75
OUT_15112,123.62
OUT_15113,116.49
OUT_15114,878.96
OUT_15115,254.71
OUT_15116,288.85
OUT_15117,102.25
OUT_15118,105.31
OUT_15119,97.8
OUT_15120,75.39
OUT_15121,79.64
OUT_15122,785.9
OUT_15123,83.42
OUT_15124,108.53
OUT_15125,808.82
OUT_15126,107.42
OUT_15127,114.21
OUT_15128,67.91
OUT_15129,255.02
OUT_15130,102.53
OUT_15131,95.81
OUT_15132,853.27
OUT_15133,101.87
OUT_15134,274.87
OUT_15135,873.39
OUT_15136,117.06
OUT_15137,80.38
OUT_15138,126.96
OUT_15139,268.77
OUT_15140,101.64
OUT_15141,93.27
OUT_15142,93.46
OUT_15143,96.04
OUT_15144,94.91
OUT_15145,1828.85
OUT_15146,263.52
OUT_15147,780.37
OUT_15148,254.81
OUT_15149,256.55
OUT_15150,99.66
OUT_15151,77.82
OUT_15152,118.28
OUT_15153,263.84
OUT_15154,829.29
OUT_15155,282.05
OUT_15156,863.72
OUT_15157,115.7
OUT_15158,863.82
OUT_15159,854.51
OUT_15160,1861.24
OUT_15161,271.9
OUT_15162,81.9
OUT_15163,765.66
OUT_15164,95.74
OUT_15165,262.36
OUT_15166,278.98
OUT_15167,251.17
OUT_15168,813.16
OUT_15169,98.74
OUT_15170,261.73
OUT_15171,109.74
OUT_15172,68.3
OUT_15173,259.65
OUT_15174,70.73
OUT_15175,103.48
OUT_15176,252.14
OUT_15177,271.07
OUT_15178,93.05
OUT_15179,1860.4
OUT_15180,107.11
OUT_15181,253.76
OUT_15182,73.93
OUT_15183,852.78
OUT_15184,850.99
OUT_15185,835.16
OUT_15186,114.15
OUT_15187,286.16
OUT_15188,82.3
OUT_15189,254.85
OUT_15190,96.48
OUT_15191,95.13
OUT_15192,82.98
OUT_15193,258.48
OUT_15194,275.46
OUT_15195,86.86
OUT_15196,239.37
OUT_15197,92.83
OUT_15198,839.31
OUT_15199,254.95
OUT_15200,256.3
OUT_15201,99.55
OUT_15202,783.28
OUT_15203,260.7
OUT_15204,263.88
OUT_15205,124.41
OUT_15206,138.53
OUT_15207,90.36
OUT_15208,809.65
OUT_15209,79.53
OUT_15210,78.24
OUT_15211,95.42
OUT_15212,830.65
OUT_15213,118.83
OUT_15214,271.54
OUT_15215,285.73
OUT_15216,256.9
OUT_15217,121.42
OUT_15218,249.33
OUT_15219,265.84
OUT_15220,294.26
OUT_15221,105.22
OUT_15222,846.34
OUT_15223,103.07
OUT_15224,255.8
OUT_15225,96.01
OUT_15226,96.56
OUT_15227,101.65
OUT_15228,863.14
OUT_15229,93.02
OUT_15230,94.47
OUT_15231,288.1
OUT_15232,1831.86
OUT_15233,254.03
OUT_15234,116.23
OUT_15235,1906.08
OUT_15236,786.07
OUT_15237,86.1
OUT_15238,1875.9
OUT_15239,82.08
OUT_15240,266.8
OUT_15241,65.89
OUT_15242,99.29
OUT_15243,262.02
OUT_15244,96.74
OUT_15245,93.35
OUT_15246,848.81
OUT_15247,133.99
OUT_15248,91.88
OUT_15249,834.85
OUT_15250,824.2
OUT_15251,236.38
OUT_15252,1821.99
OUT_15253,257.58
OUT_15254,78.96
OUT_15255,816.57
OUT_15256,829.5
OUT_15257,109.99
OUT_15258,78.03
OUT_15259,807.66
OUT_15260,939.87
OUT_15261,99.86
OUT_15262,87.09
OUT_15263,251.1
OUT_15264,256.86
OUT_15265,103.13
OUT_15266,1841.39
OUT_15267,851.9
OUT_15268,122.72
OUT_15269,108.41
OUT_15270,118.05
OUT_15271,97.74
OUT_15272,819.42
OUT_15273,257.43
OUT_15274,276.57
OUT_15275,101.13
OUT_15276,94.07
OUT_15277,289.83
OUT_15278,104.52
OUT_15279,100.05
OUT_15280,274.76
OUT_15281,110.11
OUT_15282,279.05
OUT_15283,1841.47
OUT_15284,96.16
OUT_15285,1833.62
OUT_15286,85.03
OUT_15287,274.75
OUT_15288,93.63
OUT_15289,282.44
OUT_15290,264.59
OUT_15291,807.17
OUT_15292,72.33
OUT_15293,92.59
OUT_15294,1868.24
OUT_15295,85.89
OUT_15296,90.37
OUT_15297,102.5
OUT_15298,268.96
OUT_15299,812.0
OUT_15300,282.16
OUT_15301,254.65
OUT_15302,93.57
OUT_15303,285.1
OUT_15304,262.33
OUT_15305,107.47
OUT_15306,108.97
OUT_15307,100.09
OUT_15308,255.77
OUT_15309,101.13
OUT_15310,284.42
OUT_15311,257.84
OUT_15312,111.1
OUT_15313,259.68
OUT_15314,76.21
OUT_15315,1867.54
OUT_15316,818.61
OUT_15317,804.42
OUT_15318,278.0
OUT_15319,253.29
OUT_15320,276.23
OUT_15321,83.5
OUT_15322,826.66
OUT_15323,287.93
OUT_15324,250.24
OUT_15325,109.58
OUT_15326,81.09
OUT_15327,828.62
OUT_15328,120.93
OUT_15329,827.9
OUT_15330,95.05
OUT_15331,279.92
OUT_15332,85.87
OUT_15333,795.51
OUT_15334,270.32
OUT_15335,863.34
OUT_15336,97.69
OUT_15337,731.13
OUT_15338,94.32
OUT_15339,100.25
OUT_15340,856.97
OUT_15341,305.35
OUT_15342,1875.85
OUT_15343,276.14
OUT_15344,829.32
OUT_15345,93.97
OUT_15346,299.18
OUT_15347,114.82
OUT_15348,87.66
OUT_15349,264.59
OUT_15350,71.09
OUT_15351,276.14
OUT_15352,279.71
OUT_15353,1846.55
OUT_15354,87.1
OUT_15355,106.02
OUT_15356,1804.44
OUT_15357,104.0
OUT_15358,817.72
OUT_15359,96.61
OUT_15360,98.36
OUT_15361,263.59
OUT_15362,267.64
OUT_15363,287.45
OUT_15364,256.84
OUT_15365,82.23
OUT_15366,112.45
OUT_15367,131.09
OUT_15368,71.02
OUT_15369,259.42
OUT_15370,257.56
OUT_15371,84.98
OUT_15372,1866.13
OUT_15373,272.63
OUT_15374,91.6
OUT_15375,271.6
OUT_15376,809.23
OUT_15377,285.39
OUT_15378,105.42
OUT_15379,250.71
OUT_15380,85.33
OUT_15381,261.68
OUT_15382,252.22
OUT_15383,84.53
OUT_15384,108.44
OUT_15385,103.73
OUT_15386,101.2
OUT_15387,265.33
OUT_15388,122.24
OUT_15389,80.07
OUT_15390,849.25
OUT_15391,259.74
OUT_15392,270.99
OUT_15393,99.34
OUT_15394,106.21
OUT_15395,89.06
OUT_15396,105.43
OUT_15397,827.28
OUT_15398,874.51
OUT_15399,855.01
OUT_15400,842.44
OUT_15401,75.32
OUT_15402,260.48
OUT_15403,139.8
OUT_15404,91.59
OUT_15405,109.05
OUT_15406,85.16
OUT_15407,254.53
OUT_15408,121.46
OUT_15409,283.13
OUT_15410,299.4
OUT_15411,267.35
OUT_15412,785.96
OUT_15413,86.67
OUT_15414,103.9
OUT_15415,1841.48
OUT_15416,266.52
OUT_15417,822.2
OUT_15418,842.53
OUT_15419,285.6
OUT_15420,253.42
OUT_15421,54.8
OUT_15422,77.89
OUT_15423,260.86
OUT_15424,827.33
OUT_15425,290.45
OUT_15426,75.17
OUT_15427,104.04
OUT_15428,1842.71
OUT_15429,250.77
OUT_15430,99.5
OUT_15431,276.34
OUT_15432,85.44
OUT_15433,109.13
OUT_15434,83.78
OUT_15435,842.35
OUT_15436,91.29
OUT_15437,255.96
OUT_15438,258.04
OUT_15439,250.32
OUT_15440,107.21
OUT_15441,116.68
OUT_15442,841.49
OUT_15443,106.13
OUT_15444,278.37
OUT_15445,123.32
OUT_15446,287.41
OUT_15447,236.59
OUT_15448,103.46
OUT_15449,833.35
OUT_15450,277.64
OUT_15451,825.64
OUT_15452,261.52
OUT_15453,102.96
OUT_15454,275.81
OUT_15455,772.22
OUT_15456,89.69
OUT_15457,119.78
OUT_15458,832.3
OUT_15459,116.21
OUT_15460,277.38
OUT_15461,851.27
OUT_15462,819.69
OUT_15463,252.76
OUT_15464,260.64
OUT_15465,108.37
OUT_15466,811.87
OUT_15467,271.19
OUT_15468,1796.98
OUT_15469,302.91
OUT_15470,811.83
OUT_15471,118.85
OUT_15472,874.75
OUT_15473,99.64
OUT_15474,277.08
OUT_15475,101.55
OUT_15476,93.43
OUT_15477,273.0
OUT_15478,96.92
OUT_15479,94.65
OUT_15480,841.85
OUT_15481,824.01
OUT_15482,114.13
OUT_15483,260.36
OUT_15484,278.22
OUT_15485,269.73
OUT_15486,110.47
OUT_15487,794.58
OUT_15488,97.46
OUT_15489,811.16
OUT_15490,84.91
OUT_15491,82.67
OUT_15492,98.73
OUT_15493,850.08
OUT_15494,276.33
OUT_15495,78.47
OUT_15496,1833.13
OUT_15497,843.38
OUT_15498,844.14
OUT_15499,126.25
OUT_15500,97.13
OUT_15501,113.52
OUT_15502,807.88
OUT_15503,92.09
OUT_15504,844.0
OUT_15505,253.19
OUT_15506,856.18
OUT_15507,256.51
OUT_15508,101.69
OUT_15509,844.37
OUT_15510,107.83
OUT_15511,1827.37
OUT_15512,846.92
OUT_15513,1841.8
OUT_15514,1849.77
OUT_15515,82.4
OUT_15516,280.74
OUT_15517,818.67
OUT_15518,270.49
OUT_15519,268.69
OUT_15520,95.86
OUT_15521,832.82
OUT_15522,842.7
OUT_15523,278.57
OUT_15524,267.83
OUT_15525,105.54
OUT_15526,268.32
OUT_15527,256.76
OUT_15528,810.01
OUT_15529,87.27
OUT_15530,93.72
OUT_15531,97.92
OUT_15532,858.48
OUT_15533,102.73
OUT_15534,1857.49
OUT_15535,250.15
OUT_15536,90.77
OUT_15537,270.62
OUT_15538,857.31
OUT_15539,91.93
OUT_15540,80.96
OUT_15541,93.71
OUT_15542,94.24
OUT_15543,839.35
OUT_15544,114.45
OUT_15545,255.62
OUT_15546,89.5
OUT_15547,263.39
OUT_15548,824.89
OUT_15549,266.63
OUT_15550,63.46
OUT_15551,271.55
OUT_15552,1847.88
OUT_15553,91.67
OUT_15554,67.23
OUT_15555,96.62
OUT_15556,96.57
OUT_15557,86.66
OUT_15558,96.81
OUT_15559,77.17
OUT_15560,263.18
OUT_15561,104.31
OUT_15562,1831.61
OUT_15563,61.24
OUT_15564,82.09
OUT_15565,835.03
OUT_15566,102.73
OUT_15567,101.14
OUT_15568,101.39
OUT_15569,101.13
OUT_15570,85.7
OUT_15571,115.64
OUT_15572,104.5
OUT_15573,79.79
OUT_15574,252.27
OUT_15575,93.61
OUT_15576,103.2
OUT_15577,112.41
OUT_15578,816.53
OUT_15579,265.23
OUT_15580,261.01
OUT_15581,262.69
OUT_15582,248.24
OUT_15583,1885.87
OUT_15584,828.55
OUT_15585,122.92
OUT_15586,256.1
OUT_15587,280.27
OUT_15588,102.96
OUT_15589,96.62
OUT_15590,111.13
OUT_15591,84.56
OUT_15592,1813.83
OUT_15593,809.64
OUT_15594,72.13
OUT_15595,295.17
OUT_15596,923.91
OUT_15597,109.66
OUT_15598,1850.09
OUT_15599,86.51
OUT_15600,250.06
OUT_15601,824.18
OUT_15602,106.0
OUT_15603,262.33
OUT_15604,307.59
OUT_15605,59.54
OUT_15606,259.76
OUT_15607,812.28
OUT_15608,275.39
OUT_15609,267.9
OUT_15610,85.33
OUT_15611,99.93
OUT_15612,79.4
OUT_15613,1856.88
OUT_15614,91.18
OUT_15615,277.72
OUT_15616,93.5
OUT_15617,85.38
OUT_15618,95.12
OUT_15619,295.65
OUT_15620,110.08
OUT_15621,272.58
OUT_15622,98.32
OUT_15623,312.89
OUT_15624,860.37
OUT_15625,278.99
OUT_15626,880.84
OUT_15627,1845.52
OUT_15628,1844.42
OUT_15629,858.34
OUT_15630,118.78
OUT_15631,104.46
OUT_15632,90.02
OUT_15633,115.32
OUT_15634,285.33
OUT_15635,99.05
OUT_15636,104.1
OUT_15637,1849.55
OUT_15638,254.57
OUT_15639,83.6
OUT_15640,102.33
OUT_15641,93.64
OUT_15642,80.96
OUT_15643,86.22
OUT_15644,110.57
OUT_15645,90.46
OUT_15646,260.82
OUT_15647,81.65
OUT_15648,259.31
OUT_15649,264.14
OUT_15650,1838.2
OUT_15651,271.47
OUT_15652,103.66
OUT_15653,121.21
OUT_15654,113.96
OUT_15655,76.42
OUT_15656,100.72
OUT_15657,80.44
OUT_15658,118.74
OUT_15659,279.39
OUT_15660,91.23
OUT_15661,80.72
OUT_15662,252.21
OUT_15663,91.1
OUT_15664,878.82
OUT_15665,1840.44
OUT_15666,265.26
OUT_15667,824.95
OUT_15668,248.62
OUT_15669,862.11
OUT_15670,292.19
OUT_15671,118.64
OUT_15672,271.1
OUT_15673,873.85
OUT_15674,837.76
OUT_15675,260.41
OUT_15676,80.9
OUT_15677,254.61
OUT_15678,279.38
OUT_15679,92.77
OUT_15680,788.09
OUT_15681,75.32
OUT_15682,99.94
OUT_15683,103.98
OUT_15684,90.41
OUT_15685,285.14
OUT_15686,89.94
OUT_15687,88.39
OUT_15688,1871.61
OUT_15689,103.44
OUT_15690,271.56
OUT_15691,264.87
OUT_15692,94.89
OUT_15693,861.71
OUT_15694,271.15
OUT_15695,96.35
OUT_15696,274.5
OUT_15697,1848.83
OUT_15698,105.61
OUT_15699,81.14
OUT_15700,272.34
OUT_15701,252.91
OUT_15702,790.52
OUT_15703,101.46
OUT_15704,99.74
OUT_15705,110.74
OUT_15706,276.68
OUT_15707,810.54
OUT_15708,857.4
OUT_15709,124.56
OUT_15710,133.88
OUT_15711,113.55
OUT_15712,253.42
OUT_15713,126.86
OUT_15714,82.16
OUT_15715,81.05
OUT_15716,261.91
OUT_15717,1862.78
OUT_15718,113.97
OUT_15719,785.02
OUT_15720,84.24
OUT_15721,93.63
OUT_15722,265.45
OUT_15723,92.41
OUT_15724,825.01
OUT_15725,105.26
OUT_15726,116.03
OUT_15727,278.3
OUT_15728,1854.69
OUT_15729,823.28
OUT_15730,250.1
OUT_15731,814.76
OUT_15732,76.47
OUT_15733,792.86
OUT_15734,116.84
OUT_15735,85.34
OUT_15736,277.62
OUT_15737,255.69
OUT_15738,253.9
OUT_15739,817.12
OUT_15740,290.73
OUT_15741,114.04
OUT_15742,104.71
OUT_15743,103.27
OUT_15744,90.1
OUT_15745,861.1
OUT_15746,856.97
OUT_15747,87.57
OUT_15748,802.76
OUT_15749,89.91
OUT_15750,899.74
OUT_15751,849.8
OUT_15752,113.88
OUT_15753,100.15
OUT_15754,266.86
OUT_15755,823.17
OUT_15756,812.93
OUT_15757,256.38
OUT_15758,272.36
OUT_15759,109.78
OUT_15760,283.45
OUT_15761,92.7
OUT_15762,283.17
OUT_15763,260.37
OUT_15764,263.85
OUT_15765,97.49
OUT_15766,108.44
OUT_15767,88.59
OUT_15768,84.52
OUT_15769,253.45
OUT_15770,104.24
OUT_15771,78.12
OUT_15772,257.83
OUT_15773,258.27
OUT_15774,256.02
OUT_15775,111.7
OUT_15776,97.38
OUT_15777,253.66
OUT_15778,255.78
OUT_15779,249.92
OUT_15780,816.58
OUT_15781,282.6
OUT_15782,1785.08
OUT_15783,270.44
OUT_15784,90.85
OUT_15785,60.04
OUT_15786,102.97
OUT_15787,882.9
OUT_15788,257.03
OUT_15789,103.19
OUT_15790,1837.55
OUT_15791,103.3
OUT_15792,263.87
OUT_15793,1817.62
OUT_15794,260.69
OUT_15795,283.55
OUT_15796,119.3
OUT_15797,868.49
OUT_15798,279.73
OUT_15799,843.12
OUT_15800,865.09
OUT_15801,898.86
OUT_15802,1841.37
OUT_15803,83.81
OUT_15804,123.17
OUT_15805,105.6
OUT_15806,104.26
OUT_15807,106.46
OUT_15808,290.88
OUT_15809,275.13
OUT_15810,101.19
OUT_15811,86.04
OUT_15812,249.62
OUT_15813,97.59
OUT_15814,844.36
OUT_15815,78.36
OUT_15816,81.16
OUT_15817,100.86
OUT_15818,104.39
OUT_15819,97.32
OUT_15820,115.4
OUT_15821,100.08
OUT_15822,71.17
OUT_15823,110.73
OUT_15824,97.35
OUT_15825,798.39
OUT_15826,271.13
OUT_15827,107.08
OUT_15828,824.04
OUT_15829,264.45
OUT_15830,269.84
OUT_15831,93.87
OUT_15832,274.66
OUT_15833,104.97
OUT_15834,821.84
OUT_15835,101.95
OUT_15836,75.48
OUT_15837,1889.58
OUT_15838,865.61
OUT_15839,822.63
OUT_15840,815.93
OUT_15841,293.78
OUT_15842,88.42
OUT_15843,267.56
OUT_15844,108.66
OUT_15845,801.03
OUT_15846,279.58
OUT_15847,1863.9
OUT_15848,790.6
OUT_15849,848.2
OUT_15850,96.39
OUT_15851,105.84
OUT_15852,841.37
OUT_15853,1881.04
OUT_15854,270.68
OUT_15855,104.75
OUT_15856,102.75
OUT_15857,123.44
OUT_15858,111.64
OUT_15859,282.14
OUT_15860,96.87
OUT_15861,1865.38
OUT_15862,820.67
OUT_15863,103.5
OUT_15864,113.75
OUT_15865,252.84
OUT_15866,255.28
OUT_15867,275.06
OUT_15868,101.8
OUT_15869,261.98
OUT_15870,71.42
OUT_15871,1876.47
OUT_15872,278.26
OUT_15873,105.91
OUT_15874,795.81
OUT_15875,99.64
OUT_15876,86.51
OUT_15877,1839.7
OUT_15878,285.44
OUT_15879,95.36
OUT_15880,277.17
OUT_15881,79.08
OUT_15882,804.33
OUT_15883,115.62
OUT_15884,106.31
OUT_15885,156.22
OUT_15886,841.25
OUT_15887,110.45
OUT_15888,88.28
OUT_15889,79.99
OUT_15890,1856.25
OUT_15891,101.78
OUT_15892,79.68
OUT_15893,99.4
OUT_15894,128.51
OUT_15895,843.4
OUT_15896,124.07
OUT_15897,105.92
OUT_15898,100.17
OUT_15899,797.01
OUT_15900,271.97
OUT_15901,268.71
OUT_15902,123.73
OUT_15903,117.46
OUT_15904,96.57
OUT_15905,259.59
OUT_15906,1843.34
OUT_15907,96.78
OUT_15908,282.69
OUT_15909,275.19
OUT_15910,95.27
OUT_15911,266.97
OUT_15912,875.79
OUT_15913,110.77
OUT_15914,112.13
OUT_15915,85.97
OUT_15916,102.26
OUT_15917,105.47
OUT_15918,95.89
OUT_15919,879.24
OUT_15920,242.32
OUT_15921,877.79
OUT_15922,823.11
OUT_15923,85.52
OUT_15924,244.89
OUT_15925,96.76
OUT_15926,878.65
OUT_15927,70.43
OUT_15928,106.48
OUT_15929,257.0
OUT_15930,807.05
OUT_15931,820.38
OUT_15932,88.58
OUT_15933,119.82
OUT_15934,902.3
OUT_15935,254.18
OUT_15936,81.73
OUT_15937,95.64
OUT_15938,115.45
OUT_15939,94.88
OUT_15940,80.41
OUT_15941,126.71
OUT_15942,870.39
OUT_15943,100.62
OUT_15944,115.98
OUT_15945,283.51
OUT_15946,125.51
OUT_15947,96.04
OUT_15948,92.62
OUT_15949,119.08
OUT_15950,75.47
OUT_15951,1824.51
OUT_15952,798.02
OUT_15953,254.13
OUT_15954,256.46
OUT_15955,855.63
OUT_15956,85.78
OUT_15957,85.07
OUT_15958,799.3
OUT_15959,251.24
OUT_15960,93.38
OUT_15961,263.27
OUT_15962,277.36
OUT_15963,87.37
OUT_15964,77.27
OUT_15965,83.97
OUT_15966,290.76
OUT_15967,73.59
OUT_15968,870.85
OUT_15969,110.93
OUT_15970,94.32
OUT_15971,1856.04
OUT_15972,248.02
OUT_15973,281.61
OUT_15974,252.91
OUT_15975,268.99
OUT_15976,106.12
OUT_15977,84.54
OUT_15978,283.73
OUT_15979,810.57
OUT_15980,103.07
OUT_15981,78.42
OUT_15982,85.17
OUT_15983,111.34
OUT_15984,124.17
OUT_15985,827.86
OUT_15986,256.16
OUT_15987,96.02
OUT_15988,92.95
OUT_15989,791.43
OUT_15990,249.39
OUT_15991,93.08
OUT_15992,96.63
OUT_15993,266.27
OUT_15994,268.24
OUT_15995,88.58
OUT_15996,804.08
OUT_15997,97.2
OUT_15998,257.15
OUT_15999,94.59
OUT_16000,848.05
OUT_16001,287.01
OUT_16002,96.31
OUT_16003,296.28
OUT_16004,810.06
OUT_16005,90.96
OUT_16006,261.96
OUT_16007,96.84
OUT_16008,258.68
OUT_16009,108.42
OUT_16010,116.68
OUT_16011,100.72
OUT_16012,71.32
OUT_16013,84.73
OUT_16014,89.22
OUT_16015,91.59
OUT_16016,848.38
OUT_16017,114.29
OUT_16018,101.5
OUT_16019,252.04
OUT_16020,268.05
OUT_16021,90.48
OUT_16022,89.96
OUT_16023,286.81
OUT_16024,97.05
OUT_16025,254.55
OUT_16026,251.83
OUT_16027,96.46
OUT_16028,96.46
OUT_16029,253.52
OUT_16030,81.75
OUT_16031,267.83
OUT_16032,97.21
OUT_16033,132.82
OUT_16034,831.89
OUT_16035,266.67
OUT_16036,268.83
OUT_16037,124.76
OUT_16038,106.07
OUT_16039,93.81
OUT_16040,89.66
OUT_16041,1867.65
OUT_16042,270.07
OUT_16043,857.55
OUT_16044,96.54
OUT_16045,264.56
OUT_16046,260.99
OUT_16047,102.02
OUT_16048,258.05
OUT_16049,806.43
OUT_16050,84.34
OUT_16051,96.74
OUT_16052,99.25
OUT_16053,99.96
OUT_16054,254.91
OUT_16055,836.35
OUT_16056,95.51
OUT_16057,83.46
OUT_16058,270.43
OUT_16059,84.67
OUT_16060,106.08
OUT_16061,78.03
OUT_16062,266.05
OUT_16063,260.22
OUT_16064,825.27
OUT_16065,96.88
OUT_16066,82.86
OUT_16067,101.76
OUT_16068,76.55
OUT_16069,269.26
OUT_16070,97.07
OUT_16071,1853.46
OUT_16072,96.47
OUT_16073,110.45
OUT_16074,143.64
OUT_16075,1846.91
OUT_16076,93.08
OUT_16077,272.65
OUT_16078,287.33
OUT_16079,294.06
OUT_16080,106.78
OUT_16081,103.65
OUT_16082,272.57
OUT_16083,847.18
OUT_16084,249.6
OUT_16085,1875.84
OUT_16086,840.18
OUT_16087,256.59
OUT_16088,830.16
OUT_16089,113.82
OUT_16090,120.62
OUT_16091,101.54
OUT_16092,89.48
OUT_16093,254.42
OUT_16094,1847.05
OUT_16095,93.11
OUT_16096,107.11
OUT_16097,849.87
OUT_16098,78.27
OUT_16099,250.25
OUT_16100,90.64
OUT_16101,88.57
OUT_16102,248.93
OUT_16103,256.62
OUT_16104,275.84
OUT_16105,256.06
OUT_16106,260.51
OUT_16107,262.05
OUT_16108,1814.51
OUT_16109,99.72
OUT_16110,99.22
OUT_16111,92.76
OUT_16112,288.43
OUT_16113,818.9
OUT_16114,810.33
OUT_16115,78.7
OUT_16116,864.16
OUT_16117,68.36
OUT_16118,92.06
OUT_16119,116.71
OUT_16120,89.72
OUT_16121,97.81
OUT_16122,82.59
OUT_16123,855.68
OUT_16124,248.06
OUT_16125,112.11
OUT_16126,296.93
OUT_16127,96.74
OUT_16128,262.66
OUT_16129,105.42
OUT_16130,250.35
OUT_16131,75.59
OUT_16132,104.46
OUT_16133,90.58
OUT_16134,93.78
OUT_16135,826.26
OUT_16136,780.06
OUT_16137,111.43
OUT_16138,80.52
OUT_16139,94.04
OUT_16140,274.06
OUT_16141,98.67
OUT_16142,813.27
OUT_16143,851.53
OUT_16144,792.41
OUT_16145,140.49
OUT_16146,857.93
OUT_16147,284.84
OUT_16148,97.35
OUT_16149,66.28
OUT_16150,815.04
OUT_16151,82.16
OUT_16152,89.24
OUT_16153,845.25
OUT_16154,256.43
OUT_16155,141.99
OUT_16156,273.28
OUT_16157,96.98
OUT_16158,258.59
OUT_16159,103.37
OUT_16160,86.32
OUT_16161,274.11
OUT_16162,268.85
OUT_16163,110.15
OUT_16164,787.44
OUT_16165,72.05
OUT_16166,92.88
OUT_16167,96.08
OUT_16168,78.28
OUT_16169,1849.02
OUT_16170,861.14
OUT_16171,248.7
OUT_16172,810.48
OUT_16173,262.89
OUT_16174,67.45
OUT_16175,105.29
OUT_16176,852.12
OUT_16177,258.23
OUT_16178,71.86
OUT_16179,295.5
OUT_16180,1833.75
OUT_16181,256.74
OUT_16182,117.09
OUT_16183,1824.68
OUT_16184,863.33
OUT_16185,759.79
OUT_16186,127.08
OUT_16187,81.53
OUT_16188,126.73
OUT_16189,255.04
OUT_16190,863.68
OUT_16191,102.39
OUT_16192,264.18
OUT_16193,275.83
OUT_16194,837.41
OUT_16195,1872.69
OUT_16196,262.69
OUT_16197,81.25
OUT_16198,96.72
OUT_16199,1828.72
OUT_16200,120.89
OUT_16201,859.39
OUT_16202,92.94
OUT_16203,99.22
OUT_16204,274.45
OUT_16205,97.61
OUT_16206,112.28
OUT_16207,262.03
OUT_16208,108.47
OUT_16209,785.65
OUT_16210,106.34
OUT_16211,99.33
OUT_16212,120.22
OUT_16213,123.21
OUT_16214,95.56
OUT_16215,785.41
OUT_16216,815.07
OUT_16217,261.33
OUT_16218,88.03
OUT_16219,885.27
OUT_16220,106.57
OUT_16221,64.37
OUT_16222,114.07
OUT_16223,1816.34
OUT_16224,120.75
OUT_16225,283.71
OUT_16226,86.18
OUT_16227,106.51
OUT_16228,1854.26
OUT_16229,1861.23
OUT_16230,273.13
OUT_16231,90.44
OUT_16232,102.29
OUT_16233,106.2
OUT_16234,320.9
OUT_16235,249.65
OUT_16236,113.01
OUT_16237,253.37
OUT_16238,1874.21
OUT_16239,100.7
OUT_16240,285.8
OUT_16241,115.3
OUT_16242,252.88
OUT_16243,840.2
OUT_16244,815.91
OUT_16245,848.38
OUT_16246,82.38
OUT_16247,86.1
OUT_16248,271.1
OUT_16249,95.59
OUT_16250,100.35
OUT_16251,97.71
OUT_16252,808.54
OUT_16253,89.14
OUT_16254,809.37
OUT_16255,845.04
OUT_16256,248.64
OUT_16257,104.81
OUT_16258,850.24
OUT_16259,75.05
OUT_16260,122.5
OUT_16261,260.67
OUT_16262,95.52
OUT_16263,125.24
OUT_16264,104.12
OUT_16265,95.31
OUT_16266,107.18
OUT_16267,77.86
OUT_16268,69.11
OUT_16269,255.71
OUT_16270,87.5
OUT_16271,867.73
OUT_16272,265.68
OUT_16273,811.59
OUT_16274,109.95
OUT_16275,846.93
OUT_16276,112.9
OUT_16277,104.64
OUT_16278,260.79
OUT_16279,253.95
OUT_16280,92.84
OUT_16281,103.03
OUT_16282,88.25
OUT_16283,257.76
OUT_16284,794.36
OUT_16285,91.13
OUT_16286,80.73
OUT_16287,249.75
OUT_16288,266.64
OUT_16289,89.7
OUT_16290,84.15
OUT_16291,107.33
OUT_16292,292.45
OUT_16293,259.75
OUT_16294,105.05
OUT_16295,102.48
OUT_16296,260.07
OUT_16297,253.03
OUT_16298,98.78
OUT_16299,284.88
OUT_16300,871.53
OUT_16301,103.02
OUT_16302,841.58
OUT_16303,1859.01
OUT_16304,1811.51
OUT_16305,95.99
OUT_16306,85.74
OUT_16307,84.49
OUT_16308,96.69
OUT_16309,293.46
OUT_16310,295.1
OUT_16311,854.48
OUT_16312,120.26
OUT_16313,60.12
OUT_16314,1828.81
OUT_16315,874.74
OUT_16316,110.74
OUT_16317,866.59
OUT_16318,850.2
OUT_16319,98.73
OUT_16320,90.17
OUT_16321,277.2
OUT_16322,796.23
OUT_16323,260.48
OUT_16324,125.81
OUT_16325,85.57
OUT_16326,834.04
OUT_16327,270.84
OUT_16328,866.09
OUT_16329,1830.27
OUT_16330,857.74
OUT_16331,1868.83
OUT_16332,82.4
OUT_16333,105.44
OUT_16334,809.63
OUT_16335,279.4
OUT_16336,1864.58
OUT_16337,102.73
OUT_16338,119.02
OUT_16339,83.95
OUT_16340,99.9
OUT_16341,264.6
OUT_16342,103.17
OUT_16343,828.37
OUT_16344,154.11
OUT_16345,95.27
OUT_16346,91.07
OUT_16347,113.77
OUT_16348,294.1
OUT_16349,818.64
OUT_16350,99.5
OUT_16351,818.23
OUT_16352,93.21
OUT_16353,126.77
OUT_16354,159.21
OUT_16355,88.37
OUT_16356,96.6
OUT_16357,103.38
OUT_16358,93.35
OUT_16359,271.52
OUT_16360,107.18
OUT_16361,84.47
OUT_16362,847.28
OUT_16363,97.96
OUT_16364,869.72
OUT_16365,97.47
OUT_16366,113.91
OUT_16367,260.58
OUT_16368,69.67
OUT_16369,85.24
OUT_16370,308.73
OUT_16371,72.93
OUT_16372,98.88
OUT_16373,85.21
OUT_16374,73.9
OUT_16375,289.14
OUT_16376,117.12
OUT_16377,106.22
OUT_16378,85.76
OUT_16379,106.34
OUT_16380,107.59
OUT_16381,91.38
OUT_16382,864.89
OUT_16383,834.58
OUT_16384,264.88
OUT_16385,81.04
OUT_16386,109.92
OUT_16387,270.35
OUT_16388,1862.26
OUT_16389,837.5
OUT_16390,258.67
OUT_16391,80.26
OUT_16392,104.96
OUT_16393,91.85
OUT_16394,794.39
OUT_16395,102.86
OUT_16396,94.74
OUT_16397,850.24
OUT_16398,253.85
OUT_16399,79.8
OUT_16400,115.23
OUT_16401,99.83
OUT_16402,268.97
OUT_16403,871.16
OUT_16404,281.94
OUT_16405,73.74
OUT_16406,101.58
OUT_16407,257.82
OUT_16408,87.57
OUT_16409,260.45
OUT_16410,73.22
OUT_16411,298.43
OUT_16412,76.95
OUT_16413,832.22
OUT_16414,807.89
OUT_16415,83.1
OUT_16416,92.48
OUT_16417,826.92
OUT_16418,90.11
OUT_16419,249.64
OUT_16420,106.08
OUT_16421,265.68
OUT_16422,90.58
OUT_16423,286.93
OUT_16424,809.74
OUT_16425,279.08
OUT_16426,859.67
OUT_16427,111.83
OUT_16428,119.68
OUT_16429,283.07
OUT_16430,83.61
OUT_16431,90.37
OUT_16432,104.58
OUT_16433,251.44
OUT_16434,113.2
OUT_16435,779.24
OUT_16436,265.66
OUT_16437,1852.8
OUT_16438,103.77
OUT_16439,270.01
OUT_16440,124.1
OUT_16441,1887.54
OUT_16442,92.7
OUT_16443,80.67
OUT_16444,262.73
OUT_16445,108.46
OUT_16446,72.43
OUT_16447,112.51
OUT_16448,250.23
OUT_16449,263.74
OUT_16450,82.12
OUT_16451,821.2
OUT_16452,289.32
OUT_16453,84.4
OUT_16454,252.56
OUT_16455,268.84
OUT_16456,85.6
OUT_16457,266.3
OUT_16458,84.79
OUT_16459,770.33
OUT_16460,1883.45
OUT_16461,260.57
OUT_16462,80.26
OUT_16463,253.04
OUT_16464,138.3
OUT_16465,278.51
OUT_16466,89.25
OUT_16467,778.57
OUT_16468,271.11
OUT_16469,103.24
OUT_16470,835.97
OUT_16471,96.66
OUT_16472,87.95
OUT_16473,133.72
OUT_16474,112.15
OUT_16475,87.95
OUT_16476,93.57
OUT_16477,253.6
OUT_16478,268.17
OUT_16479,254.95
OUT_16480,242.12
OUT_16481,83.38
OUT_16482,95.44
OUT_16483,252.77
OUT_16484,252.22
OUT_16485,114.45
OUT_16486,95.32
OUT_16487,260.94
OUT_16488,1845.8
OUT_16489,247.35
OUT_16490,99.59
OUT_16491,102.26
OUT_16492,1860.51
OUT_16493,81.29
OUT_16494,258.13
OUT_16495,129.67
OUT_16496,252.31
OUT_16497,815.39
OUT_16498,108.52
OUT_16499,257.71
OUT_16500,82.3
OUT_16501,283.86
OUT_16502,808.8
OUT_16503,94.7
OUT_16504,74.93
OUT_16505,105.44
OUT_16506,89.02
OUT_16507,94.25
OUT_16508,78.66
OUT_16509,117.14
OUT_16510,83.94
OUT_16511,782.8
OUT_16512,109.51
OUT_16513,254.28
OUT_16514,302.95
OUT_16515,273.0
OUT_16516,251.38
OUT_16517,280.03
OUT_16518,91.79
OUT_16519,90.11
OUT_16520,1847.7
OUT_16521,273.58
OUT_16522,86.02
OUT_16523,96.34
OUT_16524,244.95
OUT_16525,255.91
OUT_16526,91.08
OUT_16527,109.22
OUT_16528,101.15
OUT_16529,274.54
OUT_16530,850.84
OUT_16531,820.51
OUT_16532,94.93
OUT_16533,253.87
OUT_16534,96.51
OUT_16535,95.52
OUT_16536,807.88
OUT_16537,277.94
OUT_16538,1835.62
OUT_16539,257.16
OUT_16540,808.13
OUT_16541,82.16
OUT_16542,271.32
OUT_16543,258.97
OUT_16544,256.08
OUT_16545,104.86
OUT_16546,118.75
OUT_16547,96.75
OUT_16548,1878.24
OUT_16549,93.6
OUT_16550,90.62
OUT_16551,270.94
OUT_16552,101.08
OUT_16553,273.72
OUT_16554,77.53
OUT_16555,103.13
OUT_16556,82.76
OUT_16557,138.55
OUT_16558,274.4
OUT_16559,259.55
OUT_16560,91.11
OUT_16561,123.66
OUT_16562,97.2
OUT_16563,103.45
OUT_16564,79.49
OUT_16565,120.04
OUT_16566,118.41
OUT_16567,104.56
OUT_16568,106.93
OUT_16569,266.89
OUT_16570,1827.42
OUT_16571,93.7
OUT_16572,101.55
OUT_16573,1874.05
OUT_16574,127.41
OUT_16575,112.68
OUT_16576,789.28
OUT_16577,94.52
OUT_16578,255.35
OUT_16579,257.34
OUT_16580,84.96
OUT_16581,111.99
OUT_16582,86.17
OUT_16583,831.95
OUT_16584,109.08
OUT_16585,101.12
OUT_16586,793.86
OUT_16587,120.02
OUT_16588,253.56
OUT_16589,87.42
OUT_16590,808.97
OUT_16591,80.25
OUT_16592,256.61
OUT_16593,816.99
OUT_16594,88.79
OUT_16595,88.4
OUT_16596,1846.16
OUT_16597,1823.69
OUT_16598,890.95
OUT_16599,90.55
OUT_16600,96.57
OUT_16601,283.71
OUT_16602,812.1
OUT_16603,92.01
OUT_16604,112.98
OUT_16605,1824.98
OUT_16606,112.56
OUT_16607,263.12
OUT_16608,104.34
OUT_16609,259.08
OUT_16610,93.23
OUT_16611,90.94
OUT_16612,254.17
OUT_16613,134.96
OUT_16614,122.01
OUT_16615,119.47
OUT_16616,270.27
OUT_16617,265.87
OUT_16618,73.02
OUT_16619,255.91
OUT_16620,251.76
OUT_16621,94.34
OUT_16622,252.72
OUT_16623,786.16
OUT_16624,86.52
OUT_16625,121.56
OUT_16626,87.79
OUT_16627,88.97
OUT_16628,102.08
OUT_16629,101.32
OUT_16630,117.03
OUT_16631,274.27
OUT_16632,267.18
OUT_16633,859.71
OUT_16634,119.2
OUT_16635,113.03
OUT_16636,137.96
OUT_16637,148.01
OUT_16638,90.11
OUT_16639,1872.88
OUT_16640,266.36
OUT_16641,791.85
OUT_16642,284.73
OUT_16643,283.44
OUT_16644,249.87
OUT_16645,250.2
OUT_16646,262.19
OUT_16647,287.64
OUT_16648,120.93
OUT_16649,855.86
OUT_16650,98.79
OUT_16651,104.28
OUT_16652,269.34
OUT_16653,89.31
OUT_16654,841.56
OUT_16655,99.2
OUT_16656,829.03
OUT_16657,770.55
OUT_16658,68.85
OUT_16659,882.32
OUT_16660,78.01
OUT_16661,98.91
OUT_16662,253.08
OUT_16663,72.46
OUT_16664,110.78
OUT_16665,264.28
OUT_16666,88.86
OUT_16667,93.01
OUT_16668,97.71
OUT_16669,97.09
OUT_16670,762.05
OUT_16671,96.81
OUT_16672,84.68
OUT_16673,275.65
OUT_16674,96.03
OUT_16675,813.89
OUT_16676,864.36
OUT_16677,86.51
OUT_16678,99.48
OUT_16679,71.83
OUT_16680,284.2
OUT_16681,83.23
OUT_16682,105.61
OUT_16683,122.2
OUT_16684,86.56
OUT_16685,280.11
OUT_16686,95.83
OUT_16687,835.0
OUT_16688,1811.32
OUT_16689,104.22
OUT_16690,776.01
OUT_16691,73.64
OUT_16692,250.43
OUT_16693,103.84
OUT_16694,281.31
OUT_16695,108.83
OUT_16696,95.27
OUT_16697,70.32
OUT_16698,261.84
OUT_16699,102.4
OUT_16700,93.82
OUT_16701,65.32
OUT_16702,262.69
OUT_16703,817.56
OUT_16704,89.95
OUT_16705,254.01
OUT_16706,122.6
OUT_16707,853.07
OUT_16708,80.95
OUT_16709,91.79
OUT_16710,93.37
OUT_16711,859.55
OUT_16712,826.01
OUT_16713,114.45
OUT_16714,94.04
OUT_16715,103.73
OUT_16716,277.53
OUT_16717,266.82
OUT_16718,96.17
OUT_16719,258.52
OUT_16720,109.89
OUT_16721,267.6
OUT_16722,133.25
OUT_16723,109.6
OUT_16724,808.7
OUT_16725,267.57
OUT_16726,298.73
OUT_16727,112.0
OUT_16728,888.27
OUT_16729,100.46
OUT_16730,100.78
OUT_16731,249.23
OUT_16732,254.67
OUT_16733,96.65
OUT_16734,119.96
OUT_16735,93.17
OUT_16736,100.16
OUT_16737,251.08
OUT_16738,819.7
OUT_16739,281.99
OUT_16740,283.52
OUT_16741,789.22
OUT_16742,799.27
OUT_16743,93.82
OUT_16744,91.48
OUT_16745,278.53
OUT_16746,260.65
OUT_16747,263.64
OUT_16748,77.29
OUT_16749,806.36
OUT_16750,95.97
OUT_16751,97.98
OUT_16752,75.33
OUT_16753,826.37
OUT_16754,112.07
OUT_16755,105.4
OUT_16756,106.55
OUT_16757,270.72
OUT_16758,94.29
OUT_16759,96.92
OUT_16760,254.23
OUT_16761,100.44
OUT_16762,270.84
OUT_16763,134.91
OUT_16764,113.4
OUT_16765,91.2
OUT_16766,252.98
OUT_16767,44.7
OUT_16768,250.71
OUT_16769,853.43
OUT_16770,256.18
OUT_16771,125.89
OUT_16772,120.87
OUT_16773,68.47
OUT_16774,109.3
OUT_16775,798.23
OUT_16776,254.43
OUT_16777,256.73
OUT_16778,288.91
OUT_16779,114.72
OUT_16780,66.34
OUT_16781,91.95
OUT_16782,109.13
OUT_16783,284.55
OUT_16784,252.42
OUT_16785,828.48
OUT_16786,820.92
OUT_16787,846.3
OUT_16788,111.22
OUT_16789,113.1
OUT_16790,252.43
OUT_16791,815.13
OUT_16792,109.87
OUT_16793,254.05
OUT_16794,251.91
OUT_16795,83.79
OUT_16796,260.88
OUT_16797,100.63
OUT_16798,126.24
OUT_16799,106.43
OUT_16800,112.75
OUT_16801,100.18
OUT_16802,131.1
OUT_16803,94.25
OUT_16804,863.66
OUT_16805,91.64
OUT_16806,863.75
OUT_16807,296.99
OUT_16808,818.67
OUT_16809,1877.08
OUT_16810,280.35
OUT_16811,97.33
OUT_16812,868.39
OUT_16813,830.87
OUT_16814,100.68
OUT_16815,838.85
OUT_16816,104.73
OUT_16817,266.94
OUT_16818,262.46
OUT_16819,116.8
OUT_16820,820.51
OUT_16821,289.13
OUT_16822,98.03
OUT_16823,107.65
OUT_16824,273.14
OUT_16825,107.4
OUT_16826,114.91
OUT_16827,1815.18
OUT_16828,250.67
OUT_16829,86.0
OUT_16830,851.77
OUT_16831,94.31
OUT_16832,827.71
OUT_16833,272.21
OUT_16834,285.25
OUT_16835,108.24
OUT_16836,103.09
OUT_16837,87.31
OUT_16838,810.04
OUT_16839,257.99
OUT_16840,853.27
OUT_16841,832.74
OUT_16842,115.03
OUT_16843,87.84
OUT_16844,264.58
OUT_16845,85.73
OUT_16846,123.42
OUT_16847,66.4
OUT_16848,1835.78
OUT_16849,79.97
OUT_16850,85.46
OUT_16851,788.32
OUT_16852,280.59
OUT_16853,110.22
OUT_16854,70.08
OUT_16855,254.81
OUT_16856,263.28
OUT_16857,281.13
OUT_16858,818.0
OUT_16859,110.16
OUT_16860,249.2
OUT_16861,270.23
OUT_16862,79.08
OUT_16863,855.11
OUT_16864,1847.36
OUT_16865,102.73
OUT_16866,279.41
OUT_16867,77.63
OUT_16868,853.55
OUT_16869,116.28
OUT_16870,258.9
OUT_16871,102.89
OUT_16872,862.22
OUT_16873,282.46
OUT_16874,275.16
OUT_16875,283.6
OUT_16876,798.88
OUT_16877,113.66
OUT_16878,108.3
OUT_16879,121.4
OUT_16880,884.63
OUT_16881,93.46
OUT_16882,252.33
OUT_16883,85.66
OUT_16884,839.79
OUT_16885,92.75
OUT_16886,85.36
OUT_16887,88.95
OUT_16888,267.64
OUT_16889,262.4
OUT_16890,93.49
OUT_16891,867.51
OUT_16892,95.08
OUT_16893,254.44
OUT_16894,284.58
OUT_16895,93.36
OUT_16896,87.98
OUT_16897,130.55
OUT_16898,110.56
OUT_16899,846.71
OUT_16900,791.07
OUT_16901,101.49
OUT_16902,252.2
OUT_16903,110.94
OUT_16904,83.1
OUT_16905,243.46
OUT_16906,94.05
OUT_16907,101.34
OUT_16908,797.43
OUT_16909,800.34
OUT_16910,100.29
OUT_16911,117.39
OUT_16912,105.2
OUT_16913,252.83
OUT_16914,100.25
OUT_16915,90.74
OUT_16916,107.21
OUT_16917,110.57
OUT_16918,82.33
OUT_16919,108.41
OUT_16920,263.57
OUT_16921,258.34
OUT_16922,86.86
OUT_16923,287.07
OUT_16924,821.29
OUT_16925,894.34
OUT_16926,94.98
OUT_16927,252.46
OUT_16928,258.64
OUT_16929,103.54
OUT_16930,264.3
OUT_16931,82.19
OUT_16932,263.81
OUT_16933,87.09
OUT_16934,265.38
OUT_16935,1851.72
OUT_16936,260.42
OUT_16937,814.3
OUT_16938,113.66
OUT_16939,109.2
OUT_16940,96.78
OUT_16941,137.32
OUT_16942,252.69
OUT_16943,90.37
OUT_16944,260.6
OUT_16945,122.71
OUT_16946,1842.9
OUT_16947,83.19
OUT_16948,88.01
OUT_16949,101.52
OUT_16950,130.13
OUT_16951,92.5
OUT_16952,107.32
OUT_16953,85.27
OUT_16954,86.86
OUT_16955,130.1
OUT_16956,120.95
OUT_16957,84.82
OUT_16958,850.77
OUT_16959,1863.95
OUT_16960,100.72
OUT_16961,269.06
OUT_16962,115.05
OUT_16963,95.5
OUT_16964,80.44
OUT_16965,252.75
OUT_16966,76.75
OUT_16967,269.51
OUT_16968,257.65
OUT_16969,261.56
OUT_16970,279.47
OUT_16971,825.9
OUT_16972,117.78
OUT_16973,97.74
OUT_16974,253.25
OUT_16975,286.76
OUT_16976,108.11
OUT_16977,855.67
OUT_16978,95.32
OUT_16979,82.18
OUT_16980,104.97
OUT_16981,97.53
OUT_16982,85.9
OUT_16983,265.12
OUT_16984,86.33
OUT_16985,251.61
OUT_16986,1860.16
OUT_16987,255.11
OUT_16988,257.28
OUT_16989,262.56
OUT_16990,1836.41
OUT_16991,274.0
OUT_16992,97.84
OUT_16993,95.75
OUT_16994,266.64
OUT_16995,87.5
OUT_16996,263.38
OUT_16997,252.08
OUT_16998,105.82
OUT_16999,271.93
OUT_17000,94.66
OUT_17001,101.52
OUT_17002,295.54
OUT_17003,114.31
OUT_17004,344.97
OUT_17005,353.62
OUT_17006,306.01
OUT_17007,342.0
OUT_17008,1018.2
OUT_17009,2152.08
OUT_17010,2181.53
OUT_17011,101.53
OUT_17012,128.53
OUT_17013,121.48
OUT_17014,2140.33
OUT_17015,305.89
OUT_17016,152.24
OUT_17017,130.58
OUT_17018,92.49
OUT_17019,346.71
OUT_17020,119.79
OUT_17021,971.13
OUT_17022,125.45
OUT_17023,133.82
OUT_17024,98.52
OUT_17025,1010.72
OUT_17026,90.96
OUT_17027,100.67
OUT_17028,1050.68
OUT_17029,103.66
OUT_17030,131.73
OUT_17031,90.88
OUT_17032,115.52
OUT_17033,101.98
OUT_17034,292.24
OUT_17035,106.12
OUT_17036,153.26
OUT_17037,308.48
OUT_17038,119.42
OUT_17039,341.92
OUT_17040,100.01
OUT_17041,347.64
OUT_17042,101.74
OUT_17043,91.59
OUT_17044,971.41
OUT_17045,132.81
OUT_17046,96.85
OUT_17047,997.32
OUT_17048,104.19
OUT_17049,2174.37
OUT_17050,309.81
OUT_17051,125.08
OUT_17052,128.57
OUT_17053,317.73
OUT_17054,308.92
OUT_17055,114.97
OUT_17056,319.07
OUT_17057,316.69
OUT_17058,1032.79
OUT_17059,321.38
OUT_17060,157.09
OUT_17061,309.58
OUT_17062,134.8
OUT_17063,113.55
OUT_17064,342.68
OUT_17065,146.22
OUT_17066,973.99
OUT_17067,2169.96
OUT_17068,298.16
OUT_17069,285.28
OUT_17070,347.49
OUT_17071,2190.87
OUT_17072,181.37
OUT_17073,303.76
OUT_17074,309.22
OUT_17075,146.78
OUT_17076,99.91
OUT_17077,100.3
OUT_17078,1050.25
OUT_17079,98.92
OUT_17080,319.33
OUT_17081,89.37
OUT_17082,2146.84
OUT_17083,125.2
OUT_17084,117.74
OUT_17085,1020.45
OUT_17086,111.43
OUT_17087,1097.04
OUT_17088,1078.74
OUT_17089,136.35
OUT_17090,88.96
OUT_17091,142.69
OUT_17092,1049.57
OUT_17093,111.98
OUT_17094,132.69
OUT_17095,312.98
OUT_17096,108.86
OUT_17097,93.5
OUT_17098,335.11
OUT_17099,342.62
OUT_17100,331.07
OUT_17101,962.67
OUT_17102,329.97
OUT_17103,103.09
OUT_17104,299.28
OUT_17105,75.37
OUT_17106,111.89
OUT_17107,312.37
OUT_17108,113.63
OUT_17109,108.61
OUT_17110,1000.46
OUT_17111,310.72
OUT_17112,108.47
OUT_17113,128.33
OUT_17114,138.03
OUT_17115,187.2
OUT_17116,122.25
OUT_17117,117.36
OUT_17118,118.22
OUT_17119,343.8
OUT_17120,148.95
OUT_17121,1018.95
OUT_17122,292.22
OUT_17123,1050.34
OUT_17124,980.49
OUT_17125,330.69
OUT_17126,105.86
OUT_17127,115.18
OUT_17128,127.5
OUT_17129,1014.84
OUT_17130,105.9
OUT_17131,2118.48
OUT_17132,107.84
OUT_17133,89.49
OUT_17134,160.22
OUT_17135,321.03
OUT_17136,325.46
OUT_17137,305.55
OUT_17138,112.81
OUT_17139,129.42
OUT_17140,288.5
OUT_17141,339.86
OUT_17142,294.93
OUT_17143,317.88
OUT_17144,292.23
OUT_17145,118.21
OUT_17146,99.16
OUT_17147,93.72
OUT_17148,296.59
OUT_17149,316.98
OUT_17150,135.43
OUT_17151,101.58
OUT_17152,365.51
OUT_17153,2128.63
OUT_17154,112.08
OUT_17155,131.95
OUT_17156,159.97
OUT_17157,323.99
OUT_17158,293.93
OUT_17159,297.79
OUT_17160,970.42
OUT_17161,339.87
OUT_17162,1016.9
OUT_17163,101.31
OUT_17164,117.65
OUT_17165,112.05
OUT_17166,110.8
OUT_17167,974.7
OUT_17168,79.5
OUT_17169,122.8
OUT_17170,95.89
OUT_17171,153.76
OUT_17172,1004.2
OUT_17173,335.36
OUT_17174,106.67
OUT_17175,2133.83
OUT_17176,103.76
OUT_17177,292.61
OUT_17178,1031.35
OUT_17179,325.27
OUT_17180,138.87
OUT_17181,125.24
OUT_17182,126.39
OUT_17183,979.92
OUT_17184,114.6
OUT_17185,129.61
OUT_17186,327.13
OUT_17187,2209.39
OUT_17188,158.93
OUT_17189,336.49
OUT_17190,118.62
OUT_17191,139.91
OUT_17192,953.57
OUT_17193,295.33
OUT_17194,316.07
OUT_17195,146.68
OUT_17196,123.15
OUT_17197,88.76
OUT_17198,384.12
OUT_17199,123.71
OUT_17200,323.61
OUT_17201,326.44
OUT_17202,342.7
OUT_17203,121.52
OUT_17204,300.75
OUT_17205,106.03
OUT_17206,358.27
OUT_17207,1001.97
OUT_17208,998.11
OUT_17209,114.56
OUT_17210,117.8
OUT_17211,127.32
OUT_17212,141.93
OUT_17213,129.67
OUT_17214,334.23
OUT_17215,341.56
OUT_17216,2201.97
OUT_17217,136.9
OUT_17218,119.37
OUT_17219,101.55
OUT_17220,115.76
OUT_17221,101.42
OUT_17222,325.04
OUT_17223,111.41
OUT_17224,291.43
OUT_17225,336.49
OUT_17226,115.97
OUT_17227,84.81
OUT_17228,135.54
OUT_17229,113.29
OUT_17230,85.55
OUT_17231,1039.04
OUT_17232,988.95
OUT_17233,298.87
OUT_17234,334.42
OUT_17235,170.52
OUT_17236,100.21
OUT_17237,137.46
OUT_17238,91.68
OUT_17239,329.17
OUT_17240,332.45
OUT_17241,314.34
OUT_17242,327.73
OUT_17243,89.46
OUT_17244,154.78
OUT_17245,342.76
OUT_17246,347.67
OUT_17247,304.77
OUT_17248,301.95
OUT_17249,114.16
OUT_17250,318.57
OUT_17251,102.36
OUT_17252,109.9
OUT_17253,292.51
OUT_17254,119.84
OUT_17255,157.04
OUT_17256,100.32
OUT_17257,351.9
OUT_17258,133.77
OUT_17259,331.53
OUT_17260,324.83
OUT_17261,78.39
OUT_17262,119.12
OUT_17263,1022.51
OUT_17264,128.07
OUT_17265,143.66
OUT_17266,109.09
OUT_17267,134.33
OUT_17268,119.16
OUT_17269,302.1
OUT_17270,1074.93
OUT_17271,104.66
OUT_17272,344.01
OUT_17273,337.28
OUT_17274,160.98
OUT_17275,422.97
OUT_17276,329.93
OUT_17277,329.03
OUT_17278,137.82
OUT_17279,111.34
OUT_17280,2163.99
OUT_17281,122.72
OUT_17282,302.47
OUT_17283,154.61
OUT_17284,135.55
OUT_17285,315.18
OUT_17286,128.29
OUT_17287,114.94
OUT_17288,110.16
OUT_17289,277.53
OUT_17290,87.73
OUT_17291,119.33
OUT_17292,131.74
OUT_17293,344.98
OUT_17294,156.56
OUT_17295,126.16
OUT_17296,113.76
OUT_17297,136.3
OUT_17298,127.12
OUT_17299,103.95
OUT_17300,131.54
OUT_17301,1031.47
OUT_17302,326.6
OUT_17303,303.95
OUT_17304,946.82
OUT_17305,315.14
OUT_17306,106.44
OUT_17307,352.96
OUT_17308,305.53
OUT_17309,166.37
OUT_17310,155.1
OUT_17311,115.66
OUT_17312,1029.28
OUT_17313,120.9
OUT_17314,985.5
OUT_17315,952.8
OUT_17316,43.01
OUT_17317,327.01
OUT_17318,1069.41
OUT_17319,103.51
OUT_17320,315.41
OUT_17321,1004.57
OUT_17322,323.32
OUT_17323,305.0
OUT_17324,987.17
OUT_17325,310.92
OUT_17326,2172.49
OUT_17327,100.75
OUT_17328,332.41
OUT_17329,1030.93
OUT_17330,123.27
OUT_17331,108.3
OUT_17332,119.88
OUT_17333,171.52
OUT_17334,1018.75
OUT_17335,124.02
OUT_17336,146.12
OUT_17337,111.77
OUT_17338,304.57
OUT_17339,309.98
OUT_17340,139.07
OUT_17341,97.23
OUT_17342,338.31
OUT_17343,313.98
OUT_17344,117.36
OUT_17345,973.86
OUT_17346,141.45
OUT_17347,125.76
OUT_17348,1013.75
OUT_17349,116.82
OUT_17350,1013.97
OUT_17351,124.31
OUT_17352,116.78
OUT_17353,117.33
OUT_17354,975.8
OUT_17355,85.03
OUT_17356,113.16
OUT_17357,143.96
OUT_17358,123.47
OUT_17359,107.18
OUT_17360,156.13
OUT_17361,112.3
OUT_17362,331.17
OUT_17363,127.07
OUT_17364,328.26
OUT_17365,75.47
OUT_17366,1007.17
OUT_17367,201.71
OUT_17368,122.68
OUT_17369,130.04
OUT_17370,135.87
OUT_17371,2201.3
OUT_17372,989.28
OUT_17373,299.89
OUT_17374,966.65
OUT_17375,109.9
OUT_17376,118.51
OUT_17377,104.33
OUT_17378,991.5
OUT_17379,84.09
OUT_17380,95.85
OUT_17381,126.78
OUT_17382,113.74
OUT_17383,170.26
OUT_17384,108.62
OUT_17385,325.4
OUT_17386,324.03
OUT_17387,144.58
OUT_17388,130.74
OUT_17389,2159.97
OUT_17390,117.25
OUT_17391,147.79
OUT_17392,989.6
OUT_17393,97.36
OUT_17394,294.84
OUT_17395,102.34
OUT_17396,299.14
OUT_17397,311.71
OUT_17398,120.66
OUT_17399,116.81
OUT_17400,307.95
OUT_17401,157.78
OUT_17402,295.95
OUT_17403,307.11
OUT_17404,369.96
OUT_17405,1006.54
OUT_17406,90.93
OUT_17407,143.63
OUT_17408,1017.7
OUT_17409,113.91
OUT_17410,124.69
OUT_17411,123.5
OUT_17412,112.3
OUT_17413,305.76
OUT_17414,311.63
OUT_17415,321.23
OUT_17416,974.94
OUT_17417,79.43
OUT_17418,334.05
OUT_17419,352.5
OUT_17420,293.7
OUT_17421,139.89
OUT_17422,1023.43
OUT_17423,983.22
OUT_17424,2129.2
OUT_17425,2137.84
OUT_17426,153.24
OUT_17427,99.03
OUT_17428,122.41
OUT_17429,148.16
OUT_17430,923.85
OUT_17431,84.32
OUT_17432,310.47
OUT_17433,1064.31
OUT_17434,124.97
OUT_17435,1061.94
OUT_17436,1024.45
OUT_17437,2217.87
OUT_17438,141.98
OUT_17439,129.24
OUT_17440,976.54
OUT_17441,117.65
OUT_17442,117.59
OUT_17443,306.5
OUT_17444,118.43
OUT_17445,72.17
OUT_17446,286.29
OUT_17447,909.15
OUT_17448,136.93
OUT_17449,137.64
OUT_17450,297.55
OUT_17451,321.27
OUT_17452,105.34
OUT_17453,318.92
OUT_17454,132.87
OUT_17455,168.5
OUT_17456,136.13
OUT_17457,965.67
OUT_17458,116.63
OUT_17459,1027.28
OUT_17460,295.41
OUT_17461,145.0
OUT_17462,115.08
OUT_17463,292.39
OUT_17464,316.13
OUT_17465,160.4
OUT_17466,137.21
OUT_17467,146.54
OUT_17468,344.1
OUT_17469,135.22
OUT_17470,143.18
OUT_17471,346.91
OUT_17472,144.07
OUT_17473,345.35
OUT_17474,1023.89
OUT_17475,104.41
OUT_17476,297.1
OUT_17477,1022.27
OUT_17478,1045.3
OUT_17479,95.76
OUT_17480,119.91
OUT_17481,106.29
OUT_17482,144.43
OUT_17483,337.78
OUT_17484,327.8
OUT_17485,135.67
OUT_17486,121.37
OUT_17487,138.44
OUT_17488,137.91
OUT_17489,129.78
OUT_17490,151.16
OUT_17491,299.0
OUT_17492,1020.55
OUT_17493,105.13
OUT_17494,1015.19
OUT_17495,995.62
OUT_17496,168.89
OUT_17497,84.61
OUT_17498,141.67
OUT_17499,78.72
OUT_17500,299.06
OUT_17501,326.4
OUT_17502,314.3
OUT_17503,93.54
OUT_17504,94.07
OUT_17505,128.05
OUT_17506,968.8
OUT_17507,84.47
OUT_17508,1008.2
OUT_17509,95.48
OUT_17510,109.55
OUT_17511,125.89
OUT_17512,136.97
OUT_17513,106.99
OUT_17514,103.55
OUT_17515,98.86
OUT_17516,350.11
OUT_17517,120.57
OUT_17518,118.36
OUT_17519,326.04
OUT_17520,291.95
OUT_17521,290.73
OUT_17522,1019.46
OUT_17523,119.33
OUT_17524,996.3
OUT_17525,144.04
OUT_17526,320.16
OUT_17527,300.22
OUT_17528,312.69
OUT_17529,115.25
OUT_17530,970.21
OUT_17531,124.01
OUT_17532,1012.75
OUT_17533,119.24
OUT_17534,94.34
OUT_17535,305.57
OUT_17536,108.24
OUT_17537,103.85
OUT_17538,332.23
OUT_17539,144.28
OUT_17540,1054.9
OUT_17541,102.23
OUT_17542,305.56
OUT_17543,119.38
OUT_17544,149.01
OUT_17545,113.98
OUT_17546,107.33
OUT_17547,63.85
OUT_17548,130.2
OUT_17549,2153.81
OUT_17550,289.4
OUT_17551,104.25
OUT_17552,136.37
OUT_17553,137.18
OUT_17554,306.81
OUT_17555,120.33
OUT_17556,329.16
OUT_17557,114.64
OUT_17558,122.58
OUT_17559,309.43
OUT_17560,130.87
OUT_17561,113.59
OUT_17562,167.74
OUT_17563,132.62
OUT_17564,140.64
OUT_17565,115.51
OUT_17566,327.78
OUT_17567,321.05
OUT_17568,317.72
OUT_17569,158.45
OUT_17570,145.38
OUT_17571,109.82
OUT_17572,340.33
OUT_17573,131.47
OUT_17574,970.83
OUT_17575,91.15
OUT_17576,125.66
OUT_17577,323.41
OUT_17578,166.59
OUT_17579,305.79
OUT_17580,114.85
OUT_17581,995.66
OUT_17582,95.47
OUT_17583,317.81
OUT_17584,1068.08
OUT_17585,1049.78
OUT_17586,109.92
OUT_17587,300.11
OUT_17588,99.46
OUT_17589,323.3
OUT_17590,142.84
OUT_17591,113.91
OUT_17592,80.94
OUT_17593,119.75
OUT_17594,122.91
OUT_17595,135.38
OUT_17596,1019.68
OUT_17597,114.71
OUT_17598,2182.33
OUT_17599,166.73
OUT_17600,116.9
OUT_17601,991.43
OUT_17602,965.96
OUT_17603,344.13
OUT_17604,1034.0
OUT_17605,321.78
OUT_17606,2164.14
OUT_17607,982.64
OUT_17608,123.69
OUT_17609,109.81
OUT_17610,339.45
OUT_17611,169.03
OUT_17612,129.47
OUT_17613,294.38
OUT_17614,323.36
OUT_17615,323.11
OUT_17616,95.26
OUT_17617,153.85
OUT_17618,2159.3
OUT_17619,346.51
OUT_17620,122.53
OUT_17621,1010.42
OUT_17622,1042.38
OUT_17623,122.83
OUT_17624,304.15
OUT_17625,289.96
OUT_17626,102.89
OUT_17627,152.37
OUT_17628,115.74
OUT_17629,1058.9
OUT_17630,318.43
OUT_17631,82.0
OUT_17632,291.54
OUT_17633,138.31
OUT_17634,110.55
OUT_17635,138.65
OUT_17636,986.83
OUT_17637,100.01
OUT_17638,111.98
OUT_17639,156.87
OUT_17640,311.24
OUT_17641,117.51
OUT_17642,103.89
OUT_17643,92.92
OUT_17644,125.3
OUT_17645,297.86
OUT_17646,1019.33
OUT_17647,112.35
OUT_17648,92.76
OUT_17649,102.5
OUT_17650,171.06
OUT_17651,985.5
OUT_17652,2153.55
OUT_17653,339.06
OUT_17654,330.29
OUT_17655,116.65
OUT_17656,1015.92
OUT_17657,133.73
OUT_17658,118.99
OUT_17659,351.82
OUT_17660,978.11
OUT_17661,1007.39
OUT_17662,997.72
OUT_17663,173.76
OUT_17664,962.61
OUT_17665,139.21
OUT_17666,105.12
OUT_17667,1014.99
OUT_17668,1026.97
OUT_17669,124.69
OUT_17670,112.13
OUT_17671,288.93
OUT_17672,117.45
OUT_17673,1028.68
OUT_17674,128.37
OUT_17675,310.09
OUT_17676,367.62
OUT_17677,1009.8
OUT_17678,99.15
OUT_17679,298.36
OUT_17680,145.49
OUT_17681,88.68
OUT_17682,128.61
OUT_17683,322.21
OUT_17684,97.2
OUT_17685,312.23
OUT_17686,129.69
OUT_17687,2217.16
OUT_17688,311.45
OUT_17689,161.23
OUT_17690,100.42
OUT_17691,123.75
OUT_17692,125.43
OUT_17693,115.85
OUT_17694,1032.27
OUT_17695,113.91
OUT_17696,327.47
OUT_17697,295.8
OUT_17698,2093.14
OUT_17699,306.9
OUT_17700,123.64
OUT_17701,106.91
OUT_17702,86.99
OUT_17703,299.22
OUT_17704,153.31
OUT_17705,111.19
OUT_17706,79.98
OUT_17707,1039.98
OUT_17708,119.14
OUT_17709,348.5
OUT_17710,140.35
OUT_17711,131.64
OUT_17712,134.37
OUT_17713,184.06
OUT_17714,118.28
OUT_17715,106.29
OUT_17716,128.49
OUT_17717,970.34
OUT_17718,971.68
OUT_17719,113.54
OUT_17720,326.0
OUT_17721,293.78
OUT_17722,140.98
OUT_17723,114.02
OUT_17724,101.1
OUT_17725,141.52
OUT_17726,2159.96
OUT_17727,325.15
OUT_17728,124.63
OUT_17729,297.15
OUT_17730,117.99
OUT_17731,144.32
OUT_17732,331.57
OUT_17733,115.82
OUT_17734,169.43
OUT_17735,330.12
OUT_17736,1024.04
OUT_17737,993.37
OUT_17738,1010.81
OUT_17739,1044.35
OUT_17740,298.42
OUT_17741,302.51
OUT_17742,296.1
OUT_17743,121.15
OUT_17744,302.24
OUT_17745,93.73
OUT_17746,139.31
OUT_17747,147.35
OUT_17748,139.84
OUT_17749,132.38
OUT_17750,136.42
OUT_17751,110.01
OUT_17752,1035.04
OUT_17753,357.52
OUT_17754,2188.24
OUT_17755,357.91
OUT_17756,332.46
OUT_17757,104.04
OUT_17758,118.74
OUT_17759,96.93
OUT_17760,156.67
OUT_17761,986.3
OUT_17762,298.04
OUT_17763,307.59
OUT_17764,315.1
OUT_17765,118.76
OUT_17766,122.95
OUT_17767,99.58
OUT_17768,145.37
OUT_17769,2157.33
OUT_17770,1033.44
OUT_17771,311.13
OUT_17772,96.01
OUT_17773,125.97
OUT_17774,134.41
OUT_17775,321.3
OUT_17776,927.09
OUT_17777,318.5
OUT_17778,1015.0
OUT_17779,94.95
OUT_17780,303.41
OUT_17781,133.66
OUT_17782,323.47
OUT_17783,1032.35
OUT_17784,92.62
OUT_17785,120.8
OUT_17786,334.95
OUT_17787,137.48
OUT_17788,94.54
OUT_17789,141.45
OUT_17790,122.1
OUT_17791,999.38
OUT_17792,305.22
OUT_17793,105.19
OUT_17794,130.04
OUT_17795,138.08
OUT_17796,100.55
OUT_17797,119.61
OUT_17798,140.53
OUT_17799,127.59
OUT_17800,1062.43
OUT_17801,292.12
OUT_17802,322.3
OUT_17803,121.43
OUT_17804,87.27
OUT_17805,2151.4
OUT_17806,117.08
OUT_17807,74.37
OUT_17808,288.89
OUT_17809,333.28
OUT_17810,127.0
OUT_17811,356.11
OUT_17812,112.96
OUT_17813,109.51
OUT_17814,97.48
OUT_17815,1015.23
OUT_17816,156.01
OUT_17817,146.17
OUT_17818,1006.88
OUT_17819,111.12
OUT_17820,1019.52
OUT_17821,133.73
OUT_17822,93.27
OUT_17823,124.34
OUT_17824,334.75
OUT_17825,142.73
OUT_17826,318.71
OUT_17827,1018.55
OUT_17828,162.29
OUT_17829,108.27
OUT_17830,996.71
OUT_17831,990.97
OUT_17832,150.04
OUT_17833,144.81
OUT_17834,296.33
OUT_17835,323.06
OUT_17836,2219.75
OUT_17837,158.78
OUT_17838,1001.02
OUT_17839,1027.4
OUT_17840,107.05
OUT_17841,143.81
OUT_17842,117.42
OUT_17843,2189.98
OUT_17844,302.84
OUT_17845,1038.46
OUT_17846,294.89
OUT_17847,317.53
OUT_17848,172.01
OUT_17849,321.31
OUT_17850,142.88
OUT_17851,342.51
OUT_17852,330.26
OUT_17853,296.46
OUT_17854,2231.49
OUT_17855,995.11
OUT_17856,1012.82
OUT_17857,113.73
OUT_17858,319.09
OUT_17859,301.21
OUT_17860,82.21
OUT_17861,141.7
OUT_17862,139.78
OUT_17863,148.27
OUT_17864,129.48
OUT_17865,144.48
OUT_17866,129.58
OUT_17867,335.22
OUT_17868,137.46
OUT_17869,287.94
OUT_17870,141.27
OUT_17871,302.59
OUT_17872,116.5
OUT_17873,154.49
OUT_17874,139.12
OUT_17875,301.18
OUT_17876,312.58
OUT_17877,80.36
OUT_17878,318.01
OUT_17879,135.82
OUT_17880,2161.54
OUT_17881,124.84
OUT_17882,305.26
OUT_17883,298.03
OUT_17884,1042.85
OUT_17885,138.21
OUT_17886,330.16
OUT_17887,146.05
OUT_17888,122.25
OUT_17889,342.47
OUT_17890,108.11
OUT_17891,989.92
OUT_17892,102.07
OUT_17893,162.3
OUT_17894,96.3
OUT_17895,142.44
OUT_17896,104.78
OUT_17897,120.46
OUT_17898,86.5
OUT_17899,325.51
OUT_17900,140.29
OUT_17901,152.68
OUT_17902,1009.22
OUT_17903,117.34
OUT_17904,142.5
OUT_17905,101.69
OUT_17906,989.5
OUT_17907,313.53
OUT_17908,110.83
OUT_17909,102.82
OUT_17910,2209.16
OUT_17911,96.93
OUT_17912,310.5
OUT_17913,100.73
OUT_17914,108.95
OUT_17915,110.86
OUT_17916,97.33
OUT_17917,132.57
OUT_17918,1017.4
OUT_17919,115.83
OUT_17920,141.94
OUT_17921,111.14
OUT_17922,135.59
OUT_17923,2189.61
OUT_17924,114.39
OUT_17925,87.11
OUT_17926,317.67
OUT_17927,326.25
OUT_17928,136.32
OUT_17929,79.26
OUT_17930,133.87
OUT_17931,136.31
OUT_17932,111.26
OUT_17933,964.44
OUT_17934,331.02
OUT_17935,304.09
OUT_17936,1025.39
OUT_17937,323.45
OUT_17938,102.87
OUT_17939,126.91
OUT_17940,124.56
OUT_17941,115.25
OUT_17942,125.05
OUT_17943,110.72
OUT_17944,1008.5
OUT_17945,93.43
OUT_17946,115.92
OUT_17947,987.26
OUT_17948,126.12
OUT_17949,163.05
OUT_17950,161.89
OUT_17951,130.25
OUT_17952,98.74
OUT_17953,114.95
OUT_17954,113.52
OUT_17955,1037.37
OUT_17956,325.3
OUT_17957,306.69
OUT_17958,137.14
OUT_17959,132.96
OUT_17960,119.93
OUT_17961,111.67
OUT_17962,154.48
OUT_17963,327.89
OUT_17964,300.46
OUT_17965,125.17
OUT_17966,85.8
OUT_17967,1002.28
OUT_17968,132.92
OUT_17969,108.09
OUT_17970,127.31
OUT_17971,111.08
OUT_17972,352.32
OUT_17973,981.54
OUT_17974,123.63
OUT_17975,966.93
OUT_17976,130.96
OUT_17977,98.31
OUT_17978,130.55
OUT_17979,973.82
OUT_17980,127.16
OUT_17981,122.35
OUT_17982,162.31
OUT_17983,2210.85
OUT_17984,95.49
OUT_17985,66.55
OUT_17986,1005.06
OUT_17987,1007.83
OUT_17988,1014.05
OUT_17989,2144.08
OUT_17990,149.19
OUT_17991,304.99
OUT_17992,113.54
OUT_17993,133.43
OUT_17994,302.16
OUT_17995,992.43
OUT_17996,156.77
OUT_17997,127.11
OUT_17998,99.59
OUT_17999,162.01
OUT_18000,128.01
OUT_18001,137.95
OUT_18002,131.06
OUT_18003,93.47
OUT_18004,321.01
OUT_18005,95.79
OUT_18006,999.78
OUT_18007,102.94
OUT_18008,172.43
OUT_18009,132.64
OUT_18010,153.9
OUT_18011,1032.78
OUT_18012,1026.21
OUT_18013,149.16
OUT_18014,166.85
OUT_18015,315.66
OUT_18016,107.63
OUT_18017,1080.62
OUT_18018,965.29
OUT_18019,111.59
OUT_18020,319.1
OUT_18021,129.09
OUT_18022,2166.55
OUT_18023,2169.71
OUT_18024,109.01
OUT_18025,342.85
OUT_18026,327.59
OUT_18027,316.64
OUT_18028,331.92
OUT_18029,2193.48
OUT_18030,125.21
OUT_18031,330.19
OUT_18032,104.73
OUT_18033,319.82
OUT_18034,323.0
OUT_18035,1016.27
OUT_18036,1053.64
OUT_18037,140.4
OUT_18038,157.71
OUT_18039,98.8
OUT_18040,317.77
OUT_18041,123.03
OUT_18042,127.02
OUT_18043,127.91
OUT_18044,299.03
OUT_18045,330.56
OUT_18046,289.36
OUT_18047,108.93
OUT_18048,119.95
OUT_18049,89.83
OUT_18050,1042.45
OUT_18051,295.6
OUT_18052,117.52
OUT_18053,335.63
OUT_18054,112.95
OUT_18055,2197.49
OUT_18056,96.81
OUT_18057,133.57
OUT_18058,322.74
OUT_18059,88.01
OUT_18060,964.64
OUT_18061,310.8
OUT_18062,294.37
OUT_18063,141.51
OUT_18064,87.62
OUT_18065,128.88
OUT_18066,85.99
OUT_18067,308.92
OUT_18068,327.18
OUT_18069,143.47
OUT_18070,67.83
OUT_18071,2182.92
OUT_18072,1070.83
OUT_18073,293.08
OUT_18074,121.5
OUT_18075,295.43
OUT_18076,118.69
OUT_18077,114.17
OUT_18078,359.02
OUT_18079,176.52
OUT_18080,56.77
OUT_18081,156.19
OUT_18082,132.2
OUT_18083,148.79
OUT_18084,112.83
OUT_18085,315.81
OUT_18086,1026.42
OUT_18087,320.4
OUT_18088,102.33
OUT_18089,119.4
OUT_18090,301.06
OUT_18091,353.32
OUT_18092,302.67
OUT_18093,278.55
OUT_18094,302.3
OUT_18095,363.95
OUT_18096,132.28
OUT_18097,153.49
OUT_18098,111.66
OUT_18099,980.66
OUT_18100,326.96
OUT_18101,115.13
OUT_18102,357.35
OUT_18103,158.9
OUT_18104,373.88
OUT_18105,123.58
OUT_18106,356.19
OUT_18107,133.76
OUT_18108,312.72
OUT_18109,114.6
OUT_18110,959.14
OUT_18111,114.51
OUT_18112,98.28
OUT_18113,110.77
OUT_18114,133.12
OUT_18115,95.79
OUT_18116,107.88
OUT_18117,304.1
OUT_18118,92.16
OUT_18119,94.76
OUT_18120,130.79
OUT_18121,126.27
OUT_18122,171.06
OUT_18123,326.0
OUT_18124,164.84
OUT_18125,2168.75
OUT_18126,138.03
OUT_18127,105.2
OUT_18128,2234.49
OUT_18129,165.67
OUT_18130,1008.5
OUT_18131,327.2
OUT_18132,129.75
OUT_18133,117.35
OUT_18134,128.81
OUT_18135,155.14
OUT_18136,319.53
OUT_18137,115.15
OUT_18138,135.01
OUT_18139,112.96
OUT_18140,162.23
OUT_18141,985.26
OUT_18142,127.21
OUT_18143,77.25
OUT_18144,307.28
OUT_18145,309.43
OUT_18146,323.22
OUT_18147,140.31
OUT_18148,117.74
OUT_18149,1040.09
OUT_18150,987.31
OUT_18151,100.25
OUT_18152,290.62
OUT_18153,277.79
OUT_18154,361.66
OUT_18155,307.62
OUT_18156,364.7
OUT_18157,1093.53
OUT_18158,1000.12
OUT_18159,78.64
OUT_18160,1022.81
OUT_18161,94.18
OUT_18162,101.97
OUT_18163,950.34
OUT_18164,126.93
OUT_18165,99.83
OUT_18166,2159.3
OUT_18167,998.06
OUT_18168,89.97
OUT_18169,121.56
OUT_18170,1030.55
OUT_18171,96.84
OUT_18172,1003.11
OUT_18173,303.95
OUT_18174,295.03
OUT_18175,315.8
OUT_18176,126.52
OUT_18177,77.09
OUT_18178,166.24
OUT_18179,330.2
OUT_18180,135.67
OUT_18181,102.86
OUT_18182,182.57
OUT_18183,315.15
OUT_18184,162.51
OUT_18185,342.79
OUT_18186,314.3
OUT_18187,1049.0
OUT_18188,127.99
OUT_18189,315.16
OUT_18190,161.98
OUT_18191,1020.35
OUT_18192,312.68
OUT_18193,150.87
OUT_18194,372.69
OUT_18195,303.63
OUT_18196,121.21
OUT_18197,122.59
OUT_18198,106.89
OUT_18199,128.88
OUT_18200,302.86
OUT_18201,140.54
OUT_18202,302.07
OUT_18203,994.05
OUT_18204,331.8
OUT_18205,99.94
OUT_18206,125.56
OUT_18207,1020.92
OUT_18208,291.11
OUT_18209,2142.62
OUT_18210,1021.95
OUT_18211,316.09
OUT_18212,115.5
OUT_18213,134.92
OUT_18214,136.16
OUT_18215,293.38
OUT_18216,321.24
OUT_18217,336.94
OUT_18218,996.41
OUT_18219,188.87
OUT_18220,975.71
OUT_18221,312.19
OUT_18222,313.52
OUT_18223,992.53
OUT_18224,327.62
OUT_18225,150.48
OUT_18226,985.31
OUT_18227,329.01
OUT_18228,170.49
OUT_18229,171.32
OUT_18230,110.7
OUT_18231,119.34
OUT_18232,94.67
OUT_18233,83.09
OUT_18234,1016.17
OUT_18235,103.51
OUT_18236,118.37
OUT_18237,111.41
OUT_18238,137.83
OUT_18239,108.09
OUT_18240,957.48
OUT_18241,2165.69
OUT_18242,1073.26
OUT_18243,126.22
OUT_18244,128.56
OUT_18245,342.13
OUT_18246,298.75
OUT_18247,136.74
OUT_18248,310.66
OUT_18249,322.22
OUT_18250,89.15
OUT_18251,146.41
OUT_18252,149.66
OUT_18253,118.53
OUT_18254,995.83
OUT_18255,109.5
OUT_18256,145.14
OUT_18257,1024.58
OUT_18258,138.45
OUT_18259,116.1
OUT_18260,108.14
OUT_18261,109.08
OUT_18262,100.43
OUT_18263,997.46
OUT_18264,1018.73
OUT_18265,309.53
OUT_18266,102.12
OUT_18267,1043.87
OUT_18268,71.07
OUT_18269,102.63
OUT_18270,126.26
OUT_18271,113.82
OUT_18272,84.43
OUT_18273,127.8
OUT_18274,336.98
OUT_18275,1047.68
OUT_18276,117.6
OUT_18277,133.49
OUT_18278,114.86
OUT_18279,2151.85
OUT_18280,106.57
OUT_18281,324.81
OUT_18282,97.16
OUT_18283,130.47
OUT_18284,131.98
OUT_18285,303.51
OUT_18286,1018.22
OUT_18287,298.59
OUT_18288,117.17
OUT_18289,327.65
OUT_18290,1006.43
OUT_18291,957.36
OUT_18292,106.14
OUT_18293,1018.25
OUT_18294,94.8
OUT_18295,142.85
OUT_18296,1041.09
OUT_18297,358.85
OUT_18298,100.53
OUT_18299,300.21
OUT_18300,334.29
OUT_18301,116.59
OUT_18302,95.58
OUT_18303,116.25
OUT_18304,139.72
OUT_18305,1038.33
OUT_18306,321.56
OUT_18307,113.62
OUT_18308,301.87
OUT_18309,333.92
OUT_18310,310.4
OUT_18311,93.46
OUT_18312,168.21
OUT_18313,327.81
OUT_18314,1011.33
OUT_18315,59.85
OUT_18316,65.92
OUT_18317,294.06
OUT_18318,99.93
OUT_18319,315.61
OUT_18320,138.6
OUT_18321,1003.88
OUT_18322,331.97
OUT_18323,331.37
OUT_18324,309.82
OUT_18325,112.59
OUT_18326,106.34
OUT_18327,147.67
OUT_18328,105.82
OUT_18329,120.05
OUT_18330,992.43
OUT_18331,979.78
OUT_18332,113.21
OUT_18333,127.0
OUT_18334,969.74
OUT_18335,324.48
OUT_18336,126.02
OUT_18337,978.0
OUT_18338,2172.99
OUT_18339,333.71
OUT_18340,149.35
OUT_18341,342.06
OUT_18342,358.9
OUT_18343,320.85
OUT_18344,105.52
OUT_18345,135.85
OUT_18346,320.79
OUT_18347,129.33
OUT_18348,137.73
OUT_18349,118.01
OUT_18350,127.84
OUT_18351,108.78
OUT_18352,2165.65
OUT_18353,77.32
OUT_18354,363.68
OUT_18355,51.64
OUT_18356,110.43
OUT_18357,84.62
OUT_18358,995.53
OUT_18359,112.59
OUT_18360,94.8
OUT_18361,304.31
OUT_18362,319.94
OUT_18363,313.7
OUT_18364,85.69
OUT_18365,299.0
OUT_18366,303.31
OUT_18367,138.2
OUT_18368,996.39
OUT_18369,312.01
OUT_18370,125.73
OUT_18371,129.34
OUT_18372,126.39
OUT_18373,74.14
OUT_18374,114.55
OUT_18375,72.9
OUT_18376,116.5
OUT_18377,2143.6
OUT_18378,323.06
OUT_18379,122.35
OUT_18380,293.27
OUT_18381,104.09
OUT_18382,953.9
OUT_18383,1048.57
OUT_18384,117.7
OUT_18385,106.31
OUT_18386,119.01
OUT_18387,1040.16
OUT_18388,118.44
OUT_18389,93.23
OUT_18390,109.03
OUT_18391,315.83
OUT_18392,997.49
OUT_18393,163.29
OUT_18394,344.8
OUT_18395,165.65
OUT_18396,132.14
OUT_18397,108.59
OUT_18398,1037.46
OUT_18399,316.44
OUT_18400,95.79
OUT_18401,105.84
OUT_18402,95.81
OUT_18403,333.66
OUT_18404,162.71
OUT_18405,287.51
OUT_18406,147.39
OUT_18407,982.61
OUT_18408,2165.71
OUT_18409,330.85
OUT_18410,346.9
OUT_18411,333.83
OUT_18412,126.91
OUT_18413,1051.04
OUT_18414,366.56
OUT_18415,111.58
OUT_18416,356.44
OUT_18417,105.95
OUT_18418,111.61
OUT_18419,92.54
OUT_18420,326.04
OUT_18421,307.93
OUT_18422,318.4
OUT_18423,123.12
OUT_18424,113.43
OUT_18425,302.04
OUT_18426,139.08
OUT_18427,344.39
OUT_18428,105.53
OUT_18429,325.39
OUT_18430,86.71
OUT_18431,352.13
OUT_18432,120.51
OUT_18433,101.47
OUT_18434,128.86
OUT_18435,140.33
OUT_18436,129.25
OUT_18437,95.12
OUT_18438,102.59
OUT_18439,359.96
OUT_18440,984.41
OUT_18441,128.95
OUT_18442,113.64
OUT_18443,151.67
OUT_18444,293.06
OUT_18445,131.67
OUT_18446,317.75
OUT_18447,1027.71
OUT_18448,115.5
OUT_18449,317.75
OUT_18450,138.01
OUT_18451,105.45
OUT_18452,2182.27
OUT_18453,117.29
OUT_18454,1048.62
OUT_18455,139.8
OUT_18456,135.76
OUT_18457,114.33
OUT_18458,178.99
OUT_18459,320.89
OUT_18460,141.56
OUT_18461,316.15
OUT_18462,124.39
OUT_18463,139.62
OUT_18464,115.91
OUT_18465,89.21
OUT_18466,113.95
OUT_18467,111.29
OUT_18468,2133.36
OUT_18469,295.47
OUT_18470,108.59
OUT_18471,121.6
OUT_18472,116.69
OUT_18473,966.04
OUT_18474,125.79
OUT_18475,161.98
OUT_18476,310.99
OUT_18477,2156.12
OUT_18478,105.57
OUT_18479,2147.68
OUT_18480,100.36
OUT_18481,1016.59
OUT_18482,294.96
OUT_18483,130.78
OUT_18484,107.23
OUT_18485,344.64
OUT_18486,1009.17
OUT_18487,106.9
OUT_18488,174.99
OUT_18489,148.36
OUT_18490,82.74
OUT_18491,1057.07
OUT_18492,192.0
OUT_18493,108.31
OUT_18494,92.53
OUT_18495,140.34
OUT_18496,172.45
OUT_18497,367.93
OUT_18498,118.3
OUT_18499,119.45
OUT_18500,116.5
OUT_18501,2204.11
OUT_18502,1034.7
OUT_18503,94.39
OUT_18504,989.82
OUT_18505,302.69
OUT_18506,301.16
OUT_18507,989.09
OUT_18508,300.25
OUT_18509,93.65
OUT_18510,142.9
OUT_18511,2159.9
OUT_18512,121.09
OUT_18513,110.15
OUT_18514,115.21
OUT_18515,162.15
OUT_18516,123.51
OUT_18517,122.07
OUT_18518,308.28
OUT_18519,75.82
OUT_18520,161.77
OUT_18521,328.68
OUT_18522,1007.03
OUT_18523,1049.44
OUT_18524,315.66
OUT_18525,96.03
OUT_18526,167.96
OUT_18527,378.96
OUT_18528,132.3
OUT_18529,129.99
OUT_18530,114.16
OUT_18531,310.56
OUT_18532,1000.22
OUT_18533,89.22
OUT_18534,124.59
OUT_18535,172.45
OUT_18536,101.97
OUT_18537,953.06
OUT_18538,371.57
OUT_18539,323.27
OUT_18540,114.8
OUT_18541,333.27
OUT_18542,963.52
OUT_18543,98.73
OUT_18544,125.39
OUT_18545,982.08
OUT_18546,319.22
OUT_18547,322.01
OUT_18548,341.64
OUT_18549,303.86
OUT_18550,123.64
OUT_18551,103.93
OUT_18552,115.44
OUT_18553,185.28
OUT_18554,324.97
OUT_18555,302.66
OUT_18556,1030.46
OUT_18557,129.89
OUT_18558,88.89
OUT_18559,317.09
OUT_18560,153.86
OUT_18561,108.36
OUT_18562,352.46
OUT_18563,121.52
OUT_18564,104.62
OUT_18565,91.87
OUT_18566,136.21
OUT_18567,297.86
OUT_18568,103.16
OUT_18569,322.12
OUT_18570,118.99
OUT_18571,78.65
OUT_18572,926.82
OUT_18573,354.28
OUT_18574,144.57
OUT_18575,322.12
OUT_18576,327.62
OUT_18577,312.99
OUT_18578,300.81
OUT_18579,330.69
OUT_18580,112.7
OUT_18581,301.57
OUT_18582,347.52
OUT_18583,134.48
OUT_18584,286.05
OUT_18585,124.11
OUT_18586,70.21
OUT_18587,328.52
OUT_18588,79.62
OUT_18589,1005.02
OUT_18590,95.57
OUT_18591,114.58
OUT_18592,116.62
OUT_18593,344.9
OUT_18594,86.06
OUT_18595,120.65
OUT_18596,122.57
OUT_18597,336.65
OUT_18598,101.99
OUT_18599,104.69
OUT_18600,126.51
OUT_18601,138.72
OUT_18602,331.26
OUT_18603,160.08
OUT_18604,992.51
OUT_18605,145.93
OUT_18606,103.47
OUT_18607,999.69
OUT_18608,314.37
OUT_18609,128.03
OUT_18610,110.24
OUT_18611,336.81
OUT_18612,127.97
OUT_18613,143.88
OUT_18614,937.45
OUT_18615,126.6
OUT_18616,115.05
OUT_18617,320.28
OUT_18618,112.22
OUT_18619,288.81
OUT_18620,118.59
OUT_18621,147.24
OUT_18622,314.41
OUT_18623,1009.12
OUT_18624,86.75
OUT_18625,139.46
OUT_18626,319.03
OUT_18627,324.88
OUT_18628,292.15
OUT_18629,122.87
OUT_18630,1002.4
OUT_18631,995.27
OUT_18632,294.72
OUT_18633,139.42
OUT_18634,119.25
OUT_18635,312.52
OUT_18636,309.71
OUT_18637,1023.05
OUT_18638,147.04
OUT_18639,104.6
OUT_18640,94.0
OUT_18641,325.9
OUT_18642,155.86
OUT_18643,108.13
OUT_18644,132.55
OUT_18645,103.3
OUT_18646,319.1
OUT_18647,358.82
OUT_18648,984.08
OUT_18649,322.16
OUT_18650,136.65
OUT_18651,136.18
OUT_18652,330.33
OUT_18653,57.52
OUT_18654,140.87
OUT_18655,144.44
OUT_18656,129.56
OUT_18657,146.72
OUT_18658,230.47
OUT_18659,1048.54
OUT_18660,1001.99
OUT_18661,136.18
OUT_18662,319.07
OUT_18663,282.92
OUT_18664,118.69
OUT_18665,141.86
OUT_18666,131.3
OUT_18667,950.76
OUT_18668,284.11
OUT_18669,312.33
OUT_18670,298.37
OUT_18671,2208.78
OUT_18672,123.96
OUT_18673,81.86
OUT_18674,986.96
OUT_18675,1027.29
OUT_18676,303.84
OUT_18677,90.55
OUT_18678,299.84
OUT_18679,312.17
OUT_18680,333.21
OUT_18681,97.75
OUT_18682,2155.42
OUT_18683,121.65
OUT_18684,1027.83
OUT_18685,115.79
OUT_18686,158.05
OUT_18687,147.05
OUT_18688,337.86
OUT_18689,1012.89
OUT_18690,114.35
OUT_18691,128.38
OUT_18692,130.88
OUT_18693,297.28
OUT_18694,93.47
OUT_18695,103.4
OUT_18696,345.8
OUT_18697,100.87
OUT_18698,111.5
OUT_18699,92.39
OUT_18700,336.56
OUT_18701,996.77
OUT_18702,311.56
OUT_18703,332.72
OUT_18704,96.78
OUT_18705,101.74
OUT_18706,122.05
OUT_18707,1017.1
OUT_18708,112.2
OUT_18709,121.94
OUT_18710,112.6
OUT_18711,114.22
OUT_18712,315.76
OUT_18713,116.47
OUT_18714,1006.06
OUT_18715,1024.9
OUT_18716,116.43
OUT_18717,155.21
OUT_18718,139.13
OUT_18719,322.42
OUT_18720,164.73
OUT_18721,102.41
OUT_18722,123.77
OUT_18723,173.9
OUT_18724,97.75
OUT_18725,87.48
OUT_18726,98.44
OUT_18727,337.44
OUT_18728,322.73
OUT_18729,348.79
OUT_18730,132.12
OUT_18731,100.14
OUT_18732,1052.34
OUT_18733,108.07
OUT_18734,135.01
OUT_18735,320.02
OUT_18736,336.45
OUT_18737,2133.72
OUT_18738,2153.02
OUT_18739,328.36
OUT_18740,993.4
OUT_18741,313.53
OUT_18742,85.89
OUT_18743,100.51
OUT_18744,95.44
OUT_18745,966.08
OUT_18746,91.56
OUT_18747,116.86
OUT_18748,311.98
OUT_18749,175.58
OUT_18750,101.57
OUT_18751,960.46
OUT_18752,99.15
OUT_18753,124.46
OUT_18754,1013.8
OUT_18755,323.15
OUT_18756,107.78
OUT_18757,103.97
OUT_18758,121.99
OUT_18759,116.96
OUT_18760,112.34
OUT_18761,1054.55
OUT_18762,319.89
OUT_18763,116.18
OUT_18764,143.01
OUT_18765,102.47
OUT_18766,336.54
OUT_18767,1038.09
OUT_18768,1020.41
OUT_18769,110.55
OUT_18770,90.28
OUT_18771,175.8
OUT_18772,991.52
OUT_18773,138.43
OUT_18774,343.15
OUT_18775,325.52
OUT_18776,116.38
OUT_18777,348.42
OUT_18778,115.61
OUT_18779,316.55
OUT_18780,131.48
OUT_18781,349.04
OUT_18782,290.0
OUT_18783,120.23
OUT_18784,161.31
OUT_18785,146.31
OUT_18786,80.19
OUT_18787,98.26
OUT_18788,2152.89
OUT_18789,302.16
OUT_18790,355.78
OUT_18791,993.57
OUT_18792,144.71
OUT_18793,2165.68
OUT_18794,137.5
OUT_18795,333.68
OUT_18796,2147.06
OUT_18797,132.51
OUT_18798,137.85
OUT_18799,325.82
OUT_18800,311.18
OUT_18801,314.26
OUT_18802,2214.76
OUT_18803,122.01
OUT_18804,86.74
OUT_18805,2161.01
OUT_18806,117.26
OUT_18807,99.26
OUT_18808,87.11
OUT_18809,114.04
OUT_18810,126.97
OUT_18811,143.05
OUT_18812,122.34
OUT_18813,71.07
OUT_18814,324.58
OUT_18815,977.8
OUT_18816,121.64
OUT_18817,97.99
OUT_18818,104.92
OUT_18819,1035.63
OUT_18820,133.75
OUT_18821,308.18
OUT_18822,116.53
OUT_18823,356.75
OUT_18824,152.91
OUT_18825,1022.1
OUT_18826,340.52
OUT_18827,2139.14
OUT_18828,82.92
OUT_18829,298.96
OUT_18830,135.18
OUT_18831,187.32
OUT_18832,345.28
OUT_18833,322.84
OUT_18834,95.87
OUT_18835,1013.33
OUT_18836,119.39
OUT_18837,96.01
OUT_18838,1039.43
OUT_18839,125.88
OUT_18840,331.48
OUT_18841,116.16
OUT_18842,105.55
OUT_18843,313.27
OUT_18844,2133.2
OUT_18845,106.09
OUT_18846,96.1
OUT_18847,108.27
OUT_18848,330.09
OUT_18849,142.37
OUT_18850,2197.03
OUT_18851,180.68
OUT_18852,1032.6
OUT_18853,333.44
OUT_18854,119.91
OUT_18855,983.67
OUT_18856,117.61
OUT_18857,87.02
OUT_18858,1044.02
OUT_18859,144.37
OUT_18860,299.52
OUT_18861,117.37
OUT_18862,303.53
OUT_18863,1004.1
OUT_18864,298.35
OUT_18865,123.13
OUT_18866,920.89
OUT_18867,318.5
OUT_18868,120.45
OUT_18869,109.08
OUT_18870,291.9
OUT_18871,119.99
OUT_18872,300.43
OUT_18873,314.18
OUT_18874,1005.68
OUT_18875,131.18
OUT_18876,340.91
OUT_18877,2186.71
OUT_18878,96.07
OUT_18879,129.0
OUT_18880,135.24
OUT_18881,97.25
OUT_18882,302.77
OUT_18883,311.06
OUT_18884,396.87
OUT_18885,991.79
OUT_18886,113.57
OUT_18887,134.7
OUT_18888,306.62
OUT_18889,113.5
OUT_18890,342.7
OUT_18891,99.79
OUT_18892,366.4
OUT_18893,133.94
OUT_18894,289.84
OUT_18895,154.22
OUT_18896,1041.87
OUT_18897,305.38
OUT_18898,147.22
OUT_18899,104.28
OUT_18900,293.64
OUT_18901,154.67
OUT_18902,296.59
OUT_18903,1004.58
OUT_18904,336.64
OUT_18905,306.56
OUT_18906,91.41
OUT_18907,130.84
OUT_18908,139.03
OUT_18909,978.23
OUT_18910,286.85
OUT_18911,1017.89
OUT_18912,987.08
OUT_18913,997.33
OUT_18914,335.92
OUT_18915,315.01
OUT_18916,112.56
OUT_18917,168.78
OUT_18918,134.61
OUT_18919,993.59
OUT_18920,122.18
OUT_18921,361.12
OUT_18922,303.59
OUT_18923,77.72
OUT_18924,317.93
OUT_18925,299.64
OUT_18926,148.67
OUT_18927,152.11
OUT_18928,119.79
OUT_18929,300.48
OUT_18930,1031.53
OUT_18931,110.03
OUT_18932,149.84
OUT_18933,311.07
OUT_18934,2121.22
OUT_18935,92.27
OUT_18936,113.65
OUT_18937,74.05
OUT_18938,307.33
OUT_18939,987.15
OUT_18940,106.66
OUT_18941,1028.87
OUT_18942,376.66
OUT_18943,131.71
OUT_18944,328.16
OUT_18945,332.89
OUT_18946,103.46
OUT_18947,166.43
OUT_18948,334.93
OUT_18949,169.82
OUT_18950,985.54
OUT_18951,325.96
OUT_18952,318.93
OUT_18953,142.58
OUT_18954,119.07
OUT_18955,162.5
OUT_18956,996.06
OUT_18957,150.89
OUT_18958,1051.0
OUT_18959,118.44
OUT_18960,191.63
OUT_18961,144.84
OUT_18962,318.88
OUT_18963,116.5
OUT_18964,122.96
OUT_18965,307.62
OUT_18966,293.06
OUT_18967,125.76
OUT_18968,318.55
OUT_18969,109.42
OUT_18970,349.45
OUT_18971,104.54
OUT_18972,294.89
OUT_18973,303.94
OUT_18974,163.81
OUT_18975,342.73
OUT_18976,147.94
OUT_18977,121.7
OUT_18978,113.5
OUT_18979,335.01
OUT_18980,121.66
OUT_18981,113.22
OUT_18982,1033.05
OUT_18983,989.9
OUT_18984,119.27
OUT_18985,2142.0
OUT_18986,1013.15
OUT_18987,127.49
OUT_18988,289.94
OUT_18989,105.39
OUT_18990,103.08
OUT_18991,96.95
OUT_18992,1033.21
OUT_18993,124.19
OUT_18994,359.4
OUT_18995,2190.44
OUT_18996,303.1
OUT_18997,135.27
OUT_18998,986.71
OUT_18999,86.19
OUT_19000,144.92
OUT_19001,110.38
OUT_19002,328.14
OUT_19003,103.73
OUT_19004,1054.41
OUT_19005,108.31
OUT_19006,309.74
OUT_19007,123.88
OUT_19008,91.42
OUT_19009,133.94
OUT_19010,80.28
OUT_19011,96.91
OUT_19012,2164.81
OUT_19013,342.7
OUT_19014,94.87
OUT_19015,169.3
OUT_19016,96.05
OUT_19017,106.52
OUT_19018,1048.65
OUT_19019,104.2
OUT_19020,102.19
OUT_19021,95.5
OUT_19022,167.26
OUT_19023,333.94
OUT_19024,2180.37
OUT_19025,1032.64
OUT_19026,328.43
OUT_19027,287.5
OUT_19028,1029.41
OUT_19029,312.94
OUT_19030,2161.53
OUT_19031,131.09
OUT_19032,133.41
OUT_19033,332.04
OUT_19034,302.18
OUT_19035,126.14
OUT_19036,110.15
OUT_19037,108.23
OUT_19038,1064.72
OUT_19039,2207.37
OUT_19040,2196.57
OUT_19041,302.86
OUT_19042,349.21
OUT_19043,977.02
OUT_19044,323.04
OUT_19045,989.4
OUT_19046,337.06
OUT_19047,129.35
OUT_19048,122.89
OUT_19049,1001.12
OUT_19050,296.19
OUT_19051,1018.98
OUT_19052,315.16
OUT_19053,120.95
OUT_19054,310.99
OUT_19055,114.94
OUT_19056,127.31
OUT_19057,128.19
OUT_19058,361.59
OUT_19059,117.32
OUT_19060,313.68
OUT_19061,296.09
OUT_19062,326.21
OUT_19063,355.35
OUT_19064,386.57
OUT_19065,111.36
OUT_19066,118.52
OUT_19067,167.28
OUT_19068,2160.52
OUT_19069,286.0
OUT_19070,135.24
OUT_19071,130.5
OUT_19072,345.43
OUT_19073,324.5
OUT_19074,134.57
OUT_19075,1022.35
OUT_19076,301.55
OUT_19077,145.83
OUT_19078,138.34
OUT_19079,135.96
OUT_19080,111.25
OUT_19081,141.93
OUT_19082,110.62
OUT_19083,106.1
OUT_19084,119.38
OUT_19085,301.06
OUT_19086,89.77
OUT_19087,108.87
OUT_19088,97.08
OUT_19089,318.43
OUT_19090,340.87
OUT_19091,2186.53
OUT_19092,956.88
OUT_19093,148.75
OUT_19094,987.23
OUT_19095,144.16
OUT_19096,88.08
OUT_19097,119.88
OUT_19098,104.1
OUT_19099,113.33
OUT_19100,323.37
OUT_19101,124.58
OUT_19102,128.29
OUT_19103,287.58
OUT_19104,308.01
OUT_19105,309.63
OUT_19106,116.82
OUT_19107,126.55
OUT_19108,109.4
OUT_19109,116.62
OUT_19110,295.09
OUT_19111,119.93
OUT_19112,126.44
OUT_19113,132.15
OUT_19114,327.29
OUT_19115,1005.85
OUT_19116,328.75
OUT_19117,133.7
OUT_19118,85.35
OUT_19119,335.08
OUT_19120,359.13
OUT_19121,2197.04
OUT_19122,317.8
OUT_19123,151.63
OUT_19124,99.52
OUT_19125,992.68
OUT_19126,2136.05
OUT_19127,132.47
OUT_19128,122.13
OUT_19129,314.53
OUT_19130,286.95
OUT_19131,289.62
OUT_19132,340.42
OUT_19133,1012.81
OUT_19134,310.44
OUT_19135,338.97
OUT_19136,116.71
OUT_19137,324.94
OUT_19138,104.21
OUT_19139,349.37
OUT_19140,138.28
OUT_19141,112.77
OUT_19142,1006.79
OUT_19143,111.79
OUT_19144,135.13
OUT_19145,203.12
OUT_19146,304.98
OUT_19147,119.66
OUT_19148,116.18
OUT_19149,90.54
OUT_19150,102.81
OUT_19151,2192.58
OUT_19152,316.12
OUT_19153,299.67
OUT_19154,986.64
OUT_19155,134.73
OUT_19156,123.1
OUT_19157,110.7
OUT_19158,117.68
OUT_19159,1017.14
OUT_19160,316.8
OUT_19161,335.66
OUT_19162,74.43
OUT_19163,347.23
OUT_19164,293.79
OUT_19165,115.43
OUT_19166,163.67
OUT_19167,312.31
OUT_19168,103.51
OUT_19169,322.85
OUT_19170,100.69
OUT_19171,126.51
OUT_19172,130.71
OUT_19173,133.43
OUT_19174,147.31
OUT_19175,154.26
OUT_19176,327.13
OUT_19177,1001.82
OUT_19178,139.0
OUT_19179,133.3
OUT_19180,101.38
OUT_19181,101.39
OUT_19182,295.0
OUT_19183,129.84
OUT_19184,74.09
OUT_19185,341.74
OUT_19186,1024.63
OUT_19187,2159.39
OUT_19188,103.31
OUT_19189,126.72
OUT_19190,306.86
OUT_19191,73.59
OUT_19192,155.23
OUT_19193,138.67
OUT_19194,328.01
OUT_19195,306.13
OUT_19196,305.66
OUT_19197,121.45
OUT_19198,125.23
OUT_19199,102.17
OUT_19200,106.3
OUT_19201,2186.93
OUT_19202,127.41
OUT_19203,67.27
OUT_19204,1045.28
OUT_19205,121.52
OUT_19206,310.61
OUT_19207,294.23
OUT_19208,300.25
OUT_19209,289.03
OUT_19210,298.41
OUT_19211,981.91
OUT_19212,101.92
OUT_19213,114.95
OUT_19214,990.38
OUT_19215,128.98
OUT_19216,295.46
OUT_19217,311.82
OUT_19218,109.78
OUT_19219,139.21
OUT_19220,100.37
OUT_19221,113.11
OUT_19222,154.83
OUT_19223,100.79
OUT_19224,110.86
OUT_19225,347.23
OUT_19226,149.34
OUT_19227,330.82
OUT_19228,113.53
OUT_19229,313.1
OUT_19230,1000.57
OUT_19231,134.5
OUT_19232,324.15
OUT_19233,288.69
OUT_19234,160.28
OUT_19235,1038.42
OUT_19236,296.32
OUT_19237,92.32
OUT_19238,102.2
OUT_19239,129.76
OUT_19240,337.9
OUT_19241,148.83
OUT_19242,111.13
OUT_19243,299.82
OUT_19244,349.57
OUT_19245,126.81
OUT_19246,298.73
OUT_19247,130.2
OUT_19248,314.73
OUT_19249,319.64
OUT_19250,139.58
OUT_19251,133.24
OUT_19252,980.28
OUT_19253,310.86
OUT_19254,63.36
OUT_19255,312.27
OUT_19256,104.29
OUT_19257,295.01
OUT_19258,2159.53
OUT_19259,75.39
OUT_19260,111.34
OUT_19261,300.28
OUT_19262,119.73
OUT_19263,329.42
OUT_19264,72.67
OUT_19265,309.77
OUT_19266,295.2
OUT_19267,102.36
OUT_19268,305.62
OUT_19269,105.56
OUT_19270,128.29
OUT_19271,340.62
OUT_19272,104.62
OUT_19273,1045.78
OUT_19274,127.93
OUT_19275,2173.24
OUT_19276,136.54
OUT_19277,122.75
OUT_19278,991.8
OUT_19279,138.94
OUT_19280,127.35
OUT_19281,106.87
OUT_19282,986.31
OUT_19283,327.75
OUT_19284,998.29
OUT_19285,337.3
OUT_19286,88.13
OUT_19287,154.27
OUT_19288,103.26
OUT_19289,312.84
OUT_19290,119.38
OUT_19291,1061.02
OUT_19292,121.55
OUT_19293,116.97
OUT_19294,338.22
OUT_19295,342.27
OUT_19296,312.18
OUT_19297,95.16
OUT_19298,1013.66
OUT_19299,119.95
OUT_19300,1044.65
OUT_19301,109.45
OUT_19302,119.81
OUT_19303,2185.1
OUT_19304,120.77
OUT_19305,101.55
OUT_19306,120.34
OUT_19307,2182.11
OUT_19308,951.06
OUT_19309,99.37
OUT_19310,2155.76
OUT_19311,2166.33
OUT_19312,2170.56
OUT_19313,161.2
OUT_19314,117.58
OUT_19315,93.14
OUT_19316,338.82
OUT_19317,113.62
OUT_19318,992.61
OUT_19319,309.3
OUT_19320,1025.61
OUT_19321,154.97
OUT_19322,87.09
OUT_19323,995.37
OUT_19324,325.94
OUT_19325,989.82
OUT_19326,119.48
OUT_19327,136.37
OUT_19328,96.16
OUT_19329,127.1
OUT_19330,132.78
OUT_19331,311.79
OUT_19332,1026.8
OUT_19333,975.54
OUT_19334,128.27
OUT_19335,132.57
OUT_19336,112.51
OUT_19337,74.1
OUT_19338,119.32
OUT_19339,961.89
OUT_19340,105.12
OUT_19341,970.67
OUT_19342,1023.29
OUT_19343,120.6
OUT_19344,1066.75
OUT_19345,369.38
OUT_19346,113.36
OUT_19347,180.3
OUT_19348,2199.21
OUT_19349,295.97
OUT_19350,1017.12
OUT_19351,84.6
OUT_19352,109.03
OUT_19353,315.51
OUT_19354,129.39
OUT_19355,1011.59
OUT_19356,976.98
OUT_19357,1008.61
OUT_19358,328.64
OUT_19359,116.99
OUT_19360,1023.55
OUT_19361,100.1
OUT_19362,324.4
OUT_19363,298.19
OUT_19364,107.19
OUT_19365,2167.31
OUT_19366,2120.44
OUT_19367,310.51
OUT_19368,1003.26
OUT_19369,102.35
OUT_19370,131.82
OUT_19371,111.72
OUT_19372,321.93
OUT_19373,99.75
OUT_19374,130.99
OUT_19375,126.94
OUT_19376,125.01
OUT_19377,106.04
OUT_19378,111.97
OUT_19379,130.06
OUT_19380,114.29
OUT_19381,293.23
OUT_19382,1001.84
OUT_19383,296.63
OUT_19384,169.38
OUT_19385,121.81
OUT_19386,101.07
OUT_19387,104.12
OUT_19388,315.51
OUT_19389,124.65
OUT_19390,127.47
OUT_19391,104.52
OUT_19392,103.73
OUT_19393,351.49
OUT_19394,337.75
OUT_19395,147.76
OUT_19396,124.89
OUT_19397,1024.63
OUT_19398,128.68
OUT_19399,156.79
OUT_19400,113.46
OUT_19401,1001.9
OUT_19402,142.4
OUT_19403,311.78
OUT_19404,117.85
OUT_19405,972.32
OUT_19406,150.43
OUT_19407,1027.93
OUT_19408,86.37
OUT_19409,329.72
OUT_19410,122.97
OUT_19411,116.09
OUT_19412,129.24
OUT_19413,143.28
OUT_19414,133.85
OUT_19415,284.83
OUT_19416,991.29
OUT_19417,995.52
OUT_19418,332.48
OUT_19419,147.98
OUT_19420,301.12
OUT_19421,169.88
OUT_19422,94.67
OUT_19423,298.77
OUT_19424,135.19
OUT_19425,305.55
OUT_19426,105.74
OUT_19427,104.55
OUT_19428,132.52
OUT_19429,85.12
OUT_19430,172.29
OUT_19431,327.17
OUT_19432,124.66
OUT_19433,134.89
OUT_19434,2181.64
OUT_19435,161.85
OUT_19436,305.79
OUT_19437,356.35
OUT_19438,92.13
OUT_19439,88.61
OUT_19440,341.89
OUT_19441,141.98
OUT_19442,73.42
OUT_19443,303.61
OUT_19444,129.07
OUT_19445,315.81
OUT_19446,118.94
OUT_19447,155.96
OUT_19448,137.26
OUT_19449,1011.96
OUT_19450,108.08
OUT_19451,346.46
OUT_19452,316.82
OUT_19453,120.13
OUT_19454,94.43
OUT_19455,143.21
OUT_19456,106.08
OUT_19457,120.54
OUT_19458,315.52
OUT_19459,371.47
OUT_19460,323.37
OUT_19461,97.28
OUT_19462,1033.34
OUT_19463,1053.11
OUT_19464,190.67
OUT_19465,115.54
OUT_19466,121.47
OUT_19467,326.26
OUT_19468,141.2
OUT_19469,141.06
OUT_19470,118.63
OUT_19471,324.38
OUT_19472,293.76
OUT_19473,1058.39
OUT_19474,99.7
OUT_19475,102.14
OUT_19476,315.88
OUT_19477,151.17
OUT_19478,361.95
OUT_19479,93.18
OUT_19480,123.71
OUT_19481,314.23
OUT_19482,332.14
OUT_19483,127.66
OUT_19484,122.21
OUT_19485,127.69
OUT_19486,87.89
OUT_19487,292.95
OUT_19488,83.08
OUT_19489,148.04
OUT_19490,115.16
OUT_19491,144.63
OUT_19492,288.9
OUT_19493,1016.67
OUT_19494,101.94
OUT_19495,983.67
OUT_19496,107.71
OUT_19497,117.44
OUT_19498,126.63
OUT_19499,174.05
OUT_19500,152.98
OUT_19501,126.23
OUT_19502,993.67
OUT_19503,126.33
OUT_19504,116.81
OUT_19505,114.23
OUT_19506,311.49
OUT_19507,93.09
OUT_19508,134.84
OUT_19509,344.66
OUT_19510,96.29
OUT_19511,324.79
OUT_19512,349.39
OUT_19513,320.49
OUT_19514,999.63
OUT_19515,114.32
OUT_19516,149.72
OUT_19517,88.99
OUT_19518,134.22
OUT_19519,986.5
OUT_19520,104.25
OUT_19521,1028.41
OUT_19522,100.68
OUT_19523,116.01
OUT_19524,126.7
OUT_19525,111.31
OUT_19526,146.02
OUT_19527,135.25
OUT_19528,98.81
OUT_19529,101.34
OUT_19530,112.1
OUT_19531,307.72
OUT_19532,101.41
OUT_19533,85.5
OUT_19534,99.08
OUT_19535,995.51
OUT_19536,177.99
OUT_19537,971.6
OUT_19538,330.82
OUT_19539,339.28
OUT_19540,320.31
OUT_19541,287.53
OUT_19542,105.52
OUT_19543,125.73
OUT_19544,972.08
OUT_19545,140.8
OUT_19546,317.53
OUT_19547,299.77
OUT_19548,2197.6
OUT_19549,314.2
OUT_19550,319.28
OUT_19551,365.49
OUT_19552,1008.5
OUT_19553,166.15
OUT_19554,1009.28
OUT_19555,130.95
OUT_19556,1054.18
OUT_19557,95.44
OUT_19558,113.12
OUT_19559,128.63
OUT_19560,1008.08
OUT_19561,308.54
OUT_19562,321.06
OUT_19563,120.13
OUT_19564,146.77
OUT_19565,346.49
OUT_19566,111.24
OUT_19567,153.02
OUT_19568,340.55
OUT_19569,119.25
OUT_19570,988.98
OUT_19571,339.1
OUT_19572,301.1
OUT_19573,97.48
OUT_19574,2201.82
OUT_19575,112.23
OUT_19576,363.12
OUT_19577,294.58
OUT_19578,108.23
OUT_19579,103.33
OUT_19580,74.34
OUT_19581,116.84
OUT_19582,107.66
OUT_19583,288.37
OUT_19584,309.67
OUT_19585,300.53
OUT_19586,99.97
OUT_19587,975.45
OUT_19588,2198.76
OUT_19589,319.05
OUT_19590,277.49
OUT_19591,108.78
OUT_19592,293.15
OUT_19593,294.41
OUT_19594,288.41
OUT_19595,2161.02
OUT_19596,114.98
OUT_19597,335.06
OUT_19598,92.79
OUT_19599,999.74
OUT_19600,340.66
OUT_19601,126.53
OUT_19602,984.98
OUT_19603,128.51
OUT_19604,131.93
OUT_19605,982.28
OUT_19606,122.79
OUT_19607,102.31
OUT_19608,126.83
OUT_19609,140.69
OUT_19610,136.62
OUT_19611,289.49
OUT_19612,140.48
OUT_19613,998.36
OUT_19614,1035.12
OUT_19615,919.16
OUT_19616,178.07
OUT_19617,311.47
OUT_19618,95.5
OUT_19619,97.49
OUT_19620,118.74
OUT_19621,133.14
OUT_19622,86.85
OUT_19623,320.73
OUT_19624,150.52
OUT_19625,970.12
OUT_19626,115.13
OUT_19627,322.71
OUT_19628,1061.37
OUT_19629,337.66
OUT_19630,136.6
OUT_19631,119.73
OUT_19632,318.36
OUT_19633,308.58
OUT_19634,2116.33
OUT_19635,141.64
OUT_19636,963.17
OUT_19637,2208.1
OUT_19638,108.08
OUT_19639,163.64
OUT_19640,104.08
OUT_19641,1027.36
OUT_19642,302.35
OUT_19643,319.56
OUT_19644,973.78
OUT_19645,108.44
OUT_19646,2138.82
OUT_19647,123.66
OUT_19648,2163.83
OUT_19649,115.08
OUT_19650,114.52
OUT_19651,121.77
OUT_19652,1018.76
OUT_19653,362.77
OUT_19654,313.74
OUT_19655,116.82
OUT_19656,298.5
OUT_19657,311.64
OUT_19658,164.94
OUT_19659,135.58
OUT_19660,938.85
OUT_19661,1069.03
OUT_19662,109.13
OUT_19663,126.47
OUT_19664,103.83
OUT_19665,303.87
OUT_19666,1016.46
OUT_19667,119.25
OUT_19668,321.56
OUT_19669,322.73
OUT_19670,324.64
OUT_19671,346.24
OUT_19672,1023.17
OUT_19673,137.84
OUT_19674,371.02
OUT_19675,316.04
OUT_19676,326.18
OUT_19677,312.46
OUT_19678,327.81
OUT_19679,125.39
OUT_19680,297.86
OUT_19681,342.81
OUT_19682,108.86
OUT_19683,109.58
OUT_19684,295.6
OUT_19685,116.43
OUT_19686,101.06
OUT_19687,312.89
OUT_19688,90.88
OUT_19689,130.12
OUT_19690,162.71
OUT_19691,998.6
OUT_19692,129.72
OUT_19693,142.63
OUT_19694,112.24
OUT_19695,331.86
OUT_19696,997.54
OUT_19697,324.8
OUT_19698,129.48
OUT_19699,104.02
OUT_19700,145.57
OUT_19701,125.22
OUT_19702,104.52
OUT_19703,1000.77
OUT_19704,347.66
OUT_19705,139.0
OUT_19706,99.82
OUT_19707,127.23
OUT_19708,301.88
OUT_19709,1023.99
OUT_19710,119.41
OUT_19711,115.7
OUT_19712,106.33
OUT_19713,118.29
OUT_19714,141.43
OUT_19715,372.73
OUT_19716,296.52
OUT_19717,137.43
OUT_19718,125.22
OUT_19719,136.54
OUT_19720,114.39
OUT_19721,126.15
OUT_19722,94.66
OUT_19723,126.08
OUT_19724,65.45
OUT_19725,325.32
OUT_19726,171.3
OUT_19727,102.09
OUT_19728,1013.53
OUT_19729,1011.74
OUT_19730,1033.37
OUT_19731,106.11
OUT_19732,107.35
OUT_19733,103.64
OUT_19734,305.11
OUT_19735,103.43
OUT_19736,122.28
OUT_19737,108.9
OUT_19738,309.47
OUT_19739,109.14
OUT_19740,124.9
OUT_19741,98.07
OUT_19742,305.16
OUT_19743,1008.25
OUT_19744,1031.67
OUT_19745,302.9
OUT_19746,73.27
OUT_19747,110.71
OUT_19748,124.47
OUT_19749,111.02
OUT_19750,342.08
OUT_19751,147.29
OUT_19752,121.14
OUT_19753,315.71
OUT_19754,140.81
OUT_19755,967.6
OUT_19756,354.02
OUT_19757,1025.0
OUT_19758,313.72
OUT_19759,145.58
OUT_19760,59.9
OUT_19761,334.74
OUT_19762,83.56
OUT_19763,104.28
OUT_19764,84.01
OUT_19765,129.82
OUT_19766,95.6
OUT_19767,113.46
OUT_19768,121.2
OUT_19769,2166.06
OUT_19770,109.16
OUT_19771,134.77
OUT_19772,1044.52
OUT_19773,111.49
OUT_19774,1031.01
OUT_19775,102.0
OUT_19776,305.56
OUT_19777,326.87
OUT_19778,109.0
OUT_19779,130.06
OUT_19780,326.61
OUT_19781,129.36
OUT_19782,153.99
OUT_19783,72.42
OUT_19784,94.36
OUT_19785,314.42
OUT_19786,329.21
OUT_19787,323.03
OUT_19788,1000.96
OUT_19789,149.43
OUT_19790,110.94
OUT_19791,167.33
OUT_19792,132.62
OUT_19793,126.74
OUT_19794,318.71
OUT_19795,134.74
OUT_19796,91.01
OUT_19797,162.35
OUT_19798,107.58
OUT_19799,140.28
OUT_19800,340.4
OUT_19801,351.65
OUT_19802,2167.47
OUT_19803,1047.61
OUT_19804,306.17
OUT_19805,966.72
OUT_19806,1008.38
OUT_19807,110.77
OUT_19808,962.66
OUT_19809,329.14
OUT_19810,326.22
OUT_19811,119.47
OUT_19812,137.02
OUT_19813,105.15
OUT_19814,94.19
OUT_19815,125.83
OUT_19816,104.85
OUT_19817,1074.59
OUT_19818,96.98
OUT_19819,114.2
OUT_19820,107.98
OUT_19821,320.77
OUT_19822,121.02
OUT_19823,288.22
OUT_19824,97.94
OUT_19825,141.44
OUT_19826,362.67
OUT_19827,2170.31
OUT_19828,1036.54
OUT_19829,136.14
OUT_19830,336.09
OUT_19831,295.78
OUT_19832,116.84
OUT_19833,284.4
OUT_19834,320.49
OUT_19835,112.8
OUT_19836,87.8
OUT_19837,1077.25
OUT_19838,85.76
OUT_19839,100.45
OUT_19840,124.35
OUT_19841,132.75
OUT_19842,310.17
OUT_19843,292.33
OUT_19844,133.05
OUT_19845,64.74
OUT_19846,129.22
OUT_19847,159.84
OUT_19848,166.17
OUT_19849,97.91
OUT_19850,2208.52
OUT_19851,112.68
OUT_19852,2138.62
OUT_19853,310.7
OUT_19854,108.88
OUT_19855,153.16
OUT_19856,1007.75
OUT_19857,112.6
OUT_19858,101.84
OUT_19859,1021.64
OUT_19860,126.76
OUT_19861,86.7
OUT_19862,105.98
OUT_19863,308.5
OUT_19864,135.02
OUT_19865,2135.1
OUT_19866,108.83
OUT_19867,310.04
OUT_19868,118.27
OUT_19869,140.91
OUT_19870,104.98
OUT_19871,337.42
OUT_19872,111.47
OUT_19873,126.46
OUT_19874,327.06
OUT_19875,315.15
OUT_19876,324.47
OUT_19877,305.49
OUT_19878,320.26
OUT_19879,74.39
OUT_19880,111.88
OUT_19881,104.32
OUT_19882,98.13
OUT_19883,125.99
OUT_19884,137.59
OUT_19885,328.22
OUT_19886,81.07
OUT_19887,311.19
OUT_19888,135.1
OUT_19889,121.08
OUT_19890,98.15
OUT_19891,121.56
OUT_19892,343.59
OUT_19893,299.68
OUT_19894,1047.3
OUT_19895,105.42
OUT_19896,997.85
OUT_19897,136.94
OUT_19898,990.09
OUT_19899,315.04
OUT_19900,118.6
OUT_19901,116.13
OUT_19902,147.73
OUT_19903,139.25
OUT_19904,125.73
OUT_19905,127.14
OUT_19906,183.95
OUT_19907,321.15
OUT_19908,85.11
OUT_19909,101.84
OUT_19910,72.15
OUT_19911,108.12
OUT_19912,1001.93
OUT_19913,120.79
OUT_19914,81.92
OUT_19915,122.67
OUT_19916,118.8
OUT_19917,133.21
OUT_19918,112.6
OUT_19919,124.32
OUT_19920,138.12
OUT_19921,338.98
OUT_19922,119.65
OUT_19923,322.31
OUT_19924,110.95
OUT_19925,325.51
OUT_19926,104.59
OUT_19927,105.5
OUT_19928,337.58
OUT_19929,324.86
OUT_19930,125.72
OUT_19931,360.58
OUT_19932,116.95
OUT_19933,144.92
OUT_19934,971.21
OUT_19935,976.58
OUT_19936,88.49
OUT_19937,318.89
OUT_19938,118.9
OUT_19939,103.48
OUT_19940,1039.79
OUT_19941,1015.47
OUT_19942,95.41
OUT_19943,1009.03
OUT_19944,108.14
OUT_19945,127.17
OUT_19946,105.63
OUT_19947,980.31
OUT_19948,167.57
OUT_19949,87.78
OUT_19950,100.85
OUT_19951,1001.78
OUT_19952,90.33
OUT_19953,310.66
OUT_19954,989.88
OUT_19955,73.05
OUT_19956,83.76
OUT_19957,962.26
OUT_19958,121.66
OUT_19959,986.4
OUT_19960,1016.28
OUT_19961,190.94
OUT_19962,322.7
OUT_19963,97.02
OUT_19964,299.59
OUT_19965,325.58
OUT_19966,113.93
OUT_19967,90.09
OUT_19968,121.02
OUT_19969,98.08
OUT_19970,319.88
OUT_19971,321.11
OUT_19972,128.37
OUT_19973,119.65
OUT_19974,124.08
OUT_19975,333.32
OUT_19976,181.18
OUT_19977,2208.17
OUT_19978,1006.41
OUT_19979,332.52
OUT_19980,97.16
OUT_19981,104.72
OUT_19982,150.88
OUT_19983,83.79
OUT_19984,326.63
OUT_19985,978.63
OUT_19986,329.03
OUT_19987,130.99
OUT_19988,108.35
OUT_19989,101.03
OUT_19990,141.76
OUT_19991,1057.34
OUT_19992,324.9
OUT_19993,291.8
OUT_19994,298.4
OUT_19995,316.33
OUT_19996,322.96
OUT_19997,128.77
OUT_19998,309.75
OUT_19999,110.76
OUT_20000,67.97
